Plot no. ,Location,Env,Rep,Block,Genotype,Protein,SAAs,PDg
1051,WPR_2022,1,1,4,PI163589,21.05509279,0.107231478,0.810347295
1246,WPR_2022,1,1,7,PI175754,20.69160374,0.104756955,0.818679093
2016,WPR_2022,1,2,4,ILL151,21.99608338,0.070421022,0.812136548
1048,WPR_2022,1,1,4,PI178939,22.25301061,0.088723616,0.812503535
2271,WPR_2022,1,2,8,PI178939,22.9158338,0.117603841,0.822034816
1126,WPR_2022,1,1,1,PI178940,24.2563725,0.099418765,0.829535191
2140,WPR_2022,1,2,3,PI178940,27.38303528,0.178550463,0.849559323
1116,WPR_2022,1,1,4,ILL167,23.49780005,0.144599781,0.822776082
2120,WPR_2022,1,2,3,ILL167,24.58573476,0.148566413,0.828921829
2146,WPR_2022,1,2,4,PI178971,21.48121065,0.115809245,0.815960472
1157,WPR_2022,1,1,1,PI179324,21.38871728,0.118114784,0.815545607
1058,WPR_2022,1,1,2,ILL186,22.72242647,0.119815334,0.821810904
2234,WPR_2022,1,2,7,ILL186,22.53980675,0.139262399,0.836465633
1060,WPR_2022,1,1,2,PI181771,23.53035431,0.132641591,0.820333851
1306,WPR_2022,1,1,8,PI181886,23.65451853,0.144874862,0.822529025
2054,WPR_2022,1,2,3,PI181886,20.13196123,0.089977285,0.803122074
2109,WPR_2022,1,2,4,PI182217,22.82949624,0.135491417,0.830747517
1180,WPR_2022,1,1,8,PI193547,21.46504971,0.127933943,0.811830194
2279,WPR_2022,1,2,7,PI193548,20.29032051,0.079188591,0.805081461
1185,WPR_2022,1,1,6,PI193817,19.67127211,0.116497768,0.796322608
2090,WPR_2022,1,2,2,PI193817,22.24791036,0.139625324,0.832318123
1049,WPR_2022,1,1,4,PI207492,21.35634865,0.103285315,0.815949114
2270,WPR_2022,1,2,8,PI207492,22.48981483,0.113052159,0.818717412
2055,WPR_2022,1,2,3,ILL211,22.87426863,0.139950846,0.831316922
1143,WPR_2022,1,1,4,PI211052,22.69747277,0.140577608,0.820902781
1207,WPR_2022,1,1,8,PI211602,22.2878728,0.125338564,0.833352117
2226,WPR_2022,1,2,5,PI211602,22.97945171,0.129142349,0.826438274
1107,WPR_2022,1,1,3,PI212100,21.1788524,0.103390016,0.805061438
2079,WPR_2022,1,2,4,PI212100,23.02038226,0.157061533,0.825468099
1024,WPR_2022,1,1,3,ILL217,20.11216371,0.098633553,0.803000845
2201,WPR_2022,1,2,7,ILL217,22.07456363,0.10153726,0.813420544
1312,WPR_2022,1,1,7,PI217949,21.34678564,0.103613515,0.807519574
2150,WPR_2022,1,2,3,PI217949,21.90186342,0.131973609,0.824375371
1212,WPR_2022,1,1,8,PI238758,21.974268,0.082075765,0.823443798
2013,WPR_2022,1,2,4,PI238758,23.22693097,0.07227873,0.819364653
1302,WPR_2022,1,1,8,PI250156,22.12627731,0.103083014,0.799807122
2247,WPR_2022,1,2,7,PI250156,19.64102213,0.096592254,0.800304938
1019,WPR_2022,1,1,4,PI251032,22.09468319,0.120579175,0.819082499
2232,WPR_2022,1,2,6,PI251032,22.17353175,0.11099037,0.813392648
2075,WPR_2022,1,2,3,PI251248,24.54557132,0.144491851,0.836438623
1026,WPR_2022,1,1,2,PI251784,22.91061691,0.076301701,0.820834839
1122,WPR_2022,1,1,2,ILL241,23.5671776,0.14698324,0.832497961
2252,WPR_2022,1,2,6,ILL241,21.41374205,0.112553346,0.814277417
1236,WPR_2022,1,1,7,PI280686,22.358739,0.128411709,0.812611614
2040,WPR_2022,1,2,2,PI280686,26.37533536,0.171642403,0.880851012
1288,WPR_2022,1,1,5,PI283604,21.95843783,0.101658055,0.822638517
2302,WPR_2022,1,2,8,PI283604,22.87747056,0.12125739,0.819325379
1313,WPR_2022,1,1,6,PI289066,23.43005367,0.129999251,0.827564777
2280,WPR_2022,1,2,7,PI289066,23.8051847,0.110868151,0.82669692
1075,WPR_2022,1,1,3,PI289070,26.32459163,0.17428909,0.846967127
2220,WPR_2022,1,2,6,PI289070,24.100338,0.161724409,0.833350119
2309,WPR_2022,1,2,7,PI289073,22.02407097,0.096613654,0.809042728
1245,WPR_2022,1,1,7,PI289077,21.59128198,0.139248013,0.818556979
2130,WPR_2022,1,2,1,PI289077,22.30570886,0.148517867,0.818455678
2187,WPR_2022,1,2,6,PI289079,24.46825989,0.108869592,0.823798231
2318,WPR_2022,1,2,5,PI290716,20.59203656,0.102207874,0.800581944
1171,WPR_2022,1,1,7,PI297284,22.35636815,0.110513482,0.814571652
2100,WPR_2022,1,2,1,PI297284,25.55262223,0.148880165,0.82492957
1273,WPR_2022,1,1,8,PI297285,22.94287304,0.112897307,0.819643062
2278,WPR_2022,1,2,7,PI297285,22.0458424,0.114343737,0.827400715
1174,WPR_2022,1,1,8,ILL1922,20.78075992,0.109641997,0.808185255
1285,WPR_2022,1,1,5,PI297287,22.5863504,0.105773465,0.820820215
1247,WPR_2022,1,1,7,PI297767,21.86555664,0.117707279,0.820181042
1055,WPR_2022,1,1,3,PI297772,22.71985074,0.091195838,0.821958938
2243,WPR_2022,1,2,8,PI297772,24.38658449,0.122396835,0.827102367
1242,WPR_2022,1,1,8,PI297787,20.98112764,0.107547117,0.815330452
1290,WPR_2022,1,1,5,ILL324,23.76530227,0.076998344,0.819788905
1187,WPR_2022,1,1,6,PI298121,23.85985557,0.120631967,0.82744695
1202,WPR_2022,1,1,7,PI298122,21.23267844,0.088807434,0.814367133
2047,WPR_2022,1,2,4,PI298122,24.73703161,0.12077116,0.831173063
1021,WPR_2022,1,1,3,PI298357,22.49726553,0.126322217,0.816198183
1190,WPR_2022,1,1,5,PI298631,23.88357077,0.11375929,0.833236349
1167,WPR_2022,1,1,6,PI298644,23.97045042,0.142638607,0.832760414
2263,WPR_2022,1,2,6,PI298645,23.75918531,0.124597198,0.81436086
1280,WPR_2022,1,1,7,ILL341,22.6602843,0.150691453,0.824678879
2135,WPR_2022,1,2,2,ILL341,24.89164744,0.134934749,0.841246434
2216,WPR_2022,1,2,7,PI298922,22.240423,0.086074085,0.83057014
1006,WPR_2022,1,1,2,PI298923,19.51321059,0.100729872,0.807162161
2273,WPR_2022,1,2,8,PI298923,25.74868,0.190317262,0.842814575
2199,WPR_2022,1,2,6,ILL344,22.68318944,0.100393412,0.824152884
1176,WPR_2022,1,1,8,PI299116,22.07043518,0.111785598,0.814762779
2029,WPR_2022,1,2,1,PI299116,20.81957769,0.060948194,0.809930715
1096,WPR_2022,1,1,1,PI299120,21.02427987,0.068954344,0.809893118
2060,WPR_2022,1,2,2,PI299120,22.21142743,0.087756034,0.819041422
1305,WPR_2022,1,1,8,PI299121,24.40578556,0.109326359,0.804762063
1144,WPR_2022,1,1,4,ILL357,20.82272109,0.099020434,0.807773059
2131,WPR_2022,1,2,1,ILL357,22.11494719,0.099294511,0.813628488
1155,WPR_2022,1,1,2,ILL359,22.52837401,0.084591959,0.817911679
1008,WPR_2022,1,1,2,ILL360,22.84783973,0.093992489,0.813971554
2036,WPR_2022,1,2,1,ILL360,24.62100626,0.131588854,0.837380682
1295,WPR_2022,1,1,6,PI299163,28.26143855,0.154009366,0.848080216
1209,WPR_2022,1,1,8,PI299164,21.96432278,0.119427202,0.814969037
1053,WPR_2022,1,1,3,PI299207,23.80001296,0.121683268,0.82628142
2057,WPR_2022,1,2,2,PI299207,26.053126,0.158822296,0.833422949
1308,WPR_2022,1,1,8,PI299215,24.5377291,0.143867609,0.819342222
2065,WPR_2022,1,2,1,PI299215,22.56014302,0.132812668,0.819590825
1169,WPR_2022,1,1,7,PI299237,22.78530186,0.128927749,0.82357197
2291,WPR_2022,1,2,5,PI299237,22.1685944,0.14183017,0.823243729
1014,WPR_2022,1,1,4,ILL413,23.116119,0.133712906,0.830056133
1261,WPR_2022,1,1,6,PI299285,24.11434182,0.141459445,0.8346153
2284,WPR_2022,1,2,6,PI299285,23.24069129,0.131316594,0.823504283
2162,WPR_2022,1,2,5,PI299289,23.02831542,0.122662694,0.824241489
1018,WPR_2022,1,1,4,ILL435,22.83126021,0.11303449,0.823942959
1149,WPR_2022,1,1,3,ILL440,23.37699886,0.129708802,0.824243068
2133,WPR_2022,1,2,2,ILL440,26.72381365,0.158859871,0.852583792
1175,WPR_2022,1,1,8,ILL454,21.99497062,0.096008871,0.821230242
2215,WPR_2022,1,2,7,ILL454,23.60951143,0.087301448,0.837003208
1166,WPR_2022,1,1,6,PI299351,20.77734476,0.113481236,0.806139145
2313,WPR_2022,1,2,6,PI299351,21.46054949,0.132183515,0.815645384
2121,WPR_2022,1,2,2,PI299366,25.54020627,0.130370559,0.841956008
1056,WPR_2022,1,1,3,PI299371,21.67915528,0.090337562,0.803255024
2127,WPR_2022,1,2,1,PI299371,24.99469371,0.126097998,0.832238713
2277,WPR_2022,1,2,7,ILL469,20.50421985,0.090488157,0.811959793
1253,WPR_2022,1,1,5,PI300250,21.41374266,0.105257348,0.821089925
2238,WPR_2022,1,2,8,PI300250,21.69255113,0.096283273,0.815920292
1248,WPR_2022,1,1,7,ILL482,21.92730817,0.121380304,0.814693793
1239,WPR_2022,1,1,8,ILL486,24.62175373,0.110046443,0.826119224
2316,WPR_2022,1,2,6,ILL486,20.90629508,0.129287616,0.80620258
1125,WPR_2022,1,1,1,PI308614,22.70673867,0.15682863,0.816287573
2312,WPR_2022,1,2,7,PI308614,21.56912655,0.098439086,0.802395694
1191,WPR_2022,1,1,5,PI311107,21.7872599,0.129375319,0.814178011
2076,WPR_2022,1,2,3,PI311107,21.9387171,0.097786819,0.81848744
1311,WPR_2022,1,1,7,PI312175,22.36047373,0.090327172,0.819663782
2043,WPR_2022,1,2,3,PI312175,22.35425739,0.121367595,0.812270653
1297,WPR_2022,1,1,7,PI320935,24.09577711,0.149191678,0.833778554
2063,WPR_2022,1,2,1,PI320935,23.50732727,0.100651827,0.840173207
1128,WPR_2022,1,1,1,PI320936,22.58602034,0.098199588,0.811847542
2046,WPR_2022,1,2,4,PI320936,21.81328804,0.100281961,0.818702346
1156,WPR_2022,1,1,2,PI320937,22.99749196,0.126516802,0.815176922
2304,WPR_2022,1,2,8,PI320937,23.22831259,0.103888236,0.820511715
1182,WPR_2022,1,1,7,ILL507,22.34254889,0.159374672,0.818590576
2231,WPR_2022,1,2,6,ILL508,24.01272654,0.140749222,0.821929782
1206,WPR_2022,1,1,8,PI320941,23.27143903,0.136533904,0.825443526
1092,WPR_2022,1,1,2,PI320944,24.52513619,0.111498137,0.837295757
2143,WPR_2022,1,2,4,PI320944,24.91603244,0.124649783,0.830214535
1130,WPR_2022,1,1,1,PI320952,23.75911609,0.131902129,0.815963481
2153,WPR_2022,1,2,2,PI320952,25.14200671,0.131467176,0.8297931
1196,WPR_2022,1,1,5,PI329157,24.01039233,0.114982014,0.813989301
2261,WPR_2022,1,2,6,PI329157,22.67577556,0.141213555,0.819912283
1291,WPR_2022,1,1,5,PI329167,25.1828417,0.137680049,0.83191669
1293,WPR_2022,1,1,6,ILL537,25.4800924,0.144854344,0.833415937
2296,WPR_2022,1,2,6,ILL537,22.09273906,0.088249659,0.820636361
2196,WPR_2022,1,2,5,PI339283,23.04359609,0.131979746,0.815147786
1046,WPR_2022,1,1,4,PI339285,24.57006697,0.168355212,0.82718958
2250,WPR_2022,1,2,6,PI339285,22.1088715,0.124780433,0.816258391
2299,WPR_2022,1,2,7,PI339289,22.69643775,0.130148648,0.826860687
1262,WPR_2022,1,1,6,PI339292,21.35777588,0.116391399,0.814954999
2307,WPR_2022,1,2,8,PI339292,24.14519463,0.141385058,0.808537557
1089,WPR_2022,1,1,2,ILL567,22.56067856,0.162445336,0.825252351
2102,WPR_2022,1,2,2,ILL567,23.00764077,0.124621319,0.824654387
1158,WPR_2022,1,1,1,PI339310,21.99977999,0.118304955,0.822020351
2259,WPR_2022,1,2,5,ILL589,23.53532413,0.150563437,0.829272872
1224,WPR_2022,1,1,5,PI343026,22.95371389,0.117835094,0.819150877
1243,WPR_2022,1,1,8,ILL600,20.83906773,0.080754397,0.818849838
2114,WPR_2022,1,2,4,ILL600,23.7044241,0.107201215,0.827268612
1199,WPR_2022,1,1,6,PI345627,22.94465416,0.094840325,0.817011507
1298,WPR_2022,1,1,7,ILL610,23.47872193,0.130652448,0.81136218
2094,WPR_2022,1,2,1,ILL610,25.45699608,0.169570327,0.83929486
1183,WPR_2022,1,1,7,PI357225,20.55447194,0.095839926,0.81029785
2197,WPR_2022,1,2,6,PI357225,22.8196313,0.102336389,0.820439925
2249,WPR_2022,1,2,6,PI358602,25.0431935,0.143477571,0.8327212
1124,WPR_2022,1,1,2,PI368647,23.55016793,0.131018223,0.815346666
1250,WPR_2022,1,1,6,PI368651,24.64823171,0.15850628,0.832474558
2203,WPR_2022,1,2,7,PI368651,22.60756767,0.121091685,0.824645983
1106,WPR_2022,1,1,3,PI370481,25.25293449,0.167313877,0.823546923
1080,WPR_2022,1,1,4,PI374116,25.1678842,0.147932138,0.843345034
2283,WPR_2022,1,2,6,PI374116,22.08690901,0.117750134,0.820192432
1112,WPR_2022,1,1,4,ILL1938,23.69863882,0.128283167,0.827896982
2086,WPR_2022,1,2,3,ILL1938,24.05415123,0.13205291,0.840123227
2041,WPR_2022,1,2,3,ILL1939,23.21583319,0.151664229,0.806639654
2030,WPR_2022,1,2,1,ILL1940,23.62885356,0.112142907,0.844877953
1301,WPR_2022,1,1,8,PI374120,25.10586937,0.110372898,0.819224812
2012,WPR_2022,1,2,3,PI374120,22.5446356,0.073549073,0.816381657
2022,WPR_2022,1,2,3,PI374121,21.36701664,0.090298808,0.813801012
1123,WPR_2022,1,1,2,PI379368,23.20470223,0.135187286,0.810174167
2213,WPR_2022,1,2,7,PI379368,22.34270319,0.089432046,0.821706869
1259,WPR_2022,1,1,5,PI383682,23.32121183,0.181438626,0.832962216
2152,WPR_2022,1,2,3,PI383682,24.75191289,0.177944903,0.842801769
1105,WPR_2022,1,1,3,PI412922,20.52787578,0.090731494,0.805928734
2211,WPR_2022,1,2,8,PI412922,22.73953361,0.133272902,0.824250573
1271,WPR_2022,1,1,8,PI420818,20.91668946,0.109692845,0.807798671
2132,WPR_2022,1,2,1,PI420818,22.96890266,0.124710983,0.824730821
1030,WPR_2022,1,1,1,PI420924,22.62010977,0.126370597,0.813336172
2282,WPR_2022,1,2,6,PI420924,22.51879924,0.117200058,0.815680294
1120,WPR_2022,1,1,3,PI420925,23.22978412,0.139964575,0.809066787
2286,WPR_2022,1,2,5,PI420925,21.3340113,0.091253646,0.810831972
1104,WPR_2022,1,1,2,PI420929,20.16139614,0.081475251,0.801663807
2020,WPR_2022,1,2,4,PI420929,20.37924943,0.078211627,0.795622168
1065,WPR_2022,1,1,1,PI426202,22.84924269,0.116500541,0.820270233
2084,WPR_2022,1,2,4,PI426202,26.61268356,0.175407694,0.869842257
1117,WPR_2022,1,1,3,PI426778,23.55307687,0.147471157,0.819773558
2180,WPR_2022,1,2,8,PI426778,24.1764511,0.132918766,0.832788422
1286,WPR_2022,1,1,5,PI426784,20.73088612,0.104568043,0.807650513
2078,WPR_2022,1,2,4,PI426784,21.46619714,0.118525852,0.81859039
1052,WPR_2022,1,1,4,PI426797,19.47430055,0.051609911,0.809531256
2184,WPR_2022,1,2,7,PI426797,19.83148328,0.088945926,0.815045148
1087,WPR_2022,1,1,3,PI426807,21.57739364,0.127348967,0.804842774
2306,WPR_2022,1,2,8,PI426807,21.7648127,0.121626578,0.821633488
1068,WPR_2022,1,1,1,PI429369,23.36443862,0.15020822,0.830033195
2117,WPR_2022,1,2,3,PI429369,27.38942538,0.200882122,0.869507167
1264,WPR_2022,1,1,6,PI429838,22.99369042,0.111725684,0.82771307
2241,WPR_2022,1,2,8,PI429838,21.97872635,0.137162635,0.821341675
1240,WPR_2022,1,1,8,PI431613,23.38746935,0.129838248,0.828091518
2288,WPR_2022,1,2,5,PI431613,22.2476619,0.098401041,0.816901737
1244,WPR_2022,1,1,8,PI431618,22.88686262,0.142289395,0.816805892
2314,WPR_2022,1,2,6,PI431618,22.34943166,0.127666609,0.818536678
1111,WPR_2022,1,1,4,PI431622,23.07202718,0.125591415,0.810964738
1215,WPR_2022,1,1,7,PI431624,22.16199076,0.123044233,0.820267205
1219,WPR_2022,1,1,6,PI431630,22.02183985,0.122603021,0.820720208
2293,WPR_2022,1,2,6,PI431630,22.82074444,0.133308497,0.830409756
1255,WPR_2022,1,1,5,PI431631,22.39490885,0.135720916,0.830370783
2010,WPR_2022,1,2,3,PI431631,22.77924147,0.115363566,0.815031105
1098,WPR_2022,1,1,1,ILL969,21.54548752,0.087665902,0.815428437
2264,WPR_2022,1,2,6,ILL969,25.11614089,0.156972143,0.841277296
2305,WPR_2022,1,2,8,PI431633,21.13364309,0.111830568,0.810238194
1258,WPR_2022,1,1,5,PI431636,22.48444912,0.143669174,0.820107893
2033,WPR_2022,1,2,1,PI431640,25.61963873,0.16739744,0.841254811
1102,WPR_2022,1,1,2,PI431642,23.00435775,0.118763234,0.815537125
1265,WPR_2022,1,1,7,PI431643,22.85437367,0.120435718,0.817612341
2217,WPR_2022,1,2,6,PI431643,24.22449009,0.150257087,0.829834252
1067,WPR_2022,1,1,1,PI431656,23.29047678,0.148538244,0.832550974
1029,WPR_2022,1,1,1,ILL906,20.09844138,0.081373164,0.798150533
1131,WPR_2022,1,1,1,PI431663,21.10420166,0.104066241,0.811398339
2319,WPR_2022,1,2,5,PI431663,22.81008209,0.113963448,0.817768812
1318,WPR_2022,1,1,5,PI431666,24.90515927,0.181520313,0.826895694
2266,WPR_2022,1,2,7,PI431666,21.04091783,0.128989387,0.812803244
1197,WPR_2022,1,1,6,PI431675,20.52460278,0.105880362,0.803150953
2285,WPR_2022,1,2,5,PI431675,22.60468323,0.126985594,0.814283803
1296,WPR_2022,1,1,6,PI431679,25.0127601,0.196918842,0.822301432
2223,WPR_2022,1,2,5,PI431679,23.27526353,0.162510519,0.83184529
2317,WPR_2022,1,2,5,PI431684,21.63282897,0.103774174,0.819708304
1179,WPR_2022,1,1,8,PI431710,21.20986489,0.104609886,0.807407588
2301,WPR_2022,1,2,8,PI431710,22.82741339,0.161557236,0.8205877
1133,WPR_2022,1,1,2,PI431712,21.97041032,0.138273952,0.811958725
2105,WPR_2022,1,2,3,PI431712,25.29257032,0.145509257,0.82620575
1272,WPR_2022,1,1,8,PI431714,21.72917136,0.122987843,0.810918287
1201,WPR_2022,1,1,7,PI431717,23.14140472,0.128497956,0.81909174
2071,WPR_2022,1,2,2,PI431717,27.74618943,0.205349627,0.876106652
1094,WPR_2022,1,1,1,PI431728,23.19101274,0.146208638,0.833356335
2297,WPR_2022,1,2,7,PI431728,22.10830269,0.134243475,0.814335656
2125,WPR_2022,1,2,1,PI431731,24.10275545,0.141866974,0.826460057
1093,WPR_2022,1,1,1,PI431739,24.07879435,0.152057932,0.828803814
2276,WPR_2022,1,2,8,PI431739,24.44538783,0.15733544,0.82973672
1289,WPR_2022,1,1,5,PI431753,21.77190056,0.118696359,0.813383402
1012,WPR_2022,1,1,3,PI431756,20.53420417,0.119487858,0.79693502
2052,WPR_2022,1,2,4,PI431756,23.12263257,0.146759919,0.824975438
1150,WPR_2022,1,1,3,PI431768,21.36688726,0.115382036,0.81253635
2081,WPR_2022,1,2,4,PI431768,20.83599999,0.082320049,0.809381657
1304,WPR_2022,1,1,8,PI431780,22.35629665,0.10811103,0.807572726
2265,WPR_2022,1,2,7,PI431780,20.85541809,0.110472647,0.807821084
1050,WPR_2022,1,1,4,PI431809,21.26737255,0.11069537,0.815558323
2274,WPR_2022,1,2,8,PI431809,21.69319386,0.127154482,0.814088867
1232,WPR_2022,1,1,6,PI431824,22.35718634,0.12317759,0.818784621
2072,WPR_2022,1,2,2,PI431863,23.99555068,0.132042961,0.825414417
1283,WPR_2022,1,1,6,PI431873,22.61284968,0.121804791,0.819919688
1200,WPR_2022,1,1,6,PI431884,22.21283303,0.094531726,0.808375175
2113,WPR_2022,1,2,4,PI431884,24.96461208,0.116746224,0.81937858
1134,WPR_2022,1,1,2,PI431888,23.42003387,0.159620186,0.815462068
1036,WPR_2022,1,1,1,PI431893,20.3016703,0.064654516,0.808391331
2308,WPR_2022,1,2,8,PI431893,24.93914837,0.224951081,0.845890253
2311,WPR_2022,1,2,7,PI431923,21.94861728,0.124202554,0.817544893
1231,WPR_2022,1,1,6,PI431987,22.11766672,0.09877503,0.820916601
2061,WPR_2022,1,2,1,PI431987,24.86075569,0.140656469,0.835825068
1099,WPR_2022,1,1,1,PI432000,22.36646043,0.093014274,0.812139554
2235,WPR_2022,1,2,7,PI432000,23.86175223,0.138901318,0.83811405
1282,WPR_2022,1,1,6,PI432001,22.1517068,0.135955923,0.813424666
1034,WPR_2022,1,1,1,PI432002,22.2528573,0.101700275,0.812255393
2303,WPR_2022,1,2,8,PI432002,20.95321099,0.098859136,0.813214515
1178,WPR_2022,1,1,8,PI432005,21.26366436,0.119263914,0.807152594
2005,WPR_2022,1,2,2,PI432005,22.05057553,0.108953215,0.802992355
1086,WPR_2022,1,1,3,PI432028,29.73509819,0.127805617,0.885434137
2272,WPR_2022,1,2,8,PI432028,22.65185419,0.157806517,0.823193324
1081,WPR_2022,1,1,4,PI432033,22.54276753,0.13767427,0.81521533
1140,WPR_2022,1,1,3,PI432059,26.87498367,0.180375819,0.835214799
2093,WPR_2022,1,2,1,PI432059,23.50848515,0.158156872,0.823967125
2229,WPR_2022,1,2,6,PI432071,24.30345061,0.113728618,0.827414669
1141,WPR_2022,1,1,4,PI432085,23.49499529,0.144817477,0.820428237
1066,WPR_2022,1,1,1,PI432087,22.69123739,0.127989426,0.839399588
2007,WPR_2022,1,2,2,PI432087,20.21990339,0.093048372,0.806948574
1007,WPR_2022,1,1,2,PI432106,22.42388855,0.128837289,0.834080327
1203,WPR_2022,1,1,7,PI432124,23.79105064,0.152449298,0.822971754
1043,WPR_2022,1,1,3,PI432145,22.84267574,0.111382256,0.812836163
2123,WPR_2022,1,2,2,PI432145,23.79270929,0.164712926,0.828052272
1001,WPR_2022,1,1,1,PI432147,20.65771096,0.067183171,0.806687633
1148,WPR_2022,1,1,4,PI432184,23.99700322,0.134666623,0.826883395
2037,WPR_2022,1,2,2,PI432184,24.73762111,0.164578063,0.831477539
1054,WPR_2022,1,1,3,PI432185,22.55260352,0.098935253,0.810285411
1254,WPR_2022,1,1,5,PI432188,22.85663281,0.127220057,0.808266958
2026,WPR_2022,1,2,2,PI432188,21.13184923,0.099070883,0.814096079
1027,WPR_2022,1,1,2,PI432190,20.71083999,0.080821135,0.810830513
2310,WPR_2022,1,2,7,PI432190,22.39013097,0.097743168,0.816151379
1011,WPR_2022,1,1,3,PI432201,21.57801904,0.075878093,0.810028292
1237,WPR_2022,1,1,8,PI432212,21.37751444,0.105863804,0.813912985
1088,WPR_2022,1,1,3,PI432236,23.04172291,0.146104793,0.824027629
2014,WPR_2022,1,2,4,PI432236,23.73906546,0.173853952,0.818158427
1108,WPR_2022,1,1,3,PI432237,22.403189,0.086212007,0.817875589
2251,WPR_2022,1,2,6,PI432237,22.32767121,0.100859286,0.825365098
1160,WPR_2022,1,1,1,PI432245,21.15909501,0.097072896,0.800791613
2237,WPR_2022,1,2,8,PI432245,22.40712401,0.120863571,0.822459711
2320,WPR_2022,1,2,5,PI432259,24.64377202,0.167147764,0.833419066
1292,WPR_2022,1,1,5,PI432286,25.11028025,0.1617573,0.810146058
2295,WPR_2022,1,2,6,PI435954,20.60779395,0.107762474,0.815036076
1170,WPR_2022,1,1,7,PI451763,21.01680148,0.102933369,0.818986686
1198,WPR_2022,1,1,6,PI451766,23.58364455,0.124732721,0.817006045
2242,WPR_2022,1,2,8,PI451766,23.36540224,0.106246987,0.83235291
1310,WPR_2022,1,1,7,PI458503,23.72323696,0.103971831,0.823946794
2108,WPR_2022,1,2,3,PI458503,21.1435079,0.078749343,0.822790264
1079,WPR_2022,1,1,4,PI468899,25.16290536,0.124972835,0.822352742
2106,WPR_2022,1,2,3,PI468899,24.85615387,0.130597101,0.838503453
1204,WPR_2022,1,1,7,PI468900,22.13987006,0.103697742,0.823398554
2181,WPR_2022,1,2,7,PI468900,22.63573197,0.090102947,0.82567334
1023,WPR_2022,1,1,3,PI468901,23.46126524,0.096830607,0.821077935
2082,WPR_2022,1,2,4,PI468901,24.64068669,0.135468855,0.837709762
1132,WPR_2022,1,1,1,PI468902,22.95133902,0.095519101,0.823731761
2088,WPR_2022,1,2,3,PI471916,24.24187389,0.126460775,0.825042592
1210,WPR_2022,1,1,8,PI471917,22.60960839,0.075164605,0.824659681
2183,WPR_2022,1,2,7,PI471917,22.41336965,0.097130065,0.824243541
2289,WPR_2022,1,2,5,PI472119,21.11563246,0.095173033,0.812068639
1300,WPR_2022,1,1,7,PI472126,22.05625647,0.128961998,0.805007466
2042,WPR_2022,1,2,3,PI472126,23.81473785,0.150599245,0.813680866
2091,WPR_2022,1,2,2,PI472136,21.70581053,0.107063096,0.812103385
2294,WPR_2022,1,2,6,PI472137,20.57584857,0.114206096,0.812835307
1015,WPR_2022,1,1,4,PI472143,20.39608663,0.072901597,0.799656843
2126,WPR_2022,1,2,1,PI472143,24.30386124,0.129989197,0.828804011
1097,WPR_2022,1,1,1,PI472161,20.16915818,0.100471565,0.799138437
2275,WPR_2022,1,2,8,PI472161,19.59837599,0.102962555,0.800532661
1110,WPR_2022,1,1,4,PI472175,21.48089266,0.113235897,0.800989094
1138,WPR_2022,1,1,3,PI472188,21.4174003,0.129054746,0.800173385
2051,WPR_2022,1,2,4,PI472188,22.17963961,0.123505555,0.812199467
1315,WPR_2022,1,1,6,PI472194,22.3392891,0.10335837,0.809283057
2083,WPR_2022,1,2,4,PI472194,25.78449945,0.170709619,0.852651545
2103,WPR_2022,1,2,2,PI472195,21.38711696,0.097657947,0.811560841
1279,WPR_2022,1,1,7,PI472205,21.85299735,0.113743376,0.810109809
2186,WPR_2022,1,2,6,PI472205,20.43550264,0.090940063,0.800015435
1044,WPR_2022,1,1,3,PI472213,19.52803097,0.090503885,0.796995827
2107,WPR_2022,1,2,3,PI472224,21.71788596,0.115950867,0.825493519
2021,WPR_2022,1,2,3,PI472274,20.92185731,0.108299651,0.803999015
2255,WPR_2022,1,2,5,PI472316,20.36722002,0.095134741,0.819272842
1004,WPR_2022,1,1,1,PI472320,20.67141335,0.097797973,0.801912654
2139,WPR_2022,1,2,3,PI472320,23.56217291,0.110608482,0.819514627
2138,WPR_2022,1,2,3,PI472331,20.25494089,0.088503295,0.806164689
1284,WPR_2022,1,1,6,PI472339,19.90510298,0.104157553,0.799887385
2080,WPR_2022,1,2,4,PI472340,22.18599653,0.13636454,0.80824535
1009,WPR_2022,1,1,3,PI472354,20.91779667,0.090568823,0.802201521
2248,WPR_2022,1,2,7,PI472354,20.99975547,0.109193293,0.810074941
1274,WPR_2022,1,1,8,PI472372,20.21787675,0.10172661,0.797826664
2116,WPR_2022,1,2,4,PI472372,21.27417394,0.127212107,0.812354974
1025,WPR_2022,1,1,2,PI472383,20.77844948,0.083304265,0.801793348
2048,WPR_2022,1,2,4,PI472383,22.83771068,0.120993099,0.816872872
1047,WPR_2022,1,1,4,PI472400,21.70214041,0.123069352,0.807322941
2230,WPR_2022,1,2,6,PI472400,22.55765512,0.142096973,0.814939219
2225,WPR_2022,1,2,5,PI472416,22.22218174,0.146366304,0.822890807
1278,WPR_2022,1,1,7,PI472452,20.30731415,0.091509035,0.80436184
2315,WPR_2022,1,2,6,PI472452,21.11346434,0.095168179,0.795762063
1016,WPR_2022,1,1,4,PI472488,18.82997133,0.073749502,0.810013705
2212,WPR_2022,1,2,8,PI472488,19.66094994,0.117915378,0.802982824
1168,WPR_2022,1,1,6,PI472535,19.71488894,0.079915978,0.798919304
2258,WPR_2022,1,2,5,PI472535,20.3766008,0.071127588,0.807467434
1188,WPR_2022,1,1,6,PI472549,19.72994207,0.093810866,0.799355483
2178,WPR_2022,1,2,8,PI472559,21.00097308,0.12128792,0.812130441
1299,WPR_2022,1,1,7,PI472561,22.85464313,0.131114611,0.811853748
2281,WPR_2022,1,2,6,PI472561,20.89913045,0.110011707,0.812585783
1229,WPR_2022,1,1,6,PI472562,20.34397842,0.063734977,0.799358202
2182,WPR_2022,1,2,7,PI472562,19.31926758,0.057974798,0.804062681
1142,WPR_2022,1,1,4,PI472564,23.0644922,0.134308915,0.812959716
2118,WPR_2022,1,2,3,PI472564,23.89772842,0.159781425,0.822732288
1184,WPR_2022,1,1,7,PI472569,20.06220549,0.092267043,0.805327384
2097,WPR_2022,1,2,1,PI472569,23.98930571,0.120820814,0.837133083
1294,WPR_2022,1,1,6,PI472588,25.30232614,0.138596812,0.82986372
2202,WPR_2022,1,2,7,PI472588,24.1232666,0.105390363,0.829917947
2298,WPR_2022,1,2,7,PI472590,22.44671924,0.12671884,0.820257383
1186,WPR_2022,1,1,6,PI472615,21.23753841,0.119870695,0.826674442
2019,WPR_2022,1,2,4,PI472615,21.35098662,0.084526999,0.807394425
1267,WPR_2022,1,1,7,PI472629,20.92477551,0.117866042,0.817037894
2062,WPR_2022,1,2,1,PI472629,25.58667317,0.135527184,0.845365147
1118,WPR_2022,1,1,3,PI472632,24.1184925,0.169048511,0.833946362
1228,WPR_2022,1,1,5,PI476365,24.03040293,0.120208606,0.825974161
2233,WPR_2022,1,2,7,PI476365,24.42887926,0.127881051,0.839765833
1077,WPR_2022,1,1,4,PI477921,22.95987816,0.111322484,0.82166699
1020,WPR_2022,1,1,4,PI486127,21.85118321,0.077460505,0.805943506
1136,WPR_2022,1,1,2,PI486128,22.96996096,0.101815375,0.818325201
2257,WPR_2022,1,2,5,PI486128,23.41069727,0.108651315,0.819181496
1061,WPR_2022,1,1,1,PI490288,23.54782892,0.12401202,0.82341935
2134,WPR_2022,1,2,2,PI490288,24.17304601,0.119212339,0.82634453
1235,WPR_2022,1,1,7,PI490289,21.4550095,0.10065613,0.819024493
2111,WPR_2022,1,2,4,PI490289,23.54148829,0.142024406,0.823634578
1249,WPR_2022,1,1,6,PI508090,23.67907272,0.125514062,0.838665133
2219,WPR_2022,1,2,6,PI508090,24.11557076,0.126199434,0.831632858
1022,WPR_2022,1,1,3,PI518732,21.83684003,0.085714039,0.809175722
1172,WPR_2022,1,1,7,PI518733,21.52486237,0.124719216,0.813557863
2244,WPR_2022,1,2,8,PI518733,24.51141775,0.150609316,0.827356975
1145,WPR_2022,1,1,4,PI518734,22.21745691,0.090683833,0.807954369
1225,WPR_2022,1,1,5,PI533688,22.8237724,0.126181431,0.836277462
2260,WPR_2022,1,2,5,PI533688,21.0462474,0.097257781,0.811267795
1227,WPR_2022,1,1,5,PI533690,22.50529852,0.120173815,0.815879511
1135,WPR_2022,1,1,2,PI533691,23.06209901,0.122488395,0.821462616
2287,WPR_2022,1,2,5,PI533691,21.07024656,0.111495524,0.809419117
1275,WPR_2022,1,1,8,PI533693,22.65038352,0.107663176,0.810652643
1317,WPR_2022,1,1,5,PI577168,24.92894504,0.123181956,0.814769619
2292,WPR_2022,1,2,5,PI577168,22.23468172,0.080424226,0.809279503
1100,WPR_2022,1,1,1,PI606570,20.66904768,0.09063315,0.809364355
1195,WPR_2022,1,1,5,ILL1220,22.15381682,0.125465918,0.812235927
2064,WPR_2022,1,2,1,ILL1220,24.36545905,0.17130141,0.821069593
1181,WPR_2022,1,1,7,W627754,21.35564811,0.119631578,0.834187874
1129,WPR_2022,1,1,1,W627756,24.51328817,0.124181246,0.827635375
2300,WPR_2022,1,2,7,W627756,24.86651878,0.150170735,0.841197066
1045,WPR_2022,1,1,4,W627758,20.16011653,0.091649638,0.801240432
1233,WPR_2022,1,1,7,W627759,24.44502257,0.050860019,0.855248045
1121,WPR_2022,1,1,2,W627760,22.06370365,0.127225528,0.811943584
2049,WPR_2022,1,2,4,W627760,21.34277584,0.091723818,0.811176916
1076,WPR_2022,1,1,3,W627761,22.71978009,0.159904797,0.824262832
2269,WPR_2022,1,2,8,W627761,20.63092591,0.12303734,0.799736916
1320,WPR_2022,1,1,5,W627762,22.47618715,0.110441927,0.810588703
2018,WPR_2022,1,2,4,W627762,20.13466594,0.070125062,0.802726667
1154,WPR_2022,1,1,2,W627763,21.51506908,0.113839322,0.809841366
1090,WPR_2022,1,1,2,W627765,22.31053751,0.107300865,0.821258941
2122,WPR_2022,1,2,2,W627765,22.94157865,0.094733104,0.821492255
1211,WPR_2022,1,1,8,W627766,19.14425658,0.064602337,0.804913877
2115,WPR_2022,1,2,4,W627766,19.35867902,0.068425749,0.810912568
1164,WPR_2022,1,1,5,W627768,19.84253562,0.088574867,0.802612888
2236,WPR_2022,1,2,7,W627768,19.85435242,0.093773022,0.799340018
1035,WPR_2022,1,1,1,W627780,20.55129614,0.071481136,0.81220654
1082,WPR_2022,1,1,4,W627781,24.54816721,0.12969243,0.828736748
2148,WPR_2022,1,2,4,W627781,24.17699932,0.099703441,0.834450106
1033,WPR_2022,1,1,1,W627782,20.54299421,0.049985352,0.809805728
2137,WPR_2022,1,2,3,W627782,22.60223165,0.10035611,0.825107421
1148,WPR_2023,2,1,3,PI163589,26.10694436,0.187398175,0.857221362
1463,WPR_2023,2,2,3,PI163589,22.18425817,0.065946662,0.848264792
1117,WPR_2023,2,1,4,PI169534,24.44086401,0.05651677,0.858910068
1422,WPR_2023,2,2,2,PI169534,23.38645644,0.118586906,0.835325205
1402,WPR_2023,2,2,1,PI178939,22.69027343,0.124304014,0.817210419
1575,WPR_2023,2,2,5,PI178940,22.92842594,0.047034775,0.823575758
1362,WPR_2023,2,2,1,PI178971,23.17895166,0.128199525,0.841850889
1409,WPR_2023,2,2,2,PI179324,24.11286556,0.123822819,0.826588896
1329,WPR_2023,2,2,1,ILL186,21.22016888,0.110570022,0.814981896
1355,WPR_2023,2,2,1,PI181771,23.17915819,0.058489042,0.838924389
1170,WPR_2023,2,1,4,PI181886,21.87640992,0.147524964,0.821864638
1618,WPR_2023,2,2,5,PI181886,23.15516788,0.126380074,0.831151426
1177,WPR_2023,2,1,3,PI182217,22.22666369,0.118164433,0.806801366
1278,WPR_2023,2,1,6,PI193547,23.80634111,0.175949538,0.836017227
1219,WPR_2023,2,1,5,PI193548,27.4885163,0.172781951,0.840790519
1353,WPR_2023,2,2,2,PI193817,22.60638176,0.136367912,0.817376247
1220,WPR_2023,2,1,5,PI207492,24.24758429,0.136404651,0.830374505
1284,WPR_2023,2,1,5,ILL211,23.32847221,0.130636938,0.816099361
1578,WPR_2023,2,2,5,ILL211,24.10573923,0.160651047,0.85225897
1184,WPR_2023,2,1,3,PI211052,20.82108679,0.021361579,0.838719412
1458,WPR_2023,2,2,4,ILL217,22.81962301,0.131727631,0.829508727
1495,WPR_2023,2,2,4,PI217949,23.31014533,0.10392269,0.831312361
1327,WPR_2023,2,2,1,PI250158,22.44587814,0.118612528,0.812005001
1251,WPR_2023,2,1,5,PI251032,21.84363244,0.034389013,0.819758073
1315,WPR_2023,2,1,6,PI251248,24.3742622,0.130911695,0.831382573
1262,WPR_2023,2,1,6,ILL241,23.10939429,0.147835735,0.835024522
1363,WPR_2023,2,2,1,PI280686,22.57054615,0.055037285,0.829507419
1104,WPR_2023,2,1,1,PI289066,24.66406579,0.121243401,0.844866609
1406,WPR_2023,2,2,2,PI289066,26.20444277,0.143903007,0.837010767
1107,WPR_2023,2,1,1,PI289070,25.5596138,0.173109434,0.854178189
1504,WPR_2023,2,2,3,PI289070,23.47759139,0.048918494,0.842056783
1372,WPR_2023,2,2,2,PI289073,23.41184681,0.004618338,0.839203335
1179,WPR_2023,2,1,3,PI289077,23.02855058,0.139679585,0.828111717
1392,WPR_2023,2,2,1,PI289077,22.73912005,0.057956703,0.828326209
1003,WPR_2023,2,1,1,PI289079,24.41415362,0.11362627,0.841372144
1312,WPR_2023,2,1,6,PI290716,22.61599468,0.098176365,0.828902562
1389,WPR_2023,2,2,2,PI297284,22.60332048,0.128325903,0.816591713
1063,WPR_2023,2,1,2,PI297285,23.94185992,0.093748826,0.833116667
1502,WPR_2023,2,2,3,ILL1922,24.35379549,0.102815747,0.833213138
1188,WPR_2023,2,1,4,PI297767,21.2643395,0.140986802,0.820623103
1609,WPR_2023,2,2,5,PI297767,24.91850306,0.145145641,0.839677648
1321,WPR_2023,2,1,5,PI297772,24.1451577,0.143468968,0.847905819
1471,WPR_2023,2,2,3,PI297772,20.65419659,0.091718527,0.799988099
1147,WPR_2023,2,1,3,PI297787,22.85570265,0.130286709,0.822592038
1073,WPR_2023,2,1,1,ILL324,24.21380381,0.083720621,0.840543303
1544,WPR_2023,2,2,5,ILL324,22.77767509,0.049076662,0.835069412
1601,WPR_2023,2,2,6,PI298023,21.3954037,0.119375934,0.832808157
1582,WPR_2023,2,2,5,PI298122,23.72759904,0.162939717,0.835112232
1171,WPR_2023,2,1,4,PI298631,24.17365606,0.114603424,0.850350258
1611,WPR_2023,2,2,5,PI298631,22.89853912,0.018575778,0.829815912
1480,WPR_2023,2,2,4,PI298644,23.67361048,0.150611257,0.816149869
1010,WPR_2023,2,1,2,PI298645,23.06367006,0.063333855,0.842048693
1358,WPR_2023,2,2,1,PI298645,21.91783239,0.019107208,0.827081688
1571,WPR_2023,2,2,5,ILL341,23.87919568,0.055384153,0.82400773
1622,WPR_2023,2,2,6,PI298922,23.5211025,0.117983796,0.843438161
1145,WPR_2023,2,1,3,PI298923,23.07380821,0.106889774,0.803716789
1243,WPR_2023,2,1,6,ILL344,22.17611393,0.108401588,0.807240584
1441,WPR_2023,2,2,4,ILL344,22.81910678,0.104551202,0.809163642
1357,WPR_2023,2,2,1,PI299116,22.03355201,0.041779754,0.830493289
1172,WPR_2023,2,1,4,PI299120,22.37263901,0.11167752,0.833979956
1349,WPR_2023,2,2,2,PI299120,23.8358929,0.133817255,0.83393472
1205,WPR_2023,2,1,4,PI299121,24.10431901,0.056047349,0.826699691
1503,WPR_2023,2,2,3,ILL357,22.40095229,0.137157739,0.814792171
1316,WPR_2023,2,1,6,ILL359,25.63847576,0.157479586,0.850324141
1006,WPR_2023,2,1,1,ILL360,24.58955538,0.150715802,0.846338303
1082,WPR_2023,2,1,2,PI299163,24.71978177,0.115190881,0.850171449
1365,WPR_2023,2,2,1,PI299177,23.27022842,0.057474594,0.83146683
1517,WPR_2023,2,2,4,PI299207,25.22167473,0.130145571,0.83048901
1248,WPR_2023,2,1,5,PI299215,23.83208017,0.117263852,0.82270221
1623,WPR_2023,2,2,6,PI299215,23.29824052,0.132582794,0.826424315
1071,WPR_2023,2,1,1,PI299237,20.87689471,0.036154486,0.818805893
1432,WPR_2023,2,2,1,PI299237,22.14068696,0.069202682,0.844803593
1614,WPR_2023,2,2,5,ILL413,23.34685549,0.133955048,0.834562784
1043,WPR_2023,2,1,2,PI299285,24.86229828,0.110337591,0.863617858
1646,WPR_2023,2,2,5,ILL440,23.6034138,0.125535674,0.832174853
1360,WPR_2023,2,2,1,ILL454,21.52229905,0.046933224,0.831300973
1351,WPR_2023,2,2,2,PI299354,22.54407692,0.123645679,0.831283265
1264,WPR_2023,2,1,6,PI299366,26.30023163,0.181351249,0.853876733
1332,WPR_2023,2,2,2,PI299371,24.65152787,0.127191791,0.844009887
1118,WPR_2023,2,1,4,ILL469,23.01353231,0.114643586,0.841025649
1364,WPR_2023,2,2,1,ILL469,21.92528733,0.006630412,0.825832109
1261,WPR_2023,2,1,6,PI300250,21.67262121,0.044023267,0.832684636
1437,WPR_2023,2,2,3,PI300250,22.04403021,0.138844056,0.81519127
1182,WPR_2023,2,1,3,ILL482,20.99727838,0.124071672,0.808477807
1477,WPR_2023,2,2,4,ILL482,20.02897825,0.019874953,0.813823661
1400,WPR_2023,2,2,1,ILL486,19.65684671,0.113048066,0.807474783
1032,WPR_2023,2,1,1,PI308614,25.21760922,0.15081536,0.838607973
1621,WPR_2023,2,2,6,PI308614,20.4925238,0.031771582,0.825040286
1212,WPR_2023,2,1,3,PI311107,22.29172738,0.038121308,0.835091714
1435,WPR_2023,2,2,3,PI311107,24.27216672,0.202754136,0.835153123
1228,WPR_2023,2,1,6,PI312175,23.94886418,0.140462853,0.851965294
1497,WPR_2023,2,2,4,PI312175,22.34330362,0.119580066,0.806993252
1229,WPR_2023,2,1,6,PI320935,22.02979926,0.033373697,0.841026158
1002,WPR_2023,2,1,1,PI320936,24.0548865,0.106217448,0.824301832
1542,WPR_2023,2,2,5,PI320936,22.35026684,0.040649191,0.819100532
1290,WPR_2023,2,1,5,PI320937,23.66533108,0.155307155,0.830294969
1500,WPR_2023,2,2,3,PI320937,23.31259036,0.137555945,0.828733823
1470,WPR_2023,2,2,3,ILL508,24.40328986,0.056307462,0.818939745
1152,WPR_2023,2,1,4,PI320941,23.17162396,0.108965249,0.832362929
1333,WPR_2023,2,2,2,PI320941,22.77728528,0.132817851,0.85009339
1352,WPR_2023,2,2,2,PI320944,23.89677656,0.136652628,0.833868843
1586,WPR_2023,2,2,6,PI320945,21.33826805,0.048548029,0.84240755
1007,WPR_2023,2,1,2,PI320952,23.33386938,0.063661112,0.822309575
1373,WPR_2023,2,2,2,PI320952,26.1851324,0.147510542,0.846715269
1401,WPR_2023,2,2,1,PI320953,23.72220797,0.129777512,0.825273592
1438,WPR_2023,2,2,3,PI320954,24.71297599,0.081073086,0.822392089
1176,WPR_2023,2,1,3,PI329157,23.81140441,0.077355148,0.835086256
1537,WPR_2023,2,2,3,PI329157,22.69399697,0.072498872,0.82484255
1218,WPR_2023,2,1,5,PI329167,24.48251164,0.235968225,0.839704448
1256,WPR_2023,2,1,5,PI329169,23.90370358,0.12852617,0.829396221
1541,WPR_2023,2,2,5,ILL537,24.45633358,0.158698597,0.835842507
1137,WPR_2023,2,1,4,PI339283,21.39165919,0.136920896,0.812096917
1397,WPR_2023,2,2,1,PI339283,23.6698208,0.104608503,0.838473076
1066,WPR_2023,2,1,2,ILL567,21.3434319,0.114548918,0.831121981
1546,WPR_2023,2,2,5,ILL567,22.798856,0.115579226,0.828065335
1141,WPR_2023,2,1,3,PI339310,23.54699942,0.160451877,0.83329408
1080,WPR_2023,2,1,2,PI343026,22.8136333,0.117562346,0.827153063
1564,WPR_2023,2,2,6,PI343026,22.4356699,0.044129641,0.838515691
1221,WPR_2023,2,1,5,ILL600,21.76936005,0.150330446,0.840372004
1648,WPR_2023,2,2,5,ILL600,23.7326576,0.125945034,0.836735888
1350,WPR_2023,2,2,2,ILL610,23.78963671,0.106128575,0.822772026
1241,WPR_2023,2,1,6,PI357225,26.00311165,0.139923259,0.847059788
1330,WPR_2023,2,2,1,PI368647,22.9505209,0.096103638,0.826835717
1292,WPR_2023,2,1,5,PI368651,24.51239285,0.151650552,0.845572623
1444,WPR_2023,2,2,4,PI368651,21.26366315,0.087778432,0.818053285
1027,WPR_2023,2,1,2,PI370481,21.64318007,0.123900681,0.811236478
1474,WPR_2023,2,2,3,PI370481,23.58762486,0.131170488,0.834263298
1550,WPR_2023,2,2,6,PI374116,25.33804378,0.098929503,0.845685265
1265,WPR_2023,2,1,6,ILL1938,25.75713182,0.157938234,0.836673901
1168,WPR_2023,2,1,4,ILL1940,24.42556769,0.125903608,0.826180731
1545,WPR_2023,2,2,5,ILL1940,24.75858242,0.178473203,0.834865599
1067,WPR_2023,2,1,1,PI374120,22.92900401,0.119715473,0.843494352
1108,WPR_2023,2,1,1,PI374121,23.80204597,0.065922529,0.82695257
1385,WPR_2023,2,2,2,PI379368,24.18665985,0.210765775,0.845807768
1157,WPR_2023,2,1,4,PI383682,22.12949438,0.135530755,0.823503277
1386,WPR_2023,2,2,2,PI383682,23.8204113,0.118764264,0.831611344
1121,WPR_2023,2,1,4,PI412922,20.57162434,0.022897056,0.836849433
1247,WPR_2023,2,1,5,PI420818,23.29800195,0.145046221,0.832273203
1193,WPR_2023,2,1,4,PI420924,26.78782834,0.19416741,0.830547345
1423,WPR_2023,2,2,2,PI420924,23.51129841,0.071981758,0.830494273
1065,WPR_2023,2,1,2,PI420925,23.8176413,0.158222083,0.836708271
1580,WPR_2023,2,2,5,PI420925,23.45579913,0.134984591,0.823186051
1369,WPR_2023,2,2,2,PI420929,24.91510641,0.176864002,0.838446107
1189,WPR_2023,2,1,4,PI426202,23.27514058,0.1200279,0.836763382
1408,WPR_2023,2,2,2,PI426202,23.67927826,0.116370316,0.825634622
1102,WPR_2023,2,1,2,PI426784,23.28711162,0.162682394,0.833876798
1579,WPR_2023,2,2,5,PI426797,21.98298094,0.118523476,0.826046065
1567,WPR_2023,2,2,6,PI426803,21.97766314,0.114110457,0.819017181
1111,WPR_2023,2,1,3,PI426807,20.62813075,0.014564533,0.817761925
1326,WPR_2023,2,2,1,PI426807,23.17665062,0.120724792,0.849245523
1034,WPR_2023,2,1,1,PI429369,27.7941928,0.15019758,0.840902398
1507,WPR_2023,2,2,3,PI429369,24.76620668,0.177905343,0.819520618
1103,WPR_2023,2,1,1,PI429838,24.46286212,0.138218232,0.848653097
1005,WPR_2023,2,1,1,PI431613,22.01144555,0.048027057,0.823682611
1391,WPR_2023,2,2,1,PI431613,23.40905733,0.167333303,0.834431002
1209,WPR_2023,2,1,4,PI431618,23.53254087,0.049000545,0.832662113
1134,WPR_2023,2,1,4,PI431622,20.07089849,0.01780114,0.810661837
1493,WPR_2023,2,2,4,PI431622,23.99873852,0.010894229,0.837858552
1289,WPR_2023,2,1,5,PI431624,22.53652523,0.138140939,0.822231665
1298,WPR_2023,2,1,6,PI431630,21.7186563,0.084463396,0.810885286
1512,WPR_2023,2,2,4,PI431630,23.63914571,0.055894181,0.834947306
1046,WPR_2023,2,1,2,PI431631,23.69105505,0.079200715,0.841262936
1641,WPR_2023,2,2,6,PI431631,23.02552115,0.184363971,0.844344779
1328,WPR_2023,2,2,1,ILL969,23.54317564,0.12208599,0.836244974
1242,WPR_2023,2,1,6,PI431633,23.62759071,0.103723654,0.830800485
1640,WPR_2023,2,2,6,PI431633,21.58797897,0.045295249,0.825716867
1319,WPR_2023,2,1,5,PI431636,21.94437869,0.042641369,0.821852065
1533,WPR_2023,2,2,4,PI431636,24.97239347,0.091245263,0.828829349
1263,WPR_2023,2,1,6,PI431640,24.09946865,0.059116989,0.834090041
1551,WPR_2023,2,2,6,PI431640,23.44985594,0.129296797,0.832561367
1033,WPR_2023,2,1,1,PI431643,25.04369814,0.161953561,0.833503554
1227,WPR_2023,2,1,6,PI431656,23.50295868,0.107542223,0.845883797
1190,WPR_2023,2,1,4,ILL906,21.37224064,0.048462657,0.833105908
1288,WPR_2023,2,1,5,PI431663,22.47677606,0.128721284,0.831234677
1433,WPR_2023,2,2,3,PI431663,22.15701593,0.089219607,0.80920362
1644,WPR_2023,2,2,5,PI431666,21.70901864,0.062055029,0.838617362
1296,WPR_2023,2,1,6,PI431675,20.42743063,0.040584209,0.822966573
1535,WPR_2023,2,2,3,PI431675,22.25681832,0.127529487,0.831420968
1009,WPR_2023,2,1,2,PI431679,23.67159055,0.132538959,0.845101637
1428,WPR_2023,2,2,1,PI431679,23.37689139,0.138128878,0.840200492
1294,WPR_2023,2,1,5,PI431684,24.86423253,0.06023067,0.826101925
1368,WPR_2023,2,2,2,PI431684,24.01138968,0.044603976,0.842821494
1291,WPR_2023,2,1,5,PI431705,20.55718558,0.025280085,0.821683936
1637,WPR_2023,2,2,6,PI431705,21.47253017,0.079558569,0.826772243
1434,WPR_2023,2,2,3,PI431710,20.83305884,0.033218359,0.820183847
1096,WPR_2023,2,1,2,PI431712,19.61260366,0.022560607,0.81223399
1208,WPR_2023,2,1,4,PI431714,23.95796032,0.164213308,0.834891376
1603,WPR_2023,2,2,6,PI431717,21.59932583,0.054855427,0.827216972
1279,WPR_2023,2,1,6,PI431728,22.45833367,0.046009224,0.834846538
1538,WPR_2023,2,2,3,PI431728,22.19151803,0.130867337,0.817183846
1072,WPR_2023,2,1,1,PI431731,21.62706316,0.093921173,0.816708352
1459,WPR_2023,2,2,4,PI431731,25.39217498,0.160461845,0.852106649
1255,WPR_2023,2,1,5,PI431739,23.62613507,0.075308686,0.835942446
1514,WPR_2023,2,2,4,PI431739,25.16594618,0.073073066,0.880486344
1109,WPR_2023,2,1,3,PI431753,20.48258122,0.022791453,0.8183107
1539,WPR_2023,2,2,3,PI431753,22.44620502,0.054045878,0.831050925
1186,WPR_2023,2,1,3,PI431756,19.20834551,0,0.809161114
1509,WPR_2023,2,2,3,PI431756,21.88800298,0.137386931,0.828719317
1324,WPR_2023,2,1,5,PI431768,24.9672351,0.147409577,0.823127744
1204,WPR_2023,2,1,4,PI431774,20.7836165,0.123688316,0.805980735
1421,WPR_2023,2,2,2,PI431774,24.31642127,0.141181489,0.838051159
1081,WPR_2023,2,1,2,PI431780,22.21277131,0.139723346,0.812677923
1335,WPR_2023,2,2,2,PI431780,21.21796874,0.059782642,0.830971667
1149,WPR_2023,2,1,3,PI431809,22.10356645,0.063290386,0.824903859
1573,WPR_2023,2,2,5,PI431809,22.31854173,0.08634894,0.830121286
1456,WPR_2023,2,2,4,PI431810,21.94362268,0.070965534,0.834168176
1114,WPR_2023,2,1,3,PI431824,25.15327558,0.142811281,0.845406747
1569,WPR_2023,2,2,6,PI431824,22.50628374,0.064401866,0.82665993
1105,WPR_2023,2,1,1,PI431863,22.03948303,0,0.815939732
1300,WPR_2023,2,1,6,PI431873,22.97086501,0.122442014,0.818835174
1060,WPR_2023,2,1,2,PI431884,23.63769803,0.084077143,0.817838712
1607,WPR_2023,2,2,5,PI431884,22.34370434,0.057854066,0.821453514
1530,WPR_2023,2,2,4,PI431888,21.33664125,0.015328727,0.815509842
1078,WPR_2023,2,1,1,PI431893,26.0403911,0.14130164,0.835528083
1404,WPR_2023,2,2,2,PI431893,24.51240626,0.153795993,0.830187071
1154,WPR_2023,2,1,4,PI431923,21.90988196,0.043718308,0.829100417
1420,WPR_2023,2,2,2,PI431923,25.32476321,0.131021669,0.839547112
1286,WPR_2023,2,1,5,PI431980,21.84762471,0.041455565,0.822581588
1180,WPR_2023,2,1,3,PI431987,23.16626717,0.052149733,0.831394664
1443,WPR_2023,2,2,4,PI431987,22.94475823,0.078507007,0.833158758
1070,WPR_2023,2,1,1,PI432000,23.01589224,0.104995023,0.813832522
1139,WPR_2023,2,1,3,PI432001,21.45856518,0.106253407,0.818695993
1565,WPR_2023,2,2,6,PI432001,22.82566709,0.143103534,0.813973816
1467,WPR_2023,2,2,3,PI432002,22.7717911,0.148424392,0.833621306
1252,WPR_2023,2,1,5,PI432005,22.65813873,0.026368793,0.836453611
1461,WPR_2023,2,2,4,PI432005,25.99691562,0.053263308,0.840345567
1605,WPR_2023,2,2,6,PI432028,21.69783691,0.036065898,0.825228921
1045,WPR_2023,2,1,2,PI432033,20.83795674,0.035628263,0.823140293
1576,WPR_2023,2,2,5,PI432033,20.67114105,0.143378386,0.803727709
1620,WPR_2023,2,2,6,PI432059,23.75771757,0.13409439,0.827183434
1119,WPR_2023,2,1,4,PI432071,24.46388802,0.158748952,0.845860777
1600,WPR_2023,2,2,6,PI432071,22.9056418,0.065608101,0.850202023
1024,WPR_2023,2,1,2,PI432085,23.20228474,0.06954504,0.842873511
1361,WPR_2023,2,2,1,PI432085,23.32634044,0.04221462,0.822097434
1354,WPR_2023,2,2,2,PI432087,23.52836814,0.129889399,0.819675642
1531,WPR_2023,2,2,4,PI432106,23.2092495,0.140472303,0.834026967
1085,WPR_2023,2,1,2,PI432145,22.83360255,0.120863716,0.812812222
1492,WPR_2023,2,2,4,PI432145,23.0773365,0.168229288,0.827354049
1132,WPR_2023,2,1,4,PI432147,21.98689973,0.102094175,0.814517226
1552,WPR_2023,2,2,6,PI432147,22.26752128,0.060385849,0.819730649
1077,WPR_2023,2,1,1,PI432184,22.94894769,0.096868677,0.824699484
1540,WPR_2023,2,2,3,PI432184,22.95806711,0.085965708,0.82921134
1001,WPR_2023,2,1,1,PI432185,24.37936515,0.165541285,0.840016499
1574,WPR_2023,2,2,5,PI432185,24.38055725,0.138866289,0.827239719
1407,WPR_2023,2,2,2,PI432188,22.71300671,0.146246288,0.816837561
1206,WPR_2023,2,1,4,PI432190,23.97046411,0.114496314,0.830884198
1638,WPR_2023,2,2,6,PI432201,21.17598144,0.004835216,0.837408234
1150,WPR_2023,2,1,3,PI432212,22.15285098,0.131564215,0.819315011
1348,WPR_2023,2,2,2,PI432212,22.05411203,0.064042031,0.829780279
1151,WPR_2023,2,1,4,PI432236,24.31780977,0.152439475,0.84757543
1616,WPR_2023,2,2,5,PI432236,21.93304704,0.066098864,0.827907619
1224,WPR_2023,2,1,6,PI432237,22.34000001,0.198565887,0.817738897
1516,WPR_2023,2,2,4,PI432237,24.79547734,0.125072788,0.844956977
1079,WPR_2023,2,1,2,PI432245,23.78986905,0.053482938,0.838154689
1615,WPR_2023,2,2,5,PI432245,24.57066659,0,0.832144715
1225,WPR_2023,2,1,6,PI432259,23.29259083,0.163458254,0.837097162
1481,WPR_2023,2,2,4,PI432259,24.97938497,0.189260738,0.840151883
1022,WPR_2023,2,1,2,PI432271,23.38896144,0.099404287,0.837236052
1041,WPR_2023,2,1,1,PI432286,21.7302311,0.043723374,0.8273663
1277,WPR_2023,2,1,6,PI435954,23.06651807,0.047608495,0.827638828
1501,WPR_2023,2,2,3,PI435954,25.51906855,0.119077881,0.838508983
1076,WPR_2023,2,1,1,PI451766,24.5624157,0.085238931,0.850549092
1254,WPR_2023,2,1,5,PI458503,21.53953877,0.033506359,0.813357967
1636,WPR_2023,2,2,6,PI458503,20.41487322,0,0.814796196
1387,WPR_2023,2,2,2,PI468899,22.48798247,0.096466835,0.829553508
1113,WPR_2023,2,1,3,PI468900,20.51055204,0,0.813527602
1587,WPR_2023,2,2,6,PI468900,27.28277147,0.167025615,0.855453536
1258,WPR_2023,2,1,5,PI468901,23.13830576,0.024616229,0.833866151
1529,WPR_2023,2,2,4,PI468901,20.95060001,0.058014294,0.823539838
1496,WPR_2023,2,2,4,PI468902,25.59722291,0.186169228,0.844267376
1515,WPR_2023,2,2,4,PI471916,26.14468254,0.154516688,0.841390966
1112,WPR_2023,2,1,3,PI471917,23.75684171,0.109301686,0.826220477
1513,WPR_2023,2,2,4,PI471917,22.52936244,0.126264361,0.84662402
1589,WPR_2023,2,2,6,PI472119,20.89438637,0.05250864,0.817985268
1110,WPR_2023,2,1,3,PI472122,21.61602899,0.101804196,0.806087282
1445,WPR_2023,2,2,4,PI472122,23.66725298,0.126514098,0.826266189
1068,WPR_2023,2,1,1,PI472126,22.61299691,0.129555431,0.828930758
1508,WPR_2023,2,2,3,PI472126,21.60806702,0.112943935,0.818058784
1478,WPR_2023,2,2,4,PI472136,21.24820561,0.087963875,0.813099403
1138,WPR_2023,2,1,4,PI472137,21.87581274,0.080182655,0.82109146
1173,WPR_2023,2,1,4,PI472143,23.4513219,0.06442071,0.861173642
1647,WPR_2023,2,2,5,PI472175,21.0241213,0.092536514,0.802640987
1257,WPR_2023,2,1,5,PI472188,21.05333258,0.124242801,0.811507326
1140,WPR_2023,2,1,3,PI472195,22.02376228,0.045113025,0.82569373
1577,WPR_2023,2,2,5,PI472200,22.34257052,0.136935616,0.823071802
1396,WPR_2023,2,2,1,PI472205,22.14425327,0.136431218,0.829261981
1183,WPR_2023,2,1,3,PI472213,22.71222936,0.109133319,0.826579656
1429,WPR_2023,2,2,1,PI472224,21.12129245,0.115269828,0.825324147
1588,WPR_2023,2,2,6,PI472274,24.85402773,0.189933857,0.852774874
1280,WPR_2023,2,1,6,PI472316,22.67841046,0.104403028,0.813989962
1472,WPR_2023,2,2,3,PI472316,21.48736032,0.080988531,0.811295579
1142,WPR_2023,2,1,3,PI472320,23.24641871,0.127523516,0.832038765
1476,WPR_2023,2,2,4,PI472320,22.22051943,0.095860764,0.809325411
1146,WPR_2023,2,1,3,PI472327,21.51296722,0.104309132,0.813818772
1366,WPR_2023,2,2,1,PI472327,21.3397834,0.096420046,0.814021769
1100,WPR_2023,2,1,2,PI472331,21.91087781,0.087222883,0.8245527
1608,WPR_2023,2,2,5,PI472331,21.38654932,0.094206921,0.824310717
1215,WPR_2023,2,1,3,PI472339,22.92378545,0.139233192,0.831683019
1325,WPR_2023,2,2,1,PI472340,22.34566539,0.130923731,0.821931588
1320,WPR_2023,2,1,5,PI472354,21.31125154,0.118740774,0.806026149
1610,WPR_2023,2,2,5,PI472354,22.93192854,0.12877501,0.825230083
1466,WPR_2023,2,2,3,PI472372,22.04039768,0.109466465,0.814360644
1064,WPR_2023,2,1,2,PI472380,21.80506262,0.088894806,0.808890632
1613,WPR_2023,2,2,5,PI472380,22.69149181,0.123850998,0.815231078
1639,WPR_2023,2,2,6,PI472383,23.69798293,0.124144294,0.822007301
1013,WPR_2023,2,1,2,PI472400,22.56412966,0.137108103,0.819835516
1479,WPR_2023,2,2,4,PI472400,24.28956789,0.164239485,0.820311417
1645,WPR_2023,2,2,5,PI472416,22.87275862,0.101085341,0.822034241
1285,WPR_2023,2,1,5,PI472452,21.23984347,0.112238551,0.821618798
1399,WPR_2023,2,2,1,PI472452,20.10320613,0.163778694,0.808827547
1465,WPR_2023,2,2,3,PI472458,22.68569826,0.121293664,0.813008717
1039,WPR_2023,2,1,1,PI472535,21.49653062,0.005456283,0.810858463
1185,WPR_2023,2,1,3,PI472549,21.81771484,0.119346928,0.815889143
1245,WPR_2023,2,1,6,PI472559,21.63631081,0.139181561,0.811324608
1216,WPR_2023,2,1,3,PI472562,20.82361224,0.087528674,0.821661112
1548,WPR_2023,2,2,6,PI472562,22.18113718,0.08248383,0.821228005
1143,WPR_2023,2,1,3,PI472569,21.68251953,0.11580673,0.821998547
1178,WPR_2023,2,1,3,PI472588,26.23516125,0.153559383,0.848427123
1468,WPR_2023,2,2,3,PI472588,24.45907324,0.048259513,0.847488959
1528,WPR_2023,2,2,4,PI472590,23.46739138,0.170597177,0.835027032
1037,WPR_2023,2,1,1,PI472615,23.64947732,0,0.821949754
1042,WPR_2023,2,1,1,PI472629,20.55818456,0.169613396,0.818203038
1116,WPR_2023,2,1,4,PI472632,24.58276027,0.130571649,0.836732298
1464,WPR_2023,2,2,3,PI472632,23.14995739,0.137116742,0.815373002
1099,WPR_2023,2,1,2,PI476365,24.54824803,0.162099751,0.842812616
1395,WPR_2023,2,2,1,PI476365,23.20498236,0.047114683,0.834205503
1074,WPR_2023,2,1,1,PI486127,23.00824982,0.136194824,0.823909368
1370,WPR_2023,2,2,2,PI486127,21.84347065,0.014757046,0.818729694
1075,WPR_2023,2,1,1,PI486128,25.94251189,0.128094756,0.844930673
1249,WPR_2023,2,1,5,PI490288,24.3109265,0.12813854,0.848036154
1469,WPR_2023,2,2,3,PI490288,23.8310657,0.162633365,0.836327446
1106,WPR_2023,2,1,1,PI490289,25.04622026,0.090714266,0.849434411
1293,WPR_2023,2,1,5,PI508090,23.62300597,0.063562754,0.840770838
1008,WPR_2023,2,1,2,PI518731,26.39763441,0.166998647,0.833561881
1536,WPR_2023,2,2,3,PI518731,26.31591069,0.14362239,0.837640599
1038,WPR_2023,2,1,1,PI518732,23.37678774,0.092613747,0.822383462
1440,WPR_2023,2,2,4,PI518732,21.96300415,0.117276189,0.804973216
1281,WPR_2023,2,1,6,PI518733,24.56849225,0.072720009,0.83125941
1617,WPR_2023,2,2,5,PI518733,23.39272553,0.10665392,0.836832986
1584,WPR_2023,2,2,6,PI533688,24.45800297,0.16394045,0.84417208
1336,WPR_2023,2,2,2,PI533690,22.93378616,0.126431828,0.838128398
1069,WPR_2023,2,1,1,PI533691,24.47656538,0.144737713,0.827796626
1393,WPR_2023,2,2,1,PI533693,24.90851674,0.197356846,0.841108376
1301,WPR_2023,2,1,6,PI577168,22.74611836,0.109834265,0.820419925
1314,WPR_2023,2,1,6,PI606570,24.09771627,0.137089804,0.829574248
1431,WPR_2023,2,2,1,PI606570,24.43063342,0.040961593,0.822531545
1287,WPR_2023,2,1,5,ILL1220,24.10292798,0.067248111,0.819453221
1384,WPR_2023,2,2,2,ILL1220,23.57514817,0.065794339,0.833598642
1211,WPR_2023,2,1,3,W627754,21.26672467,0.032194442,0.821033649
1581,WPR_2023,2,2,5,W627754,25.72485415,0,0.838439723
1359,WPR_2023,2,2,1,W627756,23.07524445,0.12994818,0.828845408
1585,WPR_2023,2,2,6,W627759,24.23593772,0.142934868,0.846375668
1144,WPR_2023,2,1,3,W627761,22.77208208,0.150646629,0.816352944
1506,WPR_2023,2,2,3,W627761,22.88995314,0.135631908,0.817483581
1566,WPR_2023,2,2,6,W627762,23.08027825,0.099839612,0.820571144
1276,WPR_2023,2,1,6,W627763,24.431348,0.167514049,0.828216736
1604,WPR_2023,2,2,6,W627763,23.83658022,0.107797152,0.813950481
1394,WPR_2023,2,2,1,W627765,22.99977908,0.117381661,0.8244541
1036,WPR_2023,2,1,1,W627766,22.53397589,0.144410602,0.824865289
1035,WPR_2023,2,1,1,W627767,22.79489531,0.118722245,0.836141805
1460,WPR_2023,2,2,4,W627767,20.95382465,0.187270706,0.811178505
1214,WPR_2023,2,1,3,W627768,22.60905808,0.053176202,0.818016994
1115,WPR_2023,2,1,4,W627780,22.38700534,0.142407789,0.830453739
1297,WPR_2023,2,1,6,W627781,21.52566972,0.034781709,0.833728493
1625,WPR_2023,2,2,6,W627781,22.77821154,0.11928672,0.834995086
1543,WPR_2023,2,2,5,W627782,23.35668314,0.134039167,0.852905982
1148,CHE_2023,3,1,4,PI163589,23.2632188,0.100867211,0.830365529
1117,CHE_2023,3,1,5,PI169534,20.738339,0.06789798,0.819608029
1422,CHE_2023,3,2,2,PI169534,18.84363697,0.012363505,0.820321255
1130,CHE_2023,3,1,6,PI175754,21.49056533,0.052494174,0.805579278
1272,CHE_2023,3,1,9,ILL151,22.58640339,0.090938151,0.831559211
1201,CHE_2023,3,1,6,PI178939,19.86450792,0.025172106,0.807448183
1402,CHE_2023,3,2,1,PI178939,20.4746551,0.373215214,0.799119668
1164,CHE_2023,3,1,6,PI178940,22.77179232,0.087161769,0.832217952
1575,CHE_2023,3,2,7,PI178940,20.38962234,0.032021227,0.829335215
1052,CHE_2023,3,1,3,ILL167,22.01788258,0.042116445,0.826246673
1520,CHE_2023,3,2,6,ILL167,23.0927762,0.091128272,0.866435725
1133,CHE_2023,3,1,5,PI178971,19.86646132,0.084904988,0.817376622
1362,CHE_2023,3,2,1,PI178971,20.01673164,0.027385406,0.814531491
1169,CHE_2023,3,1,5,PI179324,20.05129787,0.043969917,0.785534441
1409,CHE_2023,3,2,3,PI179324,24.56242477,0.145078362,0.86203272
1123,CHE_2023,3,1,6,PI181771,21.31795412,0.072052897,0.811870565
1355,CHE_2023,3,2,1,PI181771,18.55928498,0.02026349,0.817075411
1170,CHE_2023,3,1,5,PI181886,22.70999013,0.174784155,0.878088724
1177,CHE_2023,3,1,4,PI182217,22.94438172,0.041072203,0.834435482
1278,CHE_2023,3,1,8,PI193547,21.2035995,0.08039643,0.816180315
1219,CHE_2023,3,1,7,PI193548,20.10856323,0.086951755,0.787931338
1559,CHE_2023,3,2,9,PI193548,18.94234015,0.038409405,0.785581092
1057,CHE_2023,3,1,3,PI193817,23.05373674,0.076400759,0.819259453
1353,CHE_2023,3,2,2,PI193817,19.63373898,0.066353091,0.794205219
1532,CHE_2023,3,2,5,PI207492,23.64670425,0.092013346,0.854114871
1284,CHE_2023,3,1,7,ILL211,20.08473476,0.07387687,0.807206846
1578,CHE_2023,3,2,7,ILL211,19.16906322,0.041981522,0.79461457
1184,CHE_2023,3,1,4,PI211052,19.90570527,0.054101116,0.820306876
1583,CHE_2023,3,2,8,PI211052,20.05540108,0.106099298,0.80611953
1197,CHE_2023,3,1,6,PI211602,23.05652816,0,0.841469293
1061,CHE_2023,3,1,2,PI212100,20.56268514,0.025760695,0.813341919
1458,CHE_2023,3,2,5,ILL217,18.8327671,0.049047146,0.812681211
1058,CHE_2023,3,1,3,PI217949,19.35235598,0.040825373,0.794277772
1495,CHE_2023,3,2,5,PI217949,18.91418642,0.031749542,0.806310357
1374,CHE_2023,3,2,3,PI238758,21.5005663,0.103923297,0.849951101
1230,CHE_2023,3,1,9,PI250156,19.44855427,0.037707896,0.7926403
1343,CHE_2023,3,2,3,PI250156,20.40011811,0.066915644,0.820023179
1233,CHE_2023,3,1,9,PI250158,19.28115237,0.000307713,0.794809258
1327,CHE_2023,3,2,1,PI250158,19.59776907,0.010072587,0.802088766
1251,CHE_2023,3,1,7,PI251032,18.70188742,0.048275641,0.817988563
1315,CHE_2023,3,1,8,PI251248,19.21428904,0.032578554,0.796100416
1303,CHE_2023,3,1,9,PI251784,22.28518635,0,0.820424744
1092,CHE_2023,3,1,3,PI273664,21.95342238,0.10325575,0.780440017
1271,CHE_2023,3,1,9,PI280686,21.48834288,0.051645805,0.804045814
1363,CHE_2023,3,2,1,PI280686,17.87164498,0.021545366,0.793276321
1160,CHE_2023,3,1,6,PI283604,20.78018717,0.007714413,0.822768939
1104,CHE_2023,3,1,1,PI289066,22.46481957,0.023980022,0.83323417
1308,CHE_2023,3,1,9,PI289073,19.90534358,0.043074957,0.817423265
1372,CHE_2023,3,2,2,PI289073,19.69419082,0.029116587,0.811899521
1179,CHE_2023,3,1,4,PI289077,19.9677332,0.077905816,0.816175163
1392,CHE_2023,3,2,1,PI289077,18.65232694,0,0.820921278
1003,CHE_2023,3,1,1,PI289079,20.90079385,0.0376398,0.831532867
1305,CHE_2023,3,1,9,PI297284,21.3925755,0.12163589,0.81763014
1389,CHE_2023,3,2,2,PI297284,19.6882796,0.003615166,0.811670499
1063,CHE_2023,3,1,2,PI297285,21.48899386,0.095243708,0.835781306
1524,CHE_2023,3,2,6,PI297285,19.51947632,0.033555688,0.826695628
1012,CHE_2023,3,1,2,ILL1922,22.65138834,0.111357346,0.856959893
1502,CHE_2023,3,2,4,ILL1922,22.03249601,0.058230864,0.84910023
1234,CHE_2023,3,1,9,PI297287,20.85238548,0.070842668,0.80067131
1599,CHE_2023,3,2,9,PI297287,21.44726093,0.080297197,0.832516031
1101,CHE_2023,3,1,2,PI297754,21.01636202,0.074650042,0.817671501
1334,CHE_2023,3,2,2,PI297754,20.56796303,0.048358155,0.813019771
1471,CHE_2023,3,2,4,PI297772,19.23343858,0.002091444,0.821911931
1147,CHE_2023,3,1,4,PI297787,19.52597768,0.009344797,0.81348654
1073,CHE_2023,3,1,1,ILL324,23.41397497,0.042282756,0.821891311
1309,CHE_2023,3,1,9,PI298122,21.33050966,0.034761731,0.812189359
1582,CHE_2023,3,2,7,PI298122,22.94996695,0.102750387,0.840359697
1015,CHE_2023,3,1,3,PI298357,21.22618545,0.065420238,0.837411571
1451,CHE_2023,3,2,6,PI298357,21.78205324,0.142286612,0.863948963
1171,CHE_2023,3,1,5,PI298631,21.43066757,0.043529853,0.810883697
1611,CHE_2023,3,2,7,PI298631,19.10500882,0.057874434,0.822282828
1051,CHE_2023,3,1,3,PI298644,19.50486753,0.077885767,0.800431666
1010,CHE_2023,3,1,2,PI298645,22.64565669,0.050823847,0.801444637
1358,CHE_2023,3,2,1,PI298645,19.12335231,0,0.814631799
1275,CHE_2023,3,1,9,ILL341,20.37171297,0.049221132,0.803463984
1270,CHE_2023,3,1,9,PI298922,24.67667156,0.258027827,0.844575366
1622,CHE_2023,3,2,8,PI298922,20.24500063,0.053710985,0.816839291
1243,CHE_2023,3,1,8,ILL344,19.68456692,0,0.805809301
1282,CHE_2023,3,1,8,PI299116,22.16740606,0.012080989,0.803359514
1357,CHE_2023,3,2,1,PI299116,19.40985607,0.026464974,0.798548177
1349,CHE_2023,3,2,2,PI299120,20.07194413,0.040723204,0.791495615
1205,CHE_2023,3,1,5,PI299121,19.92192484,0.049802143,0.797383492
1534,CHE_2023,3,2,5,PI299121,20.32434483,0.056395837,0.802372939
1203,CHE_2023,3,1,6,ILL357,23.11850596,0.082470793,0.781264632
1503,CHE_2023,3,2,4,ILL357,19.68629798,0.051453527,0.788674243
1316,CHE_2023,3,1,8,ILL359,22.81559372,0.048467214,0.844525798
1446,CHE_2023,3,2,6,ILL359,19.63062104,0,0.830134326
1006,CHE_2023,3,1,1,ILL360,22.27976868,0.306752561,0.851989625
1342,CHE_2023,3,2,3,ILL360,19.72539951,0.050730853,0.80307029
1483,CHE_2023,3,2,6,PI299163,17.24780411,0.004623752,0.804056758
1087,CHE_2023,3,1,3,PI299164,22.06467659,0.058267665,0.810706754
1417,CHE_2023,3,2,3,PI299164,20.47152353,0.030514333,0.808727925
1050,CHE_2023,3,1,3,ILL1924,20.90586621,0.062174965,0.830534521
1410,CHE_2023,3,2,3,ILL1924,19.04024614,0.027366871,0.811499611
1059,CHE_2023,3,1,3,PI299177,24.28407902,0.101878232,0.84790965
1365,CHE_2023,3,2,1,PI299177,23.52538355,0.090199728,0.854616291
1310,CHE_2023,3,1,9,PI299207,23.6624488,0.124897178,0.816026007
1517,CHE_2023,3,2,6,PI299207,24.19074299,0.110175974,0.817070974
1248,CHE_2023,3,1,7,PI299215,20.39898503,0.05295113,0.830164342
1623,CHE_2023,3,2,8,PI299215,20.5461952,0.044915563,0.807605879
1071,CHE_2023,3,1,1,PI299237,20.30295761,0.05811505,0.840263922
1432,CHE_2023,3,2,1,PI299237,20.35073077,0.028647005,0.814534751
1614,CHE_2023,3,2,7,ILL413,20.01759759,0.045814126,0.814118516
1030,CHE_2023,3,1,2,PI299289,19.70500532,0.364993717,0.806614631
1390,CHE_2023,3,2,2,PI299289,20.78201071,0.020081104,0.832945172
1306,CHE_2023,3,1,9,ILL454,20.63759955,0.074052492,0.812380854
1360,CHE_2023,3,2,1,ILL454,21.47605619,0.056184814,0.835170295
1019,CHE_2023,3,1,3,PI299351,19.65008275,0.03547487,0.823576215
1560,CHE_2023,3,2,9,PI299351,19.13661063,0.052738015,0.8127821
1239,CHE_2023,3,1,9,PI299354,19.21818543,0,0.810512417
1264,CHE_2023,3,1,8,PI299366,20.4020288,0.050178379,0.819997077
1267,CHE_2023,3,1,9,PI299371,21.83412029,0.103377556,0.846311574
1332,CHE_2023,3,2,2,PI299371,21.9730706,0.042038291,0.809818502
1118,CHE_2023,3,1,5,ILL469,23.55595365,0.078959128,0.813075114
1364,CHE_2023,3,2,1,ILL469,17.95110204,0,0.805083144
1261,CHE_2023,3,1,8,PI300250,19.92644331,0.070657574,0.808155326
1437,CHE_2023,3,2,4,PI300250,19.49591827,0.050810748,0.815805986
1477,CHE_2023,3,2,5,ILL482,17.80057709,0.009865109,0.803305892
1120,CHE_2023,3,1,5,ILL486,23.25053528,0.099336862,0.795123206
1400,CHE_2023,3,2,1,ILL486,20.92131793,0.055961872,0.81218954
1032,CHE_2023,3,1,1,PI308614,20.97989359,0.045846688,0.81896825
1621,CHE_2023,3,2,8,PI308614,20.04282209,0.061539183,0.812649577
1228,CHE_2023,3,1,8,PI312175,20.48285341,0.059356332,0.805349113
1497,CHE_2023,3,2,5,PI312175,21.50117087,0.061581021,0.817914889
1229,CHE_2023,3,1,9,PI320935,21.01408783,0.038605179,0.826844535
1002,CHE_2023,3,1,1,PI320936,20.3576072,0.394263785,0.809128286
1542,CHE_2023,3,2,7,PI320936,19.15798123,0.022607663,0.798150463
1500,CHE_2023,3,2,4,PI320937,24.32848401,0.139542377,0.868630871
1470,CHE_2023,3,2,4,ILL508,23.11140903,0.083782225,0.826055396
1152,CHE_2023,3,1,5,PI320941,19.65225596,0.016864995,0.805105898
1053,CHE_2023,3,1,3,PI320944,20.82478592,0.015522458,0.826404762
1352,CHE_2023,3,2,2,PI320944,22.86487546,0.077933095,0.833586972
1007,CHE_2023,3,1,2,PI320952,22.8337702,0.115064116,0.84449292
1373,CHE_2023,3,2,3,PI320952,19.32392718,0,0.819184571
1401,CHE_2023,3,2,1,PI320953,20.88860252,0.058021539,0.808306127
1083,CHE_2023,3,1,2,PI320954,19.82081957,0.046877701,0.802511241
1438,CHE_2023,3,2,4,PI320954,21.26741822,0.019381957,0.830101305
1176,CHE_2023,3,1,4,PI329157,25.32685205,0.161172206,0.87763896
1537,CHE_2023,3,2,4,PI329157,17.82833015,0,0.813042283
1218,CHE_2023,3,1,7,PI329167,18.84348183,0.037738171,0.801343852
1256,CHE_2023,3,1,7,PI329169,19.82244583,0.084062213,0.822730339
1541,CHE_2023,3,2,7,ILL537,18.64439093,0.022561974,0.812578085
1397,CHE_2023,3,2,1,PI339283,18.48480365,0.034605925,0.817551532
1187,CHE_2023,3,1,5,PI339285,27.45106661,0.224147847,0.909535778
1546,CHE_2023,3,2,7,ILL567,19.22514733,0.032646555,0.825681131
1141,CHE_2023,3,1,4,PI339310,20.61910278,0.074938239,0.839470987
1080,CHE_2023,3,1,2,PI343026,21.9224043,0.07139316,0.83091912
1021,CHE_2023,3,1,3,ILL610,21.31553913,0.07629586,0.829841832
1350,CHE_2023,3,2,2,ILL610,20.38666451,0.044850321,0.814403795
1241,CHE_2023,3,1,9,PI357225,20.43696205,0.017869537,0.802691885
1416,CHE_2023,3,2,3,PI357225,18.4336045,0,0.821030068
1194,CHE_2023,3,1,6,PI368647,20.32590423,0.029836546,0.835609256
1292,CHE_2023,3,1,7,PI368651,19.40115354,0.09241121,0.794135383
1444,CHE_2023,3,2,5,PI368651,19.04588223,0.016973318,0.807613588
1027,CHE_2023,3,1,2,PI370481,20.79540561,0.051266599,0.806534138
1474,CHE_2023,3,2,4,PI370481,17.95853526,0,0.78871351
1235,CHE_2023,3,1,9,PI374116,21.78570542,0.13069903,0.82430372
1550,CHE_2023,3,2,8,PI374116,22.0262668,0.059403571,0.831442061
1265,CHE_2023,3,1,9,ILL1938,21.58590062,0.097141441,0.804953942
1455,CHE_2023,3,2,6,ILL1938,21.65437683,0.107500128,0.833164684
1403,CHE_2023,3,2,2,ILL1939,20.45512408,0.05921616,0.81081551
1168,CHE_2023,3,1,6,ILL1940,22.58194508,0.119773585,0.815621991
1545,CHE_2023,3,2,7,ILL1940,20.38414342,0.007328215,0.798535496
1067,CHE_2023,3,1,1,PI374120,19.58507992,0.035991762,0.816070822
1411,CHE_2023,3,2,3,PI374120,19.94949447,0.014532484,0.827154324
1108,CHE_2023,3,1,1,PI374121,22.47580283,0.075021016,0.815003344
1426,CHE_2023,3,2,2,PI374121,23.00757105,0.076047401,0.828060093
1232,CHE_2023,3,1,9,PI379368,21.40224309,0.084267803,0.816926023
1385,CHE_2023,3,2,2,PI379368,19.48951812,0.022399338,0.819914368
1386,CHE_2023,3,2,2,PI383682,20.70994344,0.045983042,0.825722505
1121,CHE_2023,3,1,6,PI412922,21.13173425,0.044679888,0.804116756
1247,CHE_2023,3,1,7,PI420818,18.45262767,0.043020732,0.792238145
1527,CHE_2023,3,2,6,PI420818,19.16188315,0.048348311,0.801345898
1193,CHE_2023,3,1,6,PI420924,22.59804021,0.082497404,0.807758183
1423,CHE_2023,3,2,2,PI420924,19.733475,0.019076006,0.806100212
1580,CHE_2023,3,2,7,PI420925,20.5406231,0.085946551,0.815187685
1231,CHE_2023,3,1,9,PI420929,22.17453637,0.114531766,0.812207623
1189,CHE_2023,3,1,5,PI426202,20.27077997,0.036332717,0.812311634
1408,CHE_2023,3,2,2,PI426202,19.40808821,0.047791358,0.824460733
1156,CHE_2023,3,1,5,PI426778,25.24105843,0.171117989,0.882802462
1447,CHE_2023,3,2,6,PI426778,18.28501784,0,0.813215948
1102,CHE_2023,3,1,2,PI426784,18.89648065,0.048395567,0.799333815
1454,CHE_2023,3,2,6,PI426784,17.88972675,0.00226949,0.791155048
1269,CHE_2023,3,1,9,PI426797,17.04519666,0.047381704,0.791271558
1579,CHE_2023,3,2,7,PI426797,18.51433327,0.027037819,0.799247316
1246,CHE_2023,3,1,8,PI426803,18.76448338,0.023292938,0.793973349
1567,CHE_2023,3,2,8,PI426803,18.04279981,0,0.805159388
1111,CHE_2023,3,1,4,PI426807,19.1307255,0.030029143,0.792582917
1326,CHE_2023,3,2,1,PI426807,19.35501915,0.047885109,0.799884
1034,CHE_2023,3,1,1,PI429369,24.32648469,0.083213683,0.835663065
1436,CHE_2023,3,2,4,PI429838,20.80458286,0.023162391,0.821985514
1005,CHE_2023,3,1,1,PI431613,22.40192084,0.073518421,0.803847189
1391,CHE_2023,3,2,1,PI431613,20.86887927,0.096983876,0.821476833
1134,CHE_2023,3,1,5,PI431622,19.98290942,0.030215047,0.810318789
1493,CHE_2023,3,2,5,PI431622,19.4326844,0.075462007,0.799249244
1453,CHE_2023,3,2,6,PI431624,20.4948082,0.067237327,0.812575728
1298,CHE_2023,3,1,8,PI431630,22.97801106,0.184381304,0.824798266
1512,CHE_2023,3,2,5,PI431630,21.81420728,0.094508494,0.823025882
1046,CHE_2023,3,1,2,PI431631,21.984851,0.063382313,0.82500257
1641,CHE_2023,3,2,8,PI431631,18.55107791,0.036020466,0.810682471
1131,CHE_2023,3,1,6,ILL969,20.26421611,0.062384078,0.816307248
1328,CHE_2023,3,2,1,ILL969,20.15791598,0.059851143,0.810655516
1242,CHE_2023,3,1,8,PI431633,24.22612231,0.280547881,0.824263852
1319,CHE_2023,3,1,7,PI431636,20.66843769,0.10138815,0.845131918
1263,CHE_2023,3,1,8,PI431640,23.37026401,0.282655612,0.82473594
1268,CHE_2023,3,1,9,PI431642,22.16416842,0.128821561,0.798351774
1033,CHE_2023,3,1,1,PI431643,20.08316918,0,0.828077691
1594,CHE_2023,3,2,9,PI431643,16.16732923,0.005708741,0.779103535
1227,CHE_2023,3,1,8,PI431656,20.07999511,0.04609505,0.815217357
1450,CHE_2023,3,2,6,PI431656,19.88919104,0.023130579,0.821173083
1190,CHE_2023,3,1,5,ILL906,19.24284561,0.027909113,0.802426797
1526,CHE_2023,3,2,6,ILL906,20.86760378,0.073217597,0.816263489
1288,CHE_2023,3,1,7,PI431663,20.03646922,0.089921601,0.825269644
1433,CHE_2023,3,2,4,PI431663,19.76914824,0.022962782,0.80139628
1199,CHE_2023,3,1,6,PI431666,19.48178732,0.062494695,0.804372718
1644,CHE_2023,3,2,7,PI431666,22.40523596,0.08496437,0.820548288
1535,CHE_2023,3,2,4,PI431675,17.83040227,0,0.809887053
1009,CHE_2023,3,1,2,PI431679,20.54356622,0.044679674,0.814972939
1428,CHE_2023,3,2,1,PI431679,20.53467424,0.017198216,0.814208964
1368,CHE_2023,3,2,2,PI431684,22.0809686,0.079685763,0.832619765
1637,CHE_2023,3,2,8,PI431705,19.9610234,0.107188227,0.820214126
1016,CHE_2023,3,1,3,PI431710,19.76253804,0.37968293,0.794810471
1434,CHE_2023,3,2,4,PI431710,20.9245594,0.05616788,0.800961622
1096,CHE_2023,3,1,3,PI431712,21.11618081,0.056035978,0.803908314
1377,CHE_2023,3,2,3,PI431712,19.48662944,0.034235145,0.804900265
1208,CHE_2023,3,1,5,PI431714,19.65498781,0.044817704,0.790556842
1339,CHE_2023,3,2,3,PI431714,21.83459453,0.064586577,0.837868739
1088,CHE_2023,3,1,3,PI431717,23.20297207,0.070875102,0.815660078
1603,CHE_2023,3,2,8,PI431717,20.84172592,0.077155211,0.82494157
1538,CHE_2023,3,2,4,PI431728,20.50604722,0.049913795,0.805906345
1072,CHE_2023,3,1,1,PI431731,20.3883308,0.021156919,0.819519578
1459,CHE_2023,3,2,5,PI431731,19.95909072,0.399772247,0.848806493
1255,CHE_2023,3,1,7,PI431739,19.57438552,0.037731428,0.810144668
1514,CHE_2023,3,2,5,PI431739,20.55075774,0.055523568,0.821789316
1109,CHE_2023,3,1,4,PI431753,19.72129267,0.010066118,0.809781993
1539,CHE_2023,3,2,4,PI431753,20.53811251,0.042825313,0.817026295
1186,CHE_2023,3,1,4,PI431756,21.270254,0.075433401,0.823781422
1509,CHE_2023,3,2,4,PI431756,20.30783916,0.106475086,0.814480044
1324,CHE_2023,3,1,7,PI431768,22.23027947,0.144629722,0.850519217
1561,CHE_2023,3,2,9,PI431768,25.21663706,0.174785257,0.897093758
1204,CHE_2023,3,1,6,PI431774,20.01278054,0.039712118,0.793896815
1421,CHE_2023,3,2,2,PI431774,20.21248686,0.351059641,0.804921832
1081,CHE_2023,3,1,2,PI431780,21.18568919,0.051005155,0.818704661
1335,CHE_2023,3,2,2,PI431780,19.16999709,0.083014234,0.785285948
1456,CHE_2023,3,2,6,PI431810,19.05532095,0.02313525,0.810438037
1114,CHE_2023,3,1,4,PI431824,20.43508038,0.033860392,0.803199334
1569,CHE_2023,3,2,8,PI431824,20.71985499,0.08363251,0.810355958
1300,CHE_2023,3,1,8,PI431873,21.56401124,0.095088674,0.814135248
1094,CHE_2023,3,1,3,PI431888,20.74598613,0.447924375,0.815363209
1078,CHE_2023,3,1,1,PI431893,21.68218335,0.070450074,0.813637189
1404,CHE_2023,3,2,2,PI431893,20.80562378,0.047299822,0.82286266
1154,CHE_2023,3,1,5,PI431923,21.40083234,0.087403527,0.846917252
1420,CHE_2023,3,2,3,PI431923,19.93436561,0.015689836,0.820983707
1286,CHE_2023,3,1,7,PI431980,20.78500551,0.044866958,0.822317466
1180,CHE_2023,3,1,4,PI431987,22.91847342,0.069189489,0.82894543
1443,CHE_2023,3,2,5,PI431987,20.27873804,0.043616417,0.825121582
1139,CHE_2023,3,1,4,PI432001,25.3705699,0.075384009,0.869222457
1565,CHE_2023,3,2,8,PI432001,20.19072874,0.031105303,0.810470598
1318,CHE_2023,3,1,8,PI432002,19.42468648,0,0.823315261
1467,CHE_2023,3,2,4,PI432002,21.27631,0.116350609,0.838202058
1252,CHE_2023,3,1,7,PI432005,21.34757504,0.040511199,0.808086157
1461,CHE_2023,3,2,5,PI432005,21.12168808,0.075679892,0.800562005
1605,CHE_2023,3,2,8,PI432028,20.0823822,0.060702199,0.815318116
1045,CHE_2023,3,1,2,PI432033,20.60166188,0.013567252,0.81269097
1576,CHE_2023,3,2,7,PI432033,19.78795606,0.039430078,0.804690944
1122,CHE_2023,3,1,6,PI432059,21.26008553,0.086497706,0.813399578
1620,CHE_2023,3,2,8,PI432059,20.81744649,0.051459676,0.817052763
1119,CHE_2023,3,1,5,PI432071,21.20776916,0.053031054,0.806201493
1600,CHE_2023,3,2,9,PI432071,20.44405471,0.113550812,0.855928952
1024,CHE_2023,3,1,3,PI432085,23.75862229,0.063636389,0.835266613
1361,CHE_2023,3,2,1,PI432085,19.42356419,0.020067563,0.814227112
1089,CHE_2023,3,1,3,PI432087,19.38651019,0.070162441,0.792577482
1354,CHE_2023,3,2,2,PI432087,19.57804441,0.05590948,0.803764572
1531,CHE_2023,3,2,5,PI432106,21.9473166,0.134763476,0.878896921
1165,CHE_2023,3,1,6,PI432124,20.69638331,0.043376427,0.804455839
1338,CHE_2023,3,2,3,PI432124,19.19126098,0.058546452,0.8173454
1492,CHE_2023,3,2,6,PI432145,18.45502207,0.078404403,0.792414891
1132,CHE_2023,3,1,6,PI432147,20.06469782,0.068604554,0.825386133
1552,CHE_2023,3,2,8,PI432147,19.88178,0.05417119,0.822689738
1077,CHE_2023,3,1,1,PI432184,22.25085139,0.086157165,0.830921792
1540,CHE_2023,3,2,4,PI432184,21.67105176,0.104805572,0.834204242
1574,CHE_2023,3,2,7,PI432185,20.37600355,0.00348415,0.809291145
1206,CHE_2023,3,1,5,PI432190,21.7799307,0.014846548,0.815153929
1004,CHE_2023,3,1,1,PI432201,18.77675706,0,0.820161041
1150,CHE_2023,3,1,4,PI432212,20.50254034,0.068182166,0.800467987
1348,CHE_2023,3,2,3,PI432212,19.796094,0.062995176,0.803723061
1151,CHE_2023,3,1,5,PI432236,19.51830097,0.063164493,0.819465257
1616,CHE_2023,3,2,7,PI432236,20.35799593,0.030312817,0.810250884
1224,CHE_2023,3,1,8,PI432237,20.79005808,0.012407276,0.821895501
1516,CHE_2023,3,2,5,PI432237,20.29843409,0.105246025,0.815999584
1079,CHE_2023,3,1,2,PI432245,22.89205589,0.079253001,0.8178875
1615,CHE_2023,3,2,7,PI432245,20.92992807,0.058411362,0.804570969
1022,CHE_2023,3,1,3,PI432271,23.08603986,0.019102598,0.836635152
1427,CHE_2023,3,2,1,PI432271,18.98567997,0,0.817981395
1627,CHE_2023,3,2,9,PI432286,19.52544341,0.026252975,0.79018175
1501,CHE_2023,3,2,4,PI435954,21.30410882,0.091814371,0.814655962
1025,CHE_2023,3,1,2,PI451763,26.52461156,0.223305883,0.938144392
1254,CHE_2023,3,1,7,PI458503,24.7536774,0.185452325,0.889313388
1311,CHE_2023,3,1,9,PI468899,22.65488293,0.085053689,0.851626562
1387,CHE_2023,3,2,2,PI468899,19.50119592,0.033037286,0.807731682
1113,CHE_2023,3,1,4,PI468900,20.68308581,0.059825516,0.811175983
1587,CHE_2023,3,2,8,PI468900,20.31642728,0.028258119,0.799689732
1258,CHE_2023,3,1,7,PI468901,22.83583028,0.027623578,0.830206299
1529,CHE_2023,3,2,5,PI468901,20.15456767,0.042116292,0.815361738
1124,CHE_2023,3,1,6,PI468902,23.55515025,0.093633008,0.828088656
1496,CHE_2023,3,2,5,PI468902,21.07915749,0.071045745,0.81244979
1174,CHE_2023,3,1,5,PI471916,21.802857,0.051311429,0.826292196
1515,CHE_2023,3,2,5,PI471916,22.21021454,0.108992085,0.814697907
1112,CHE_2023,3,1,4,PI471917,23.16436805,0.051819642,0.85213311
1513,CHE_2023,3,2,5,PI471917,23.69191319,0.057841494,0.845346147
1136,CHE_2023,3,1,5,PI472119,19.12127641,0.044535479,0.804148392
1589,CHE_2023,3,2,9,PI472119,17.88263518,0.02216721,0.796523774
1445,CHE_2023,3,2,6,PI472122,18.52626979,0.034541081,0.787662754
1508,CHE_2023,3,2,4,PI472126,19.61189531,0.040707059,0.798196857
1259,CHE_2023,3,1,8,PI472136,21.1386865,0.223312337,0.821592734
1138,CHE_2023,3,1,5,PI472137,19.33941631,0,0.802837011
1344,CHE_2023,3,2,3,PI472137,18.26224921,0.00675883,0.80375768
1173,CHE_2023,3,1,5,PI472143,21.02591476,0.07164469,0.841638938
1475,CHE_2023,3,2,5,PI472143,20.29400434,0.017749642,0.820272107
1163,CHE_2023,3,1,6,PI472161,19.33938183,0.053571203,0.805064542
1093,CHE_2023,3,1,3,PI472175,18.1116587,0.386269043,0.797110028
1647,CHE_2023,3,2,7,PI472175,18.22440558,0.003388115,0.783906789
1257,CHE_2023,3,1,7,PI472188,19.80025592,0.017316765,0.79249912
1347,CHE_2023,3,2,3,PI472188,18.36368313,0.047930516,0.796097769
1198,CHE_2023,3,1,6,PI472194,18.76961455,0.032653015,0.798623195
1491,CHE_2023,3,2,6,PI472194,18.62434906,0.031822243,0.793891265
1236,CHE_2023,3,1,9,PI472200,19.31373697,0.066573004,0.805250815
1577,CHE_2023,3,2,7,PI472200,18.20516838,0.022758146,0.802770183
1086,CHE_2023,3,1,3,PI472205,21.64224975,0.074172168,0.821021139
1396,CHE_2023,3,2,1,PI472205,19.56254527,0.044851927,0.788256614
1183,CHE_2023,3,1,4,PI472213,19.65139431,0.024196557,0.80944729
1628,CHE_2023,3,2,9,PI472213,19.41312228,0.061741159,0.824906485
1167,CHE_2023,3,1,6,PI472224,19.74809792,0.031365489,0.810457503
1429,CHE_2023,3,2,1,PI472224,18.25769026,0,0.799895512
1047,CHE_2023,3,1,2,PI472274,20.47161832,0.046648558,0.799429362
1588,CHE_2023,3,2,8,PI472274,18.12508539,0,0.795352182
1280,CHE_2023,3,1,8,PI472316,20.90147453,0.161569362,0.806001091
1472,CHE_2023,3,2,4,PI472316,17.47458158,0,0.786516442
1142,CHE_2023,3,1,4,PI472320,19.05121521,0,0.808977867
1476,CHE_2023,3,2,5,PI472320,18.11288631,0,0.791687244
1146,CHE_2023,3,1,4,PI472327,18.48432358,0.005886635,0.794662798
1366,CHE_2023,3,2,1,PI472327,18.85028128,0,0.793185259
1100,CHE_2023,3,1,2,PI472331,19.64331594,0.036203661,0.796392832
1608,CHE_2023,3,2,7,PI472331,18.67493446,0,0.80414999
1215,CHE_2023,3,1,4,PI472339,18.92743974,0.033971763,0.79767742
1346,CHE_2023,3,2,3,PI472339,18.88053646,0,0.79852908
1274,CHE_2023,3,1,9,PI472340,21.73486814,0.219683615,0.815277707
1325,CHE_2023,3,2,1,PI472340,18.02513253,0.026612753,0.794154736
1320,CHE_2023,3,1,7,PI472354,17.12705211,0.010732141,0.789620829
1610,CHE_2023,3,2,7,PI472354,18.76136135,0.039323118,0.80560768
1200,CHE_2023,3,1,6,PI472372,20.65829088,0.217669581,0.82275358
1466,CHE_2023,3,2,4,PI472372,17.999305,0,0.79760857
1064,CHE_2023,3,1,2,PI472380,19.66651129,0.017177247,0.796914558
1613,CHE_2023,3,2,7,PI472380,17.93143542,0.002752647,0.801130852
1126,CHE_2023,3,1,6,PI472383,19.41319554,0.029722269,0.810117828
1639,CHE_2023,3,2,8,PI472383,19.4760633,0.026444075,0.797280629
1023,CHE_2023,3,1,3,PI472416,19.11214764,0.327907902,0.794061772
1285,CHE_2023,3,1,7,PI472452,18.10353376,0.034881885,0.791005261
1399,CHE_2023,3,2,1,PI472452,17.35886172,0.025867439,0.784756779
1465,CHE_2023,3,2,4,PI472458,18.74657119,0.023632237,0.793662731
1020,CHE_2023,3,1,3,PI472484,18.99794656,0.380710922,0.792998777
1598,CHE_2023,3,2,9,PI472484,17.18489131,0.003240396,0.805862099
1029,CHE_2023,3,1,2,PI472488,19.81618716,0.029751453,0.810263706
1341,CHE_2023,3,2,3,PI472488,19.4420238,0.036389841,0.803792968
1039,CHE_2023,3,1,1,PI472535,20.25784048,0.016616141,0.807775592
1378,CHE_2023,3,2,3,PI472535,17.90016308,0,0.781895068
1185,CHE_2023,3,1,4,PI472549,19.17334667,0.034454665,0.802130253
1572,CHE_2023,3,2,7,PI472549,18.62340959,0,0.790968387
1245,CHE_2023,3,1,8,PI472559,18.86823087,0.028613308,0.792332355
1490,CHE_2023,3,2,6,PI472559,17.52488192,0,0.791872846
1127,CHE_2023,3,1,6,PI472561,19.33158352,0.02033841,0.803078164
1379,CHE_2023,3,2,3,PI472561,19.47501547,0,0.79210235
1216,CHE_2023,3,1,4,PI472562,21.55966074,0.228982875,0.828990358
1548,CHE_2023,3,2,8,PI472562,17.55175199,0.006810449,0.794940919
1295,CHE_2023,3,1,8,PI472564,21.3003673,0.080595476,0.809557245
1143,CHE_2023,3,1,4,PI472569,18.46225511,0.016885986,0.787122604
1626,CHE_2023,3,2,9,PI472569,17.23218156,0.01153253,0.787358185
1468,CHE_2023,3,2,4,PI472588,19.71922544,0.060580142,0.798745185
1026,CHE_2023,3,1,2,PI472590,21.33435539,0.044986985,0.816424062
1528,CHE_2023,3,2,6,PI472590,20.25969034,0.076282111,0.813928446
1037,CHE_2023,3,1,1,PI472615,20.93870609,0.037521576,0.804834723
1554,CHE_2023,3,2,9,PI472615,19.41128357,0.046710797,0.793162721
1042,CHE_2023,3,1,1,PI472629,21.26364674,0.458191472,0.8258887
1523,CHE_2023,3,2,6,PI472629,21.92451232,0.090697385,0.828323887
1116,CHE_2023,3,1,5,PI472632,19.7278532,0.064949823,0.802393412
1464,CHE_2023,3,2,4,PI472632,21.16180222,0.107011386,0.822984762
1099,CHE_2023,3,1,2,PI476365,22.73364063,0.069150998,0.814102954
1395,CHE_2023,3,2,1,PI476365,22.17492252,0.016213903,0.83076441
1011,CHE_2023,3,1,2,PI477921,21.99519205,0.076848365,0.826758234
1074,CHE_2023,3,1,1,PI486127,19.37121266,0.026774954,0.809387233
1075,CHE_2023,3,1,1,PI486128,22.37939954,0.020092464,0.837325825
1519,CHE_2023,3,2,6,PI486128,22.71903995,0.102995441,0.822790463
1249,CHE_2023,3,1,7,PI490288,21.47027946,0.00999064,0.817344113
1469,CHE_2023,3,2,4,PI490288,21.00953569,0.084968621,0.800270836
1106,CHE_2023,3,1,1,PI490289,21.69526386,0.089032203,0.81220087
1486,CHE_2023,3,2,6,PI490289,18.28028654,0.039020794,0.798110571
1293,CHE_2023,3,1,7,PI508090,20.18741341,0.03859774,0.799665806
1008,CHE_2023,3,1,2,PI518731,21.06683781,0.033591833,0.8333728
1536,CHE_2023,3,2,4,PI518731,23.43361234,0.096753122,0.831662905
1038,CHE_2023,3,1,1,PI518732,20.40329882,0.215489067,0.818768103
1440,CHE_2023,3,2,5,PI518732,18.80510606,0,0.801529581
1281,CHE_2023,3,1,8,PI518733,21.84702534,0.119569219,0.808867638
1617,CHE_2023,3,2,7,PI518733,19.35682619,0.032441951,0.816896372
1266,CHE_2023,3,1,9,PI518734,19.74958715,0.04748033,0.808582402
1606,CHE_2023,3,2,8,PI518734,21.46912515,0.088967319,0.821064728
1014,CHE_2023,3,1,3,PI533688,29.80813305,0.055874162,0.872008162
1584,CHE_2023,3,2,8,PI533688,19.68565203,0.034962312,0.805466003
1336,CHE_2023,3,2,2,PI533690,21.08883242,0.062753703,0.810085455
1069,CHE_2023,3,1,1,PI533691,22.25416801,0.037099948,0.842285385
1568,CHE_2023,3,2,8,PI533691,21.61217249,0.074394096,0.81074648
1062,CHE_2023,3,1,2,PI533693,21.44733186,0.045565121,0.828073622
1393,CHE_2023,3,2,1,PI533693,20.58821603,0.037493319,0.810172185
1301,CHE_2023,3,1,9,PI577168,20.87217482,0.070654813,0.822276131
1331,CHE_2023,3,2,2,PI577168,20.21304454,0.090034083,0.830336144
1314,CHE_2023,3,1,8,PI606570,18.85375756,0.048292096,0.802739631
1431,CHE_2023,3,2,1,PI606570,19.33304224,0.042501675,0.808219549
1287,CHE_2023,3,1,7,ILL1220,25.31100002,0.194239597,0.870303821
1211,CHE_2023,3,1,4,W627754,20.04107683,0.081026761,0.822820835
1581,CHE_2023,3,2,7,W627754,17.57357568,0.003314638,0.802442143
1313,CHE_2023,3,1,8,W627758,21.12552442,0.019255083,0.801311536
1413,CHE_2023,3,2,3,W627758,21.08088933,0.032528102,0.819877583
1158,CHE_2023,3,1,6,W627759,20.12610665,0.029458486,0.821853274
1585,CHE_2023,3,2,8,W627759,21.18631807,0.062730579,0.827429195
1195,CHE_2023,3,1,6,W627760,21.31254433,0.016133956,0.79807804
1449,CHE_2023,3,2,6,W627760,19.00473868,0.027428214,0.812933938
1144,CHE_2023,3,1,4,W627761,21.15880296,0.095802148,0.800567961
1506,CHE_2023,3,2,4,W627761,19.4758275,0.080066479,0.792872814
1095,CHE_2023,3,1,3,W627762,21.36224213,0.054922128,0.80191069
1566,CHE_2023,3,2,8,W627762,19.08028019,0.006560951,0.788544921
1276,CHE_2023,3,1,9,W627763,21.51101509,0.062170721,0.822132478
1604,CHE_2023,3,2,8,W627763,19.54977439,0.072662796,0.792048748
1125,CHE_2023,3,1,6,W627765,20.0923053,0.03009032,0.788296185
1394,CHE_2023,3,2,1,W627765,21.45899125,0.059024448,0.801685575
1036,CHE_2023,3,1,1,W627766,20.20033951,0,0.814226493
1489,CHE_2023,3,2,6,W627766,19.24990659,0.060754664,0.790732569
1035,CHE_2023,3,1,1,W627767,20.13708978,0.055861836,0.822196179
1460,CHE_2023,3,2,5,W627767,18.80591664,0.073344034,0.813750852
1214,CHE_2023,3,1,4,W627768,20.45871341,0.080487043,0.793325979
1630,CHE_2023,3,2,9,W627768,19.87669195,0.059016211,0.800363989
1115,CHE_2023,3,1,5,W627780,20.00107241,0.043716933,0.802836986
1482,CHE_2023,3,2,6,W627780,23.04924275,0.103830518,0.819584006
1297,CHE_2023,3,1,8,W627781,19.32634883,0.032733696,0.799601699
1625,CHE_2023,3,2,9,W627781,20.24546586,0.039969254,0.816750156
1159,CHE_2023,3,1,6,W627782,20.79921423,0.033830576,0.802430105
1543,CHE_2023,3,2,7,W627782,20.42326435,0.009336478,0.804942568
2338,WPR_2024,4,1,17,ILL1005,19.93692263,0.028439068,0.809179096
2803,WPR_2024,4,2,16,ILL1005,20.52455602,0.021882068,0.805630689
2446,WPR_2024,4,1,22,ILL10284,22.27592349,0.043833015,0.839528976
2881,WPR_2024,4,2,20,ILL10284,22.2011883,0.027037246,0.862704829
2035,WPR_2024,4,1,2,ILL10690,21.96365794,0.272624604,0.82552487
2660,WPR_2024,4,2,8,ILL10690,20.28453657,0.04486627,0.8107042
2106,WPR_2024,4,1,6,ILL10810,20.65057374,0.073080473,0.808837356
2677,WPR_2024,4,2,9,ILL10810,19.81806024,0.058863413,0.797673036
2401,WPR_2024,4,1,20,ILL10825,21.73510136,0.070603006,0.816580586
2509,WPR_2024,4,2,1,ILL10825,17.87261155,0.000585845,0.78973906
2086,WPR_2024,4,1,5,ILL10826,21.0745486,0.053649907,0.813017632
2675,WPR_2024,4,2,9,ILL10826,18.92156789,0.026983084,0.794077285
2275,WPR_2024,4,1,14,ILL10863,20.08445341,0.062486942,0.821165035
2551,WPR_2024,4,2,3,ILL10863,20.9958073,0.045994994,0.81082478
2048,WPR_2024,4,1,3,ILL10864,20.79040571,0.046422386,0.815931801
2754,WPR_2024,4,2,13,ILL10864,20.27897711,0.051914409,0.80028253
2189,WPR_2024,4,1,10,ILL10865,22.41955192,0.055627978,0.818898753
2719,WPR_2024,4,2,11,ILL10865,20.63860532,0.038682094,0.801136711
2152,WPR_2024,4,1,8,ILL10866,18.62937059,0.004343504,0.826913233
2513,WPR_2024,4,2,1,ILL10866,19.57090214,0.007609426,0.814609195
2347,WPR_2024,4,1,18,ILL10947,21.79405066,0.035105928,0.818191051
2713,WPR_2024,4,2,11,ILL10947,19.7105458,0.023419282,0.802999565
2123,WPR_2024,4,1,7,ILL1097,26.7824947,0.038823873,0.901724624
2850,WPR_2024,4,2,18,ILL1097,20.9772242,0.055925133,0.796338506
2177,WPR_2024,4,1,9,ILL1460,20.58953726,0.030010788,0.830828403
2644,WPR_2024,4,2,8,ILL1460,19.4449415,0.012309722,0.813128984
2218,WPR_2024,4,1,11,ILL1474,19.92698654,0.007942654,0.823008559
2980,WPR_2024,4,2,24,ILL1474,21.34530521,0.009493756,0.880956661
2109,WPR_2024,4,1,6,ILL1649,19.49760714,0.022832771,0.805915984
2789,WPR_2024,4,2,15,ILL1649,21.13983026,0.045155056,0.808449937
2087,WPR_2024,4,1,5,ILL1671,20.85281931,0.033203389,0.830653125
2817,WPR_2024,4,2,16,ILL1671,20.98872462,0.013324143,0.809127769
2378,WPR_2024,4,1,19,ILL1706,20.26390734,0.064288276,0.816722557
2576,WPR_2024,4,2,4,ILL1706,20.34322581,0.048076542,0.803034294
2480,WPR_2024,4,1,24,ILL1861,20.86070524,0.065385512,0.817122813
2822,WPR_2024,4,2,17,ILL1861,20.88584619,0.068487256,0.80671351
2402,WPR_2024,4,1,20,ILL1890,20.87893668,0.044173571,0.828363496
2609,WPR_2024,4,2,6,ILL1890,19.35862556,0,0.801096707
2220,WPR_2024,4,1,11,ILL1959,21.42629449,0.170685295,0.834706881
2825,WPR_2024,4,2,17,ILL1959,21.35891287,0.076364914,0.830111229
2140,WPR_2024,4,1,7,ILL2181,20.18163122,0.028346263,0.821502852
2734,WPR_2024,4,2,12,ILL2181,19.53211885,0,0.818609631
2006,WPR_2024,4,1,1,ILL2230,20.36327717,0.075193326,0.816540553
2801,WPR_2024,4,2,16,ILL2230,20.29865789,0.022250082,0.818147682
2007,WPR_2024,4,1,1,ILL2231,19.90298984,0.009815662,0.808282538
2896,WPR_2024,4,2,20,ILL2231,23.04757304,0.032156991,0.88222843
2235,WPR_2024,4,1,12,ILL2297,21.05341288,0.030126527,0.825071287
2659,WPR_2024,4,2,8,ILL2297,20.43150818,0.050522947,0.801715234
2052,WPR_2024,4,1,3,ILL2406,19.56805224,0.04583219,0.817761399
2859,WPR_2024,4,2,18,ILL2406,22.03712394,0.037077382,0.878439565
2448,WPR_2024,4,1,23,ILL3485,21.58334448,0.05073114,0.821261702
2507,WPR_2024,4,2,1,ILL3485,19.97404356,0.052518744,0.801794721
2163,WPR_2024,4,1,9,ILL3487,20.0499951,0.030087016,0.809244347
2666,WPR_2024,4,2,9,ILL3487,20.11296417,0.040517294,0.80374383
2093,WPR_2024,4,1,5,ILL3517,19.8871715,0.01266959,0.830905997
2624,WPR_2024,4,2,7,ILL3517,19.50389829,0.011087174,0.801728764
2348,WPR_2024,4,1,18,ILL4152,21.22260123,0.03694275,0.821210502
2568,WPR_2024,4,2,4,ILL4152,20.18418589,0.012417341,0.816934565
2139,WPR_2024,4,1,7,ILL4164,21.03149246,0.064245605,0.817122544
2680,WPR_2024,4,2,9,ILL4164,19.90901576,0.02910772,0.809373344
2281,WPR_2024,4,1,14,ILL4345,20.83276398,0.032478474,0.822557712
2936,WPR_2024,4,2,22,ILL4345,21.0797127,0.061709996,0.828245313
2135,WPR_2024,4,1,7,ILL4409,20.21419481,0.027679884,0.826264488
2895,WPR_2024,4,2,20,ILL4409,23.17865439,0.026141348,0.880948513
2447,WPR_2024,4,1,23,ILL4471,19.67696923,0.001617034,0.818777951
2640,WPR_2024,4,2,7,ILL4471,19.16977935,0.015803617,0.810613004
2457,WPR_2024,4,1,23,ILL4605,20.65472184,0.046183204,0.812140116
2725,WPR_2024,4,2,12,ILL4605,20.46380243,0,0.810797889
2099,WPR_2024,4,1,5,ILL4606,22.42002207,0.087459775,0.827806156
2552,WPR_2024,4,2,3,ILL4606,20.36829846,0.021905869,0.80679034
2266,WPR_2024,4,1,14,ILL4671,20.46051983,0.045776119,0.824813281
2569,WPR_2024,4,2,4,ILL4671,21.11261775,0.035450068,0.827700296
2334,WPR_2024,4,1,17,ILL4738,20.2811696,0.132304188,0.823967281
2511,WPR_2024,4,2,1,ILL4738,18.29526231,0.028785567,0.818305518
2212,WPR_2024,4,1,11,ILL4774,22.78220957,0.046810582,0.8240596
2711,WPR_2024,4,2,11,ILL4774,20.14590412,0.030498987,0.804068491
2410,WPR_2024,4,1,21,ILL4778,22.01537181,0.028562264,0.815089668
2523,WPR_2024,4,2,2,ILL4778,20.14965852,0.060913109,0.821846418
2285,WPR_2024,4,1,15,ILL4781,21.28707612,0.026359773,0.84682409
2209,WPR_2024,4,1,11,ILL4782,19.44228,0.024992971,0.802789393
2747,WPR_2024,4,2,13,ILL4782,18.7190745,0.026624976,0.793636712
2257,WPR_2024,4,1,13,ILL4791,19.84850567,0.079799614,0.817183088
2868,WPR_2024,4,2,19,ILL4791,23.97672943,0.057511961,0.89581709
2434,WPR_2024,4,1,22,ILL4804,20.25887551,0.028864238,0.80707238
2694,WPR_2024,4,2,10,ILL4804,20.06133009,0.077117872,0.796256516
2292,WPR_2024,4,1,15,ILL4819,21.42669836,0.030174007,0.819045275
2635,WPR_2024,4,2,7,ILL4819,21.50978349,0.076526538,0.791646329
2403,WPR_2024,4,1,20,ILL4830,20.82158033,0.056676394,0.809035773
2718,WPR_2024,4,2,11,ILL4830,19.28911606,0.024967457,0.811048774
2141,WPR_2024,4,1,8,ILL4831,20.88449349,0.028165916,0.816491789
2701,WPR_2024,4,2,11,ILL4831,20.69457754,0.053360009,0.794114019
2090,WPR_2024,4,1,5,ILL4841,20.20301958,0.042157909,0.823049403
2540,WPR_2024,4,2,2,ILL4841,18.75429867,0.017344266,0.809894456
2041,WPR_2024,4,1,3,ILL4857,19.27386976,0.078817457,0.812231537
2510,WPR_2024,4,2,1,ILL4857,20.47744763,0.075737545,0.827013773
2084,WPR_2024,4,1,5,ILL4875,20.48096982,0.0587942,0.827530649
2784,WPR_2024,4,2,15,ILL4875,21.49366118,0.059764985,0.816424055
2392,WPR_2024,4,1,20,ILL4886,19.59099716,0.028359163,0.814725628
2535,WPR_2024,4,2,2,ILL4886,20.42322893,0.0334974,0.813369336
2113,WPR_2024,4,1,6,ILL4899,19.2286596,0.020612202,0.819538843
2913,WPR_2024,4,2,21,ILL4899,22.13569511,0.069818496,0.861461872
2681,WPR_2024,4,2,10,ILL4900,18.7320831,0.052797219,0.795339868
2321,WPR_2024,4,1,16,ILL4915,21.01456169,0.022518903,0.820184344
2826,WPR_2024,4,2,17,ILL4915,19.25631472,0.015291898,0.802802533
2382,WPR_2024,4,1,19,ILL4956,20.63589518,0.027197061,0.80910293
2657,WPR_2024,4,2,8,ILL4956,19.36465152,0.018970021,0.804460547
2250,WPR_2024,4,1,13,ILL5028,19.61475505,0.052487864,0.814869959
2146,WPR_2024,4,1,8,ILL5151,20.00524626,0.009263965,0.818574362
2873,WPR_2024,4,2,19,ILL5151,22.84638554,0.177854241,0.858363473
2341,WPR_2024,4,1,17,ILL5261,19.59336542,0.032490433,0.804390282
2615,WPR_2024,4,2,6,ILL5261,20.35447969,0.020307125,0.793371257
2679,WPR_2024,4,2,9,ILL5384,20.20141729,0.028040046,0.809892651
2226,WPR_2024,4,1,12,ILL5416,19.59781109,0,0.822063256
2909,WPR_2024,4,2,21,ILL5416,20.93369328,0.015093973,0.871341357
2055,WPR_2024,4,1,3,ILL5424,22.99815209,0.118907812,0.822990913
2664,WPR_2024,4,2,9,ILL5424,19.88525516,0,0.802257154
2198,WPR_2024,4,1,10,ILL5505,21.39867305,0.043224871,0.815266484
2856,WPR_2024,4,2,18,ILL5505,21.6802703,0.038121525,0.859389899
2367,WPR_2024,4,1,19,ILL5509,22.43611973,0.151727085,0.834924932
2890,WPR_2024,4,2,20,ILL5509,20.53171604,0.055747384,0.840566113
2179,WPR_2024,4,1,9,ILL5519,21.23398017,0.069636604,0.812074034
2816,WPR_2024,4,2,16,ILL5519,21.16265457,0.039298967,0.805656215
2926,WPR_2024,4,2,22,ILL5533,20.80621514,0.053025604,0.871873205
2110,WPR_2024,4,1,6,ILL5537,20.21795005,0.041887783,0.806194244
2806,WPR_2024,4,2,16,ILL5537,19.73796592,0.028427823,0.801503153
2222,WPR_2024,4,1,12,ILL5553,21.51212969,0.075498177,0.809382565
2922,WPR_2024,4,2,22,ILL5553,20.79750372,0.079889041,0.842274905
2485,WPR_2024,4,1,24,ILL5595,21.31850639,0.059760773,0.826568856
2669,WPR_2024,4,2,9,ILL5595,19.36407826,0.018500747,0.80153369
2421,WPR_2024,4,1,21,ILL5626,20.49371439,0.028325181,0.82296588
2533,WPR_2024,4,2,2,ILL5626,19.85680442,0.045433488,0.810474029
2117,WPR_2024,4,1,6,ILL5639,21.83492983,0.055629158,0.820282956
2501,WPR_2024,4,2,1,ILL5639,19.2875106,0.027861508,0.803398906
2175,WPR_2024,4,1,9,ILL5645,20.65472604,0.074144071,0.82936561
2845,WPR_2024,4,2,18,ILL5645,20.22242579,0.030520562,0.805475583
2489,WPR_2024,4,1,25,ILL5653,20.81744767,0.041594846,0.829746303
2855,WPR_2024,4,2,18,ILL5653,21.57309018,0.045308237,0.858951336
2372,WPR_2024,4,1,19,ILL5956,20.10663694,0.069587911,0.812754951
2844,WPR_2024,4,2,18,ILL5956,20.37201713,0.092943871,0.812748605
2390,WPR_2024,4,1,20,ILL5968,21.86328986,0.047305698,0.816950483
2631,WPR_2024,4,2,7,ILL5968,20.19343245,0.02220806,0.804019782
2137,WPR_2024,4,1,7,ILL5988,21.87532882,0.052593395,0.822262864
2768,WPR_2024,4,2,14,ILL5988,20.79304422,0.02802215,0.805282353
2128,WPR_2024,4,1,7,ILL6001,22.0022762,0.032473562,0.826321226
2838,WPR_2024,4,2,17,ILL6001,20.59356268,0.03772675,0.801375139
2435,WPR_2024,4,1,22,ILL6126,20.52392747,0,0.811804041
2829,WPR_2024,4,2,17,ILL6126,20.22814835,0.021145817,0.799670259
2145,WPR_2024,4,1,8,ILL6149,20.9912733,0.036311652,0.825855695
2787,WPR_2024,4,2,15,ILL6149,21.33815958,0.037356334,0.80621456
2255,WPR_2024,4,1,13,ILL6199,18.8985334,0.040084515,0.815049387
2573,WPR_2024,4,2,4,ILL6199,20.08007068,0.02841117,0.815232031
2076,WPR_2024,4,1,4,ILL6281,20.1810169,0.027305989,0.809301398
2966,WPR_2024,4,2,24,ILL6281,20.46103656,0.024375323,0.85599288
2251,WPR_2024,4,1,13,ILL6350,19.25954972,0.032294574,0.814250709
2925,WPR_2024,4,2,22,ILL6350,20.53322369,0.039091567,0.836574305
2362,WPR_2024,4,1,18,ILL6406,19.52898303,0.01246318,0.804024579
2708,WPR_2024,4,2,11,ILL6406,20.02222891,0.045209427,0.794787849
2831,WPR_2024,4,2,17,ILL6415,22.84968144,0.131799993,0.821011816
2027,WPR_2024,4,1,2,ILL6493,23.56074951,0.282804132,0.832243105
2961,WPR_2024,4,2,24,ILL6493,23.36149048,0.022972489,0.887499532
2331,WPR_2024,4,1,17,ILL6528,22.16645173,0.049134305,0.824386189
2686,WPR_2024,4,2,10,ILL6528,19.18358055,0.037176634,0.801842653
2033,WPR_2024,4,1,2,ILL6644,19.87152301,0.004667836,0.81658167
2597,WPR_2024,4,2,5,ILL6644,19.64940389,0,0.803091725
2085,WPR_2024,4,1,5,ILL6750,21.40500758,0.03648695,0.821706496
2693,WPR_2024,4,2,10,ILL6750,19.87836114,0.003816627,0.810443805
2122,WPR_2024,4,1,7,ILL6783,19.94084519,0.004806893,0.804253232
2914,WPR_2024,4,2,21,ILL6783,25.24838732,0.073538143,0.906922791
2091,WPR_2024,4,1,5,ILL6848,20.70252506,0.037599537,0.78647881
2577,WPR_2024,4,2,4,ILL6848,19.3473372,0.011702363,0.807365421
2323,WPR_2024,4,1,16,ILL6870,20.06215457,0.042746593,0.800897182
2941,WPR_2024,4,2,23,ILL6870,20.60265354,0.070265547,0.837306304
2049,WPR_2024,4,1,3,ILL6925,21.30859771,0.268493746,0.832838055
2731,WPR_2024,4,2,12,ILL6925,19.96100999,0.028777654,0.79816556
2308,WPR_2024,4,1,16,ILL6994,20.03821671,0.013687086,0.810589462
2968,WPR_2024,4,2,24,ILL6994,23.79236802,0.193880417,0.862281507
2312,WPR_2024,4,1,16,ILL7012,21.28845338,0.056331057,0.813053981
2618,WPR_2024,4,2,6,ILL7012,21.2902664,0.032931649,0.799480558
2432,WPR_2024,4,1,22,ILL705,19.31225021,0,0.812146023
2981,WPR_2024,4,2,25,ILL705,21.84401839,0.05432502,0.864468462
2054,WPR_2024,4,1,3,ILL7070,20.23770425,0.063063445,0.823385362
2720,WPR_2024,4,2,11,ILL7070,19.0567558,0,0.803347624
2224,WPR_2024,4,1,12,ILL7084,21.80421477,0.019931686,0.821319616
2243,WPR_2024,4,1,13,ILL7090,20.42077832,0.062570182,0.816688269
2636,WPR_2024,4,2,7,ILL7090,20.24347134,0.044174123,0.801582659
2967,WPR_2024,4,2,24,ILL71,24.13290435,0.250185074,0.88438096
2274,WPR_2024,4,1,14,ILL7108,19.25742165,0.048921562,0.81907322
2715,WPR_2024,4,2,11,ILL7108,17.98165147,0.011409248,0.788474857
2464,WPR_2024,4,1,23,ILL719,20.9329024,0.038797444,0.824662411
2736,WPR_2024,4,2,12,ILL719,21.11932838,0,0.807596353
2056,WPR_2024,4,1,3,ILL7437,20.79524618,0.073067031,0.820722224
2564,WPR_2024,4,2,4,ILL7437,19.90149079,0.025388741,0.809163503
2454,WPR_2024,4,1,23,ILL7495,21.26687491,0.056503587,0.821829069
2530,WPR_2024,4,2,2,ILL7495,21.1413636,0.055855899,0.83002233
2184,WPR_2024,4,1,10,ILL7650,20.99493053,0.038960846,0.809167264
2522,WPR_2024,4,2,2,ILL7650,20.67309292,0.062335927,0.803164354
2283,WPR_2024,4,1,14,ILL7686,20.25940985,0.00292275,0.814634629
2839,WPR_2024,4,2,17,ILL7686,22.11330832,0.150201384,0.804802051
2079,WPR_2024,4,1,4,ILL769,23.06583946,0.054782244,0.825896704
2793,WPR_2024,4,2,15,ILL769,21.58436549,0.05904438,0.817137975
2295,WPR_2024,4,1,15,ILL7727,20.31721733,0.022075251,0.819101665
2656,WPR_2024,4,2,8,ILL7727,18.93953172,0.033863964,0.79360183
2160,WPR_2024,4,1,8,ILL7745,19.56122068,0.034468073,0.815979288
2970,WPR_2024,4,2,24,ILL7745,21.48685893,0.018861488,0.846445354
2124,WPR_2024,4,1,7,ILL7774,20.90661764,0.024915512,0.803647004
2748,WPR_2024,4,2,13,ILL7774,19.07446415,0,0.799736054
2156,WPR_2024,4,1,8,ILL7789,18.98176504,0.052518675,0.799555605
2767,WPR_2024,4,2,14,ILL7789,20.07437437,0.035093099,0.821394397
2092,WPR_2024,4,1,5,ILL7979,19.98518383,0.069488384,0.820794845
2949,WPR_2024,4,2,23,ILL7979,23.75707528,0.076784942,0.876354879
2186,WPR_2024,4,1,10,ILL7981,22.22415405,0.052569852,0.811236938
2814,WPR_2024,4,2,16,ILL7981,20.86931822,0.054404412,0.80319752
2017,WPR_2024,4,1,1,ILL8010,20.13507854,0.038110774,0.817291514
2556,WPR_2024,4,2,3,ILL8010,18.80060427,0.014487771,0.806345485
2148,WPR_2024,4,1,8,ILL8114,19.69540879,0.059498704,0.816328115
2820,WPR_2024,4,2,16,ILL8114,20.93945095,0.005117545,0.80774936
2462,WPR_2024,4,1,23,ILL82,21.17101131,0.031567873,0.824258771
2642,WPR_2024,4,2,8,ILL82,20.83938025,0.070303738,0.809441548
2386,WPR_2024,4,1,20,ILL840,20.49907503,0.015479716,0.811977293
2982,WPR_2024,4,2,25,ILL840,21.54426755,0.010942002,0.878947576
2108,WPR_2024,4,1,6,ILL858,20.44613664,0.055161714,0.815951969
2888,WPR_2024,4,2,20,ILL858,21.91691801,0.034285144,0.869926879
2200,WPR_2024,4,1,10,ILL86,24.31836737,0.042797587,0.836020365
2649,WPR_2024,4,2,8,ILL86,20.84886853,0.053973201,0.827391348
2080,WPR_2024,4,1,4,ILL8614,21.49391534,0.062221005,0.808206803
2647,WPR_2024,4,2,8,ILL8614,19.34613333,0.041728177,0.799010268
2095,WPR_2024,4,1,5,ILL890,20.68592987,0.073772897,0.831403634
2585,WPR_2024,4,2,5,ILL890,19.26007609,0,0.791384374
2025,WPR_2024,4,1,2,ILL918,21.20296967,0.04419711,0.812510538
2630,WPR_2024,4,2,7,ILL918,20.74581687,0.062326008,0.805561538
2256,WPR_2024,4,1,13,ILL956,19.15766101,0.031616552,0.806650971
2976,WPR_2024,4,2,24,ILL956,22.26508766,0.040369195,0.867365695
2419,WPR_2024,4,1,21,ILL9951,20.1681837,0.027588455,0.834512642
2557,WPR_2024,4,2,3,ILL9951,20.10474316,0.017432835,0.812601065
2416,WPR_2024,4,1,21,L24,19.78998089,0.026336605,0.81160998
2632,WPR_2024,4,2,7,L24,19.66057727,0.027831678,0.804889844
2393,WPR_2024,4,1,20,PI163589,19.34808923,0,0.808158581
2973,WPR_2024,4,2,24,PI163589,20.65414071,0.03512786,0.861959884
2278,WPR_2024,4,1,14,PI165586,20.59035546,0.094778888,0.823025186
2638,WPR_2024,4,2,7,PI165586,19.82271586,0.05038154,0.798543678
2491,WPR_2024,4,1,25,PI169534,21.23318867,0.045490966,0.827518025
2541,WPR_2024,4,2,3,PI169534,19.64561972,0.022113985,0.817645334
2279,WPR_2024,4,1,14,PI174246,20.42305384,0.089684577,0.841298649
2969,WPR_2024,4,2,24,PI174246,21.67866331,0.16198196,0.859348709
2028,WPR_2024,4,1,2,PI175754,17.98666451,0.02309696,0.808192859
2700,WPR_2024,4,2,10,PI175754,19.86515505,0.066836421,0.822650077
2470,WPR_2024,4,1,24,ILL151,21.85452794,0.03334593,0.829962515
2514,WPR_2024,4,2,1,ILL151,18.94625257,0.063269785,0.81716171
2181,WPR_2024,4,1,10,PI177442,20.32049407,0.092128395,0.831106357
2603,WPR_2024,4,2,6,PI177442,19.82521368,0.023654008,0.793878891
2428,WPR_2024,4,1,22,PI178939,20.15913971,0.017071501,0.816669454
2645,WPR_2024,4,2,8,PI178939,18.29417291,0.013143253,0.807199523
2349,WPR_2024,4,1,18,PI178940,21.83757175,0.101865682,0.838930481
2648,WPR_2024,4,2,8,PI178940,18.96199764,0.025979432,0.797403087
2335,WPR_2024,4,1,17,ILL167,19.69468733,0.035884311,0.809180934
2931,WPR_2024,4,2,22,ILL167,22.14434098,0.047899078,0.857182506
2299,WPR_2024,4,1,15,PI178971,19.90590092,0.021879185,0.840660402
2781,WPR_2024,4,2,15,PI178971,19.85657251,0.027855248,0.80563023
2354,WPR_2024,4,1,18,PI179324,20.55646116,0.029290934,0.809798595
2528,WPR_2024,4,2,2,PI179324,20.20204955,0.006186456,0.804906147
2728,WPR_2024,4,2,12,ILL186,20.66425571,0.069696143,0.80651254
2014,WPR_2024,4,1,1,PI181771,19.76991979,0.027818619,0.80238006
2512,WPR_2024,4,2,1,PI181771,19.84496639,0.030537822,0.808709207
2344,WPR_2024,4,1,17,PI181886,20.02174765,0.123436913,0.823524988
2774,WPR_2024,4,2,14,PI181886,19.78270288,0.006928621,0.81004171
2261,WPR_2024,4,1,13,PI182217,20.16922884,0.05277927,0.85313854
2515,WPR_2024,4,2,1,PI182217,19.44312744,0.044499471,0.811638381
2337,WPR_2024,4,1,17,PI193547,19.12007423,0.033410372,0.808105193
2757,WPR_2024,4,2,13,PI193547,20.65999237,0.051178443,0.800607236
2373,WPR_2024,4,1,19,PI193548,19.80233753,0.052897994,0.80733986
2912,WPR_2024,4,2,21,PI193548,22.85444136,0.102879321,0.85157729
2472,WPR_2024,4,1,24,PI193817,20.68394734,0.050200389,0.810994955
2578,WPR_2024,4,2,4,PI193817,20.65725794,0.05437918,0.801753729
2098,WPR_2024,4,1,5,PI207492,22.66745595,0.050610012,0.824023822
2835,WPR_2024,4,2,17,PI207492,21.4415333,0.006753136,0.803925654
2071,WPR_2024,4,1,4,ILL211,20.65643972,0.211160706,0.809721295
2610,WPR_2024,4,2,6,ILL211,19.89170419,0.041640177,0.792372019
2456,WPR_2024,4,1,23,PI211052,20.35296814,0.036920287,0.848301093
2877,WPR_2024,4,2,19,PI211052,22.6829906,0.030035327,0.869204779
2276,WPR_2024,4,1,14,PI211602,21.32478223,0.098357645,0.845148993
2650,WPR_2024,4,2,8,PI211602,19.11816499,0.030320772,0.809217851
2074,WPR_2024,4,1,4,PI212100,19.93945871,0.04624378,0.815986414
2712,WPR_2024,4,2,11,PI212100,20.74803319,0.010151385,0.808586198
2112,WPR_2024,4,1,6,ILL217,19.72173613,0.047156374,0.823284188
2733,WPR_2024,4,2,12,ILL217,19.04648934,0.030521923,0.802480125
2057,WPR_2024,4,1,3,PI217949,20.67423379,0.041756755,0.818156766
2830,WPR_2024,4,2,17,PI217949,20.090878,0.053797439,0.81095651
2317,WPR_2024,4,1,16,PI229611,20.80173955,0,0.803263796
2863,WPR_2024,4,2,19,PI229611,24.03041926,0.154951317,0.849445154
2387,WPR_2024,4,1,20,PI238758,22.55936493,0.151742888,0.840984251
2740,WPR_2024,4,2,12,PI238758,20.60376275,0.023881839,0.816172338
2114,WPR_2024,4,1,6,PI244046,19.28787841,0.026780887,0.823005644
2652,WPR_2024,4,2,8,PI244046,19.9008836,0.039558,0.819801031
2379,WPR_2024,4,1,19,PI250156,21.58032452,0.190219776,0.841852411
2937,WPR_2024,4,2,22,PI250156,21.62863087,0.040815778,0.871774913
2455,WPR_2024,4,1,23,PI250158,21.58754476,0.053300957,0.843765613
2963,WPR_2024,4,2,24,PI250158,21.07199211,0.032369624,0.873596508
2263,WPR_2024,4,1,14,PI251032,20.94898047,0.031287454,0.832124712
2770,WPR_2024,4,2,14,PI251032,20.34172784,0.048448887,0.821441831
2046,WPR_2024,4,1,3,PI251248,21.4392186,0.09639996,0.815738354
2414,WPR_2024,4,1,21,PI251784,20.74617434,0.01274735,0.823945144
2891,WPR_2024,4,2,20,PI251784,21.58087676,0.007706237,0.862087112
2267,WPR_2024,4,1,14,ILL241,19.41467455,0.013564447,0.820013368
2951,WPR_2024,4,2,23,ILL241,23.33727798,0.174083348,0.880787936
2439,WPR_2024,4,1,22,PI273664,20.92624653,0.030284321,0.809913677
2893,WPR_2024,4,2,20,PI273664,21.5564341,0.041283509,0.835895132
2239,WPR_2024,4,1,12,PI280686,20.79632969,0.161053186,0.834365452
2723,WPR_2024,4,2,12,PI280686,19.1554633,0.035598992,0.810601294
2253,WPR_2024,4,1,13,PI283604,20.49037035,0.025896487,0.817285841
2620,WPR_2024,4,2,6,PI283604,20.32332174,0.021290023,0.802808077
2305,WPR_2024,4,1,15,PI289066,21.42394334,0.066372239,0.808484578
2763,WPR_2024,4,2,14,PI289066,22.58626002,0.063816899,0.830677879
2351,WPR_2024,4,1,18,PI289069,21.46380797,0.176154215,0.844598255
2940,WPR_2024,4,2,22,PI289069,21.80223505,0.032121768,0.863746451
2053,WPR_2024,4,1,3,PI289070,20.60746085,0.02862576,0.818434634
2819,WPR_2024,4,2,16,PI289070,21.18431265,0.02812804,0.811998112
2009,WPR_2024,4,1,1,PI289073,21.9644179,0.183556291,0.828226662
2714,WPR_2024,4,2,11,PI289073,19.63203144,0.04183186,0.816996362
2021,WPR_2024,4,1,2,PI289077,19.52655806,0.025723738,0.820408547
2810,WPR_2024,4,2,16,PI289077,19.89923462,0.047074948,0.812049381
2023,WPR_2024,4,1,2,PI289079,21.56609973,0.050914114,0.820141781
2663,WPR_2024,4,2,9,PI289079,21.00565889,0.009325649,0.812399448
2102,WPR_2024,4,1,6,PI290716,21.35487958,0.076998533,0.816052698
2619,WPR_2024,4,2,6,PI290716,20.84624512,0.046237135,0.813779943
2483,WPR_2024,4,1,24,PI297284,22.75636062,0.043597868,0.841524903
2600,WPR_2024,4,2,5,PI297284,20.96410566,0,0.798662547
2272,WPR_2024,4,1,14,PI297285,20.8927405,0.07646375,0.852967661
2988,WPR_2024,4,2,25,PI297285,22.42845199,0.0234921,0.880826281
2371,WPR_2024,4,1,19,ILL1922,19.77101304,0.0358508,0.820942703
2721,WPR_2024,4,2,12,ILL1922,20.43041777,0.015620367,0.803539974
2104,WPR_2024,4,1,6,PI297287,22.3447225,0.0761278,0.824751669
2547,WPR_2024,4,2,3,PI297287,20.09062128,0.051720109,0.808395475
2206,WPR_2024,4,1,11,PI297754,19.96909013,0,0.812900402
2581,WPR_2024,4,2,5,PI297754,20.44491375,0.023881958,0.8190115
2271,WPR_2024,4,1,14,PI297767,21.06351952,0.086582898,0.841806502
2611,WPR_2024,4,2,6,PI297767,18.24220994,0.009521928,0.806641164
2430,WPR_2024,4,1,22,PI297772,21.75894304,0.027583121,0.827976807
2703,WPR_2024,4,2,11,PI297772,20.64415451,0.017422623,0.79062917
2158,WPR_2024,4,1,8,ILL312,20.38910617,0.046685608,0.81005602
2639,WPR_2024,4,2,7,ILL312,18.8818753,0.033641277,0.794820109
2097,WPR_2024,4,1,5,PI297787,22.10706202,0.062133485,0.814495143
2617,WPR_2024,4,2,6,PI297787,19.21828164,0,0.795761962
2193,WPR_2024,4,1,10,ILL324,21.81776461,0,0.830145615
2898,WPR_2024,4,2,20,ILL324,23.93221025,0,0.89209813
2136,WPR_2024,4,1,7,PI298023,20.12577371,0.034632069,0.806149678
2958,WPR_2024,4,2,23,PI298023,22.73415924,0.151618572,0.871287211
2234,WPR_2024,4,1,12,PI298122,19.82650898,0.02345059,0.810325872
2127,WPR_2024,4,1,7,PI298357,22.78871589,0.081960207,0.817721071
2707,WPR_2024,4,2,11,PI298357,20.40301447,0.014362754,0.802704929
2311,WPR_2024,4,1,16,PI298631,20.57711305,0.001433653,0.8146078
2813,WPR_2024,4,2,16,PI298631,21.09554092,0.03314936,0.806819128
2310,WPR_2024,4,1,16,PI298644,20.24155182,0.023545262,0.82576362
2668,WPR_2024,4,2,9,PI298644,20.24489015,0.047635122,0.828724144
2339,WPR_2024,4,1,17,PI298645,20.61174294,0.014373037,0.818340327
2601,WPR_2024,4,2,6,PI298645,20.04260357,0,0.800089976
2458,WPR_2024,4,1,23,ILL341,19.56952064,0.032149184,0.825766445
2833,WPR_2024,4,2,17,ILL341,21.39098325,0.045161931,0.809932823
2358,WPR_2024,4,1,18,PI298922,20.09870736,0.009750489,0.810803615
2965,WPR_2024,4,2,24,PI298922,22.79775851,0.020191933,0.870246834
2425,WPR_2024,4,1,21,PI298923,22.15171986,0.039578204,0.840007777
2584,WPR_2024,4,2,5,PI298923,21.84989482,0.038357657,0.817922675
2431,WPR_2024,4,1,22,ILL344,20.12372263,0.014207298,0.814094011
2800,WPR_2024,4,2,15,ILL344,21.49012858,0.030251953,0.805133185
2325,WPR_2024,4,1,16,PI299116,19.56941163,0,0.817082993
2550,WPR_2024,4,2,3,PI299116,19.94202156,0.025586769,0.811929818
2268,WPR_2024,4,1,14,PI299117,19.30400108,0.036265765,0.807570592
2932,WPR_2024,4,2,22,PI299117,22.31172151,0.060293608,0.85207147
2208,WPR_2024,4,1,11,PI299120,18.77935419,0.007711355,0.805562974
2646,WPR_2024,4,2,8,PI299120,19.56574226,0.024029675,0.801944968
2066,WPR_2024,4,1,4,PI299121,20.59510201,0.068789307,0.811318109
2520,WPR_2024,4,2,1,PI299121,19.2721378,0.010056809,0.806606592
2384,WPR_2024,4,1,19,ILL353,20.82912286,0.039986243,0.824030595
2706,WPR_2024,4,2,11,ILL353,21.21059246,0,0.805070755
2192,WPR_2024,4,1,10,ILL357,21.91863307,0.045705715,0.817218714
2562,WPR_2024,4,2,4,ILL357,20.00890016,0.03574286,0.808224912
2019,WPR_2024,4,1,1,ILL358,23.23477926,0.206646669,0.833762837
2959,WPR_2024,4,2,23,ILL358,25.76625399,0.213316234,0.895102949
2228,WPR_2024,4,1,12,ILL359,20.97511481,0,0.812224935
2954,WPR_2024,4,2,23,ILL359,22.88068604,0.100569233,0.884177487
2039,WPR_2024,4,1,2,ILL360,21.92554711,0.177728013,0.828262868
2502,WPR_2024,4,2,1,ILL360,19.5350037,0.035903668,0.802487039
2437,WPR_2024,4,1,22,PI299163,27.43970873,0.081738511,0.871899015
2018,WPR_2024,4,1,1,PI299164,22.34835243,0.053618746,0.834017389
2697,WPR_2024,4,2,10,PI299164,21.34725465,0.051057194,0.821467475
2280,WPR_2024,4,1,14,ILL1924,20.16576313,0,0.812933541
2796,WPR_2024,4,2,15,ILL1924,21.47155883,0.034764208,0.813106949
2003,WPR_2024,4,1,1,PI299177,21.86690597,0.072175158,0.823398773
2874,WPR_2024,4,2,19,PI299177,25.72321377,0.202199106,0.84078589
2101,WPR_2024,4,1,6,PI299207,20.89518662,0.059861524,0.821659019
2534,WPR_2024,4,2,2,PI299207,20.99761443,0.033437171,0.813171995
2303,WPR_2024,4,1,15,PI299215,18.97489941,0,0.818432048
2574,WPR_2024,4,2,4,PI299215,18.99080633,0,0.809377864
2077,WPR_2024,4,1,4,PI299237,22.72119186,0.233012954,0.823814536
2627,WPR_2024,4,2,7,PI299237,18.45484357,0.029238714,0.822614843
2236,WPR_2024,4,1,12,PI299285,22.06893181,0.03835725,0.825119856
2780,WPR_2024,4,2,14,PI299285,21.24248802,0.02531893,0.821810816
2213,WPR_2024,4,1,11,PI299289,21.66413409,0.105653635,0.816621407
2570,WPR_2024,4,2,4,PI299289,21.22037793,0.044320605,0.816881582
2324,WPR_2024,4,1,16,ILL435,20.58154409,0.013942554,0.818563654
2637,WPR_2024,4,2,7,ILL435,20.54969417,0.058852026,0.821273314
2036,WPR_2024,4,1,2,ILL454,21.36715744,0.03837671,0.828576879
2709,WPR_2024,4,2,11,ILL454,21.08071328,0.035705669,0.805821428
2340,WPR_2024,4,1,17,PI299351,20.54931546,0.083650655,0.825277737
2594,WPR_2024,4,2,5,PI299351,19.72811888,0,0.788199173
2164,WPR_2024,4,1,9,PI299354,19.57841108,0.031560661,0.796458753
2867,WPR_2024,4,2,19,PI299354,22.49882722,0.128763608,0.861234728
2202,WPR_2024,4,1,11,PI299366,21.47804345,0.067537214,0.830467541
2555,WPR_2024,4,2,3,PI299366,21.35668654,0.063345496,0.828479253
2398,WPR_2024,4,1,20,PI299371,22.98490423,0.033537747,0.825011366
2871,WPR_2024,4,2,19,PI299371,23.8168576,0.153607663,0.870004049
2287,WPR_2024,4,1,15,ILL469,20.70776475,0,0.824299753
2884,WPR_2024,4,2,20,ILL469,21.76937491,0.021767822,0.876089723
2290,WPR_2024,4,1,15,PI300250,21.85348832,0.042403317,0.82955142
2587,WPR_2024,4,2,5,PI300250,19.35499107,0.257035199,0.799364965
2210,WPR_2024,4,1,11,ILL482,20.47189367,0.025777076,0.82307863
2987,WPR_2024,4,2,25,ILL482,22.35273817,0.007702013,0.885942924
2131,WPR_2024,4,1,7,ILL486,23.28960286,0.284218611,0.811435162
2809,WPR_2024,4,2,16,ILL486,24.32485911,0.072646931,0.825335771
2201,WPR_2024,4,1,11,PI308611,20.79450769,0.014244888,0.81651116
2779,WPR_2024,4,2,14,PI308611,19.19593448,0.013159656,0.798453292
2185,WPR_2024,4,1,10,PI308614,21.6887482,0.03043322,0.827506658
2729,WPR_2024,4,2,12,PI308614,20.16984765,0.001775313,0.805150743
2187,WPR_2024,4,1,10,PI311107,21.23585545,0.00670027,0.804569658
2799,WPR_2024,4,2,15,PI311107,21.76178957,0.052780954,0.795701202
2167,WPR_2024,4,1,9,PI312175,20.62639988,0.047629413,0.821152416
2545,WPR_2024,4,2,3,PI312175,19.26535085,0.052508774,0.804130036
2034,WPR_2024,4,1,2,PI319367,20.81361686,0.086511222,0.813437658
2993,WPR_2024,4,2,25,PI319367,24.31622779,0.12127172,0.893428106
2067,WPR_2024,4,1,4,PI320935,19.9465652,0.04392466,0.813260485
2682,WPR_2024,4,2,10,PI320935,19.63721351,0.005402117,0.808156038
2230,WPR_2024,4,1,12,PI320936,20.05440998,0.053301787,0.814855723
2815,WPR_2024,4,2,16,PI320936,20.05674097,0,0.804663079
2391,WPR_2024,4,1,20,PI320937,22.61231986,0.041394808,0.835128474
2688,WPR_2024,4,2,10,PI320937,22.1960702,0.070991785,0.8318557
2368,WPR_2024,4,1,19,ILL507,19.37639466,0.018195304,0.817281681
2665,WPR_2024,4,2,9,ILL507,21.56784428,0.026842046,0.82175869
2233,WPR_2024,4,1,12,ILL508,20.86123954,0.020313912,0.824708179
2862,WPR_2024,4,2,19,ILL508,23.00325007,0.088822069,0.871443852
2426,WPR_2024,4,1,21,PI320941,22.51186711,0.038108277,0.819118623
2946,WPR_2024,4,2,23,PI320941,22.24770956,0.036023641,0.88542083
2089,WPR_2024,4,1,5,PI320944,20.49536813,0.030861885,0.817852348
2730,WPR_2024,4,2,12,PI320944,21.07847289,0.045407431,0.80824956
2012,WPR_2024,4,1,1,PI320945,21.81098395,0.131456615,0.810096328
2972,WPR_2024,4,2,24,PI320945,22.65431924,0,0.89675755
2260,WPR_2024,4,1,13,PI320952,21.0671415,0.02661589,0.829637627
2994,WPR_2024,4,2,25,PI320952,25.74927096,0.152936753,0.904719423
2149,WPR_2024,4,1,8,PI320953,20.06792249,0.052054567,0.820458482
2641,WPR_2024,4,2,8,PI320953,23.31946157,0.085179349,0.831467716
2133,WPR_2024,4,1,7,PI320954,21.58236424,0.004953146,0.834138912
2531,WPR_2024,4,2,2,PI320954,21.24656773,0.050245565,0.813201021
2377,WPR_2024,4,1,19,PI329157,22.65616003,0.076274161,0.836156391
2651,WPR_2024,4,2,8,PI329157,21.80937516,0.074909031,0.820464154
2301,WPR_2024,4,1,15,PI329158,19.26167557,0.003683842,0.814733499
2902,WPR_2024,4,2,21,PI329158,22.48893232,0.048539371,0.863612029
2182,WPR_2024,4,1,10,PI329167,20.76351771,0.015415263,0.817235036
2588,WPR_2024,4,2,5,PI329167,19.14133411,0.244521892,0.797920673
2406,WPR_2024,4,1,21,PI329169,21.39757142,0.031063109,0.818735917
2840,WPR_2024,4,2,17,PI329169,21.43885316,0.017138931,0.810105602
2120,WPR_2024,4,1,6,ILL537,19.75809342,0.050957982,0.817699824
2962,WPR_2024,4,2,24,ILL537,21.81465985,0.066753614,0.879739395
2365,WPR_2024,4,1,18,PI339279,20.79176532,0.070887306,0.80388325
2783,WPR_2024,4,2,15,PI339279,21.2269314,0.033046305,0.806794771
2383,WPR_2024,4,1,19,PI339283,23.05003881,0.153480554,0.851305873
2214,WPR_2024,4,1,11,PI339285,21.21879478,0.095528486,0.826801401
2924,WPR_2024,4,2,22,PI339285,22.49051721,0.073928629,0.862109415
2022,WPR_2024,4,1,2,PI339289,19.5380422,0.046741427,0.803768222
2561,WPR_2024,4,2,4,PI339289,19.86366965,0.061349199,0.813292067
2081,WPR_2024,4,1,5,PI339292,20.0944857,0.033604144,0.820832285
2915,WPR_2024,4,2,21,PI339292,22.88752145,0.075444052,0.892002175
2440,WPR_2024,4,1,22,ILL567,20.41820834,0.005804296,0.820639085
2802,WPR_2024,4,2,16,ILL567,19.77344199,0.004522034,0.823568729
2100,WPR_2024,4,1,5,PI339310,22.25436076,0.063110631,0.822513254
2897,WPR_2024,4,2,20,PI339310,24.06609792,0.089118034,0.888685958
2119,WPR_2024,4,1,6,ILL589,20.17411745,0.038135746,0.797671918
2625,WPR_2024,4,2,7,ILL589,20.22593429,0.051005901,0.800853216
2194,WPR_2024,4,1,10,ILL590,20.34660345,0.028308803,0.819631563
2560,WPR_2024,4,2,3,ILL590,19.62357384,0.049566233,0.820312918
2424,WPR_2024,4,1,21,PI343023,20.47070899,0.030006351,0.811062145
2878,WPR_2024,4,2,19,PI343023,22.19203331,0.050529844,0.852560971
2151,WPR_2024,4,1,8,PI343025,20.9014995,0.024997881,0.809668759
2661,WPR_2024,4,2,9,PI343025,20.63154246,0.045435159,0.802000188
2297,WPR_2024,4,1,15,PI343026,20.01572275,0.017327952,0.853450266
2667,WPR_2024,4,2,9,PI343026,18.31037309,0.010072387,0.810831359
2445,WPR_2024,4,1,22,ILL600,20.95350379,0,0.820580671
2771,WPR_2024,4,2,14,ILL600,19.89591001,0.012529792,0.811263197
2245,WPR_2024,4,1,13,PI345627,19.37439671,0.060387959,0.809120098
2655,WPR_2024,4,2,8,PI345627,19.43639713,0.006810438,0.810300892
2413,WPR_2024,4,1,21,ILL610,20.49578981,0.011039431,0.836105083
2812,WPR_2024,4,2,16,ILL610,21.14217316,0.029939151,0.817197093
2205,WPR_2024,4,1,11,PI345638,21.36815185,0.008320998,0.82370697
2843,WPR_2024,4,2,18,PI345638,21.18649355,0.048878303,0.818322088
2408,WPR_2024,4,1,21,PI357225,21.08543152,0.045992043,0.818103982
2795,WPR_2024,4,2,15,PI357225,20.38949209,0.025573854,0.820073253
2197,WPR_2024,4,1,10,PI357226,20.59155623,0.007051421,0.827280659
2999,WPR_2024,4,2,25,PI357226,24.94968828,0.15795734,0.882431169
2409,WPR_2024,4,1,21,PI358602,20.33313726,0.009127623,0.817667779
2745,WPR_2024,4,2,13,PI358602,19.72489064,0.00388953,0.796936636
2415,WPR_2024,4,1,21,PI368647,20.64962011,0.023681528,0.82827906
2580,WPR_2024,4,2,4,PI368647,20.62781101,0.03860614,0.816137242
2176,WPR_2024,4,1,9,PI368651,21.11752285,0.064114095,0.806652374
2919,WPR_2024,4,2,21,PI368651,23.6313304,0.072086083,0.861727556
2469,WPR_2024,4,1,24,PI370481,20.69958358,0.003699126,0.827076259
2918,WPR_2024,4,2,21,PI370481,23.46335921,0.069063573,0.89701925
2320,WPR_2024,4,1,16,PI370636,22.78688782,0.038747004,0.819472807
2722,WPR_2024,4,2,12,PI370636,20.53149504,0,0.803530596
2355,WPR_2024,4,1,18,PI374116,21.8442232,0.183662228,0.833451946
2899,WPR_2024,4,2,20,PI374116,21.32042257,0.06594774,0.853141407
2043,WPR_2024,4,1,3,ILL1938,20.80133372,0.041996303,0.811647989
2546,WPR_2024,4,2,3,ILL1938,19.77930741,0.065235937,0.811497364
2191,WPR_2024,4,1,10,ILL1939,22.02367021,0.056262394,0.816484794
2906,WPR_2024,4,2,21,ILL1939,23.28112063,0.077446239,0.860952779
2196,WPR_2024,4,1,10,ILL1940,21.97406097,0.058932374,0.829457168
2821,WPR_2024,4,2,17,ILL1940,21.30814897,0.059221651,0.819987822
2404,WPR_2024,4,1,20,PI374120,20.62989061,0.012791263,0.820117526
2732,WPR_2024,4,2,12,PI374120,20.50302155,0.022712688,0.809924442
2385,WPR_2024,4,1,19,PI374121,23.82697708,0.215823969,0.842762991
2776,WPR_2024,4,2,14,PI374121,20.36877377,0.034777407,0.819125481
2468,WPR_2024,4,1,24,PI379368,20.05403044,0.019568431,0.823342813
2689,WPR_2024,4,2,10,PI379368,19.16047324,0.033059614,0.807128874
2169,WPR_2024,4,1,9,ILL1947,20.30422794,0.02861705,0.808831519
2518,WPR_2024,4,2,1,ILL1947,21.01834535,0.068224703,0.808027336
2495,WPR_2024,4,1,25,PI379372,20.18722689,0,0.813288495
2643,WPR_2024,4,2,8,PI379372,19.30104855,0.026726352,0.797141388
2478,WPR_2024,4,1,24,PI412922,21.02857416,0,0.822614995
2945,WPR_2024,4,2,23,PI412922,21.07964713,0.005562529,0.888018668
2363,WPR_2024,4,1,18,PI420818,20.32902651,0.054768019,0.82473763
2864,WPR_2024,4,2,19,PI420818,19.68885695,0.034947522,0.842547541
2429,WPR_2024,4,1,22,PI420924,21.1711973,0.024334608,0.819600709
2760,WPR_2024,4,2,13,PI420924,19.75782893,0.026228134,0.800795222
2293,WPR_2024,4,1,15,PI420925,19.46035485,0.034939365,0.836365747
2910,WPR_2024,4,2,21,PI420925,22.09731703,0.015426502,0.889750798
2096,WPR_2024,4,1,5,PI420929,21.67326311,0.065282052,0.813879727
2775,WPR_2024,4,2,14,PI420929,20.41552994,0.028546161,0.806693184
2427,WPR_2024,4,1,22,PI426202,20.145438,0.022536901,0.834856899
2633,WPR_2024,4,2,7,PI426202,20.82595673,0.037750488,0.802430123
2030,WPR_2024,4,1,2,PI426778,19.484731,0.029258071,0.805589026
2882,WPR_2024,4,2,20,PI426778,22.02220264,0.017950332,0.87338535
2487,WPR_2024,4,1,25,PI426784,18.9148258,0.018866792,0.817903431
2623,WPR_2024,4,2,7,PI426784,18.41423138,0.007823219,0.794496715
2381,WPR_2024,4,1,19,PI426797,19.03973133,0.005034259,0.810679869
2508,WPR_2024,4,2,1,PI426797,20.21686753,0,0.808948192
2417,WPR_2024,4,1,21,PI426803,19.05809247,0.023066921,0.812701842
2903,WPR_2024,4,2,21,PI426803,21.17871726,0,0.859265429
2370,WPR_2024,4,1,19,PI426807,19.54765346,0.033070897,0.820061215
2977,WPR_2024,4,2,24,PI426807,21.36927918,0.009683388,0.859338258
2360,WPR_2024,4,1,18,PI429369,21.10658797,0.079019375,0.840468615
2950,WPR_2024,4,2,23,PI429369,23.3384871,0.149276373,0.8687224
2060,WPR_2024,4,1,3,PI429838,21.59737899,0.074794061,0.827500908
2786,WPR_2024,4,2,15,PI429838,20.78959589,0.027622754,0.80751744
2138,WPR_2024,4,1,7,PI431613,25.14113148,0.356864199,0.845798457
2612,WPR_2024,4,2,6,PI431613,20.51021543,0.015661073,0.803400388
2144,WPR_2024,4,1,8,PI431618,20.76507679,0.085124554,0.827139947
2744,WPR_2024,4,2,13,PI431618,19.89667208,0.003791661,0.814606233
2477,WPR_2024,4,1,24,PI431622,20.5611454,0.033039018,0.821772071
2790,WPR_2024,4,2,15,PI431622,19.89113364,0.048451792,0.809802205
2465,WPR_2024,4,1,23,PI431624,20.25378127,0.039768045,0.822728437
2869,WPR_2024,4,2,19,PI431624,21.43601439,0.027997946,0.865975873
2327,WPR_2024,4,1,17,PI431630,21.52146229,0.034405458,0.818335271
2527,WPR_2024,4,2,2,PI431630,21.7761415,0.094920827,0.844012434
2072,WPR_2024,4,1,4,PI431631,20.147909,0.033745936,0.819371353
2579,WPR_2024,4,2,4,PI431631,20.61393597,0.039320151,0.807174422
2302,WPR_2024,4,1,15,ILL969,21.35233662,0.101428434,0.811459366
2537,WPR_2024,4,2,2,ILL969,21.32016163,0.103571754,0.825958911
2132,WPR_2024,4,1,7,PI431633,20.73360707,0.057206163,0.81313251
2929,WPR_2024,4,2,22,PI431633,21.64584247,0.044354403,0.840895722
2459,WPR_2024,4,1,23,PI431636,21.73575097,0.046528814,0.841331921
2316,WPR_2024,4,1,16,PI431640,20.99530831,0.036900015,0.799256049
2785,WPR_2024,4,2,15,PI431640,21.07933491,0.025580193,0.80302892
2490,WPR_2024,4,1,25,PI431642,22.33910404,0.063829297,0.815131955
2939,WPR_2024,4,2,22,PI431642,23.1254263,0.061634391,0.87347746
2342,WPR_2024,4,1,17,PI431643,19.65696737,0.015845204,0.816146038
2558,WPR_2024,4,2,3,PI431643,21.54082583,0.042028727,0.825433856
2166,WPR_2024,4,1,9,PI431656,22.69035016,0.069496741,0.816912167
2755,WPR_2024,4,2,13,PI431656,21.04421879,0.042408986,0.805049929
2094,WPR_2024,4,1,5,ILL906,19.22478639,0.016451666,0.820144453
2983,WPR_2024,4,2,25,ILL906,20.41788048,0.04219333,0.836646207
2359,WPR_2024,4,1,18,PI431663,20.1174722,0.024956462,0.813597553
2505,WPR_2024,4,2,1,PI431663,19.16273723,0.029695816,0.808644471
2190,WPR_2024,4,1,10,PI431666,20.81922206,0.047003706,0.818755062
2872,WPR_2024,4,2,19,PI431666,20.42643344,0.009272186,0.842796416
2466,WPR_2024,4,1,23,PI431675,19.88291937,0.03137847,0.806192073
2753,WPR_2024,4,2,13,PI431675,20.14806343,0.080675363,0.804289174
2269,WPR_2024,4,1,14,PI431679,18.94285275,0.031127418,0.838706691
2842,WPR_2024,4,2,18,PI431679,21.47985251,0.169856941,0.799789875
2333,WPR_2024,4,1,17,PI431684,20.50931383,0.007885205,0.815156389
2704,WPR_2024,4,2,11,PI431684,19.88200082,0.05369444,0.802979622
2345,WPR_2024,4,1,17,PI431705,18.46541449,0.017295199,0.797640091
2880,WPR_2024,4,2,19,PI431705,19.8408413,0.020906953,0.827115194
2216,WPR_2024,4,1,11,PI431710,21.73198112,0.047193804,0.806379059
2606,WPR_2024,4,2,6,PI431710,18.99047952,0,0.785971809
2247,WPR_2024,4,1,13,PI431712,19.67134126,0.059868867,0.81654356
2544,WPR_2024,4,2,3,PI431712,19.80203256,0.0307349,0.813255272
2866,WPR_2024,4,2,19,PI431714,22.363668,0.104958115,0.842316336
2075,WPR_2024,4,1,4,PI431717,19.87701313,0.032190379,0.821196916
2916,WPR_2024,4,2,21,PI431717,22.63194124,0.057938151,0.870161415
2064,WPR_2024,4,1,4,PI431728,19.278703,0.040994552,0.818897669
2759,WPR_2024,4,2,13,PI431728,19.85046812,0.016642724,0.803751026
2405,WPR_2024,4,1,20,PI431731,19.57617564,0.00275342,0.812260148
2984,WPR_2024,4,2,25,PI431731,21.29849194,0.048659447,0.846573106
2045,WPR_2024,4,1,3,PI431739,21.74361643,0.279823372,0.836571867
2687,WPR_2024,4,2,10,PI431739,19.23245324,0.033150486,0.817919599
2171,WPR_2024,4,1,9,PI431753,19.03852721,0.040861552,0.818093987
2596,WPR_2024,4,2,5,PI431753,20.51544411,0.000616817,0.802280738
2150,WPR_2024,4,1,8,PI431756,19.63298233,0.038537426,0.812496479
2995,WPR_2024,4,2,25,PI431756,21.6881847,0.115116256,0.872903714
2461,WPR_2024,4,1,23,PI431768,20.85636259,0.033798693,0.839872866
2595,WPR_2024,4,2,5,PI431768,19.7262434,0,0.805261661
2111,WPR_2024,4,1,6,PI431774,19.78909915,0.004625674,0.813904401
2742,WPR_2024,4,2,13,PI431774,20.65587455,0.078616154,0.812618323
2168,WPR_2024,4,1,9,PI431780,22.49513822,0.081485156,0.806718891
2571,WPR_2024,4,2,4,PI431780,19.14064849,0.038161208,0.805585228
2262,WPR_2024,4,1,14,PI431809,19.28556259,0.029730935,0.837555508
2889,WPR_2024,4,2,20,PI431809,21.26577114,0.038344498,0.853026927
2357,WPR_2024,4,1,18,PI431810,20.39070791,0.001474015,0.824308209
2752,WPR_2024,4,2,13,PI431810,19.42081157,0.015871652,0.800588151
2010,WPR_2024,4,1,1,PI431824,19.70798691,0.018416235,0.814994178
2992,WPR_2024,4,2,25,PI431824,23.6740086,0.121199148,0.896503837
2343,WPR_2024,4,1,17,PI431863,19.31284844,0.018307001,0.814759193
2792,WPR_2024,4,2,15,PI431863,20.64214459,0.026683424,0.818200508
2011,WPR_2024,4,1,1,PI431873,21.08972913,0.090582353,0.826354123
2765,WPR_2024,4,2,14,PI431873,20.94709165,0.063968418,0.814981422
2083,WPR_2024,4,1,5,PI431884,19.39400272,0,0.808396027
2519,WPR_2024,4,2,1,PI431884,20.29258368,0.033224781,0.819340483
2481,WPR_2024,4,1,24,PI431888,21.03197926,0.032134732,0.849547456
2805,WPR_2024,4,2,16,PI431888,19.4226462,0.020256681,0.80733067
2451,WPR_2024,4,1,23,PI431893,19.05354816,0.00999046,0.834058729
2911,WPR_2024,4,2,21,PI431893,22.16932799,0.072275962,0.863120959
2498,WPR_2024,4,1,25,PI431923,22.54509053,0.061579589,0.843153258
2717,WPR_2024,4,2,11,PI431923,19.7880053,0.044123022,0.8062775
2277,WPR_2024,4,1,14,PI431980,21.40693192,0.083818402,0.833770283
2920,WPR_2024,4,2,21,PI431980,21.62247365,0.004506799,0.85239189
2423,WPR_2024,4,1,21,PI431987,20.27218537,0.005792753,0.82771914
2772,WPR_2024,4,2,14,PI431987,19.40751633,0.01053473,0.809949367
2467,WPR_2024,4,1,24,PI432000,21.18287949,0.044146628,0.826278632
2634,WPR_2024,4,2,7,PI432000,20.21364722,0.042476436,0.827663817
2332,WPR_2024,4,1,17,PI432001,19.82924329,0.034674041,0.82294721
2788,WPR_2024,4,2,15,PI432001,20.2999353,0.055969915,0.808485998
2020,WPR_2024,4,1,1,PI432002,19.69439386,0.020196337,0.814818288
2933,WPR_2024,4,2,22,PI432002,21.97466781,0.052783395,0.867545038
2442,WPR_2024,4,1,22,PI432005,19.89867343,0.004651206,0.811934111
2602,WPR_2024,4,2,6,PI432005,19.49861474,0,0.789364169
2484,WPR_2024,4,1,24,PI432028,20.66910649,0.053095821,0.809083999
2608,WPR_2024,4,2,6,PI432028,19.03909969,0,0.793490199
2125,WPR_2024,4,1,7,PI432033,20.34264387,0.039836189,0.802386522
2990,WPR_2024,4,2,25,PI432033,22.12686592,0.125933809,0.868346139
2203,WPR_2024,4,1,11,PI432059,21.56029161,0.093193718,0.821486555
2504,WPR_2024,4,2,1,PI432059,19.85063073,0.037604574,0.808715818
2229,WPR_2024,4,1,12,PI432071,20.12571372,0.010514935,0.814175771
2549,WPR_2024,4,2,3,PI432071,21.07140855,0.049205749,0.817186218
2026,WPR_2024,4,1,2,PI432085,24.71433489,0.133246332,0.843287048
2741,WPR_2024,4,2,13,PI432085,20.37156261,0.038921694,0.797207469
2374,WPR_2024,4,1,19,PI432087,18.71534124,0.00690368,0.815086043
2807,WPR_2024,4,2,16,PI432087,19.40798393,0.005136306,0.794918144
2593,WPR_2024,4,2,5,PI432106,19.7614628,0,0.803407583
2051,WPR_2024,4,1,3,PI432124,19.13778211,0.025871897,0.808348704
2904,WPR_2024,4,2,21,PI432124,21.74462656,0.029619538,0.895993687
2013,WPR_2024,4,1,1,PI432145,20.91811806,0.069915159,0.809667154
2614,WPR_2024,4,2,6,PI432145,19.62750435,0,0.79647366
2249,WPR_2024,4,1,13,PI432147,21.1017386,0.071109369,0.823054902
2778,WPR_2024,4,2,14,PI432147,18.96735804,0.016427847,0.80104318
2225,WPR_2024,4,1,12,PI432184,21.45723507,0.048584004,0.820116943
2526,WPR_2024,4,2,2,PI432184,21.38008299,0.049720685,0.81594797
2195,WPR_2024,4,1,10,PI432185,19.56274333,0.027131895,0.808775571
2678,WPR_2024,4,2,9,PI432185,19.71334716,0.010486713,0.811788105
2062,WPR_2024,4,1,4,PI432188,19.72181266,0.020091937,0.803448289
2553,WPR_2024,4,2,3,PI432188,19.4052803,0.039406074,0.813000146
2031,WPR_2024,4,1,2,PI432190,21.18141215,0.06552322,0.829121595
2870,WPR_2024,4,2,19,PI432190,21.73593002,0.044052909,0.867310792
2217,WPR_2024,4,1,11,PI432201,19.75093576,0.001509749,0.815366603
2662,WPR_2024,4,2,9,PI432201,18.76112213,0,0.811040587
2438,WPR_2024,4,1,22,PI432212,19.15026909,0.008225095,0.815116269
2670,WPR_2024,4,2,9,PI432212,19.9219451,0.017004888,0.806791989
2328,WPR_2024,4,1,17,PI432236,19.26606525,0.016617075,0.818040377
2737,WPR_2024,4,2,12,PI432236,19.0410648,0.009021393,0.792672172
2375,WPR_2024,4,1,19,PI432237,20.13848844,0.041861766,0.814319048
2758,WPR_2024,4,2,13,PI432237,21.58629294,0.013027142,0.800668816
2497,WPR_2024,4,1,25,PI432245,21.0245725,0.045658102,0.827161289
2997,WPR_2024,4,2,25,PI432245,23.24585235,0.035247451,0.878891238
2395,WPR_2024,4,1,20,PI432271,20.34754542,0,0.818690211
2782,WPR_2024,4,2,15,PI432271,20.01574121,0.029971376,0.807674987
2070,WPR_2024,4,1,4,PI432286,20.34994959,0.030971455,0.827015512
2986,WPR_2024,4,2,25,PI432286,21.90580688,0.017559016,0.87220551
2496,WPR_2024,4,1,25,PI435954,20.39652557,0.027050967,0.816753071
2797,WPR_2024,4,2,15,PI435954,20.98464503,0.015548684,0.809319216
2493,WPR_2024,4,1,25,PI451763,21.29638999,0.035883811,0.831894232
2761,WPR_2024,4,2,14,PI451763,20.23685357,0.02968081,0.807175746
2032,WPR_2024,4,1,2,PI451766,18.77232395,0.053398211,0.812234133
2935,WPR_2024,4,2,22,PI451766,23.05697552,0.064963734,0.863830066
2475,WPR_2024,4,1,24,PI458503,19.92267617,0.020797783,0.838846202
2762,WPR_2024,4,2,14,PI458503,20.74482973,0.008479494,0.813845894
2162,WPR_2024,4,1,9,PI468899,19.10420831,0.051527618,0.806188858
2613,WPR_2024,4,2,6,PI468899,20.48111838,0.004271832,0.800834643
2418,WPR_2024,4,1,21,PI468900,21.00085143,0,0.827571278
2847,WPR_2024,4,2,18,PI468900,20.95429089,0.043722804,0.817504608
2420,WPR_2024,4,1,21,PI468901,20.58139715,0,0.824960154
2653,WPR_2024,4,2,8,PI468901,20.30103045,0.002883791,0.807322739
2441,WPR_2024,4,1,22,PI468902,21.12805009,0.017228693,0.822517484
2852,WPR_2024,4,2,18,PI468902,21.85607967,0.017421229,0.877512634
2471,WPR_2024,4,1,24,PI471916,20.74709375,0.014878973,0.827282351
2808,WPR_2024,4,2,16,PI471916,22.70473698,0.04463218,0.812791807
2476,WPR_2024,4,1,24,PI471917,19.25224166,0,0.828952241
2524,WPR_2024,4,2,2,PI471917,21.38621486,0.047869134,0.820234408
2042,WPR_2024,4,1,3,PI472119,20.64640848,0.050915478,0.816380548
2583,WPR_2024,4,2,5,PI472119,19.3815474,0.026201683,0.79971096
2396,WPR_2024,4,1,20,PI472122,21.20509687,0.026948502,0.796903874
2858,WPR_2024,4,2,18,PI472122,21.47183195,0.045704503,0.859995081
2001,WPR_2024,4,1,1,PI472126,20.94509952,0.065527586,0.825506167
2827,WPR_2024,4,2,17,PI472126,19.52184579,0.01103568,0.804692918
2326,WPR_2024,4,1,17,PI472136,19.0135814,0.013596594,0.807317911
2853,WPR_2024,4,2,18,PI472136,22.37876424,0.050400434,0.905122782
2173,WPR_2024,4,1,9,PI472137,20.09648272,0.061230682,0.816914304
2798,WPR_2024,4,2,15,PI472137,20.12263546,0.052560414,0.821196519
2223,WPR_2024,4,1,12,PI472143,20.77349729,0,0.811586987
2841,WPR_2024,4,2,18,PI472143,19.86435113,0,0.798497103
2121,WPR_2024,4,1,7,PI472161,18.88240274,0.057353662,0.804869509
2503,WPR_2024,4,2,1,PI472161,18.36640893,0.057038766,0.821396111
2309,WPR_2024,4,1,16,PI472175,19.87126346,0.037641351,0.808717554
2885,WPR_2024,4,2,20,PI472175,22.13244224,0.021885023,0.877312294
2422,WPR_2024,4,1,21,PI472188,20.17934354,0.027300072,0.809019585
2979,WPR_2024,4,2,24,PI472188,22.11910019,0.033107603,0.859006281
2444,WPR_2024,4,1,22,PI472194,23.62814845,0.049694147,0.835568677
2743,WPR_2024,4,2,13,PI472194,19.74719119,0.006742852,0.798212357
2499,WPR_2024,4,1,25,PI472195,19.43342102,0.032473801,0.811199589
2828,WPR_2024,4,2,17,PI472195,19.87119509,0.014957058,0.803609819
2369,WPR_2024,4,1,19,PI472200,18.41072965,0.006068803,0.813664579
2824,WPR_2024,4,2,17,PI472200,19.08501652,0.053362183,0.817290119
2289,WPR_2024,4,1,15,PI472205,20.32047855,0.042568304,0.830557247
2943,WPR_2024,4,2,23,PI472205,20.67121158,0.055131915,0.85606822
2227,WPR_2024,4,1,12,PI472213,19.72021449,0.030547868,0.813356505
2974,WPR_2024,4,2,24,PI472213,20.89870552,0.021754437,0.845013678
2288,WPR_2024,4,1,15,PI472224,20.44179001,0.014014964,0.8252057
2727,WPR_2024,4,2,12,PI472224,20.23084306,0.021516927,0.796054334
2492,WPR_2024,4,1,25,PI472274,20.3705481,0.048357897,0.836220671
2964,WPR_2024,4,2,24,PI472274,20.65027343,0.047105226,0.857966649
2170,WPR_2024,4,1,9,PI472316,20.69195259,0.045311139,0.812683851
2996,WPR_2024,4,2,25,PI472316,22.2193167,0.08168223,0.914827152
2068,WPR_2024,4,1,4,PI472320,21.45258323,0.062463376,0.820284285
2832,WPR_2024,4,2,17,PI472320,20.74029142,0.044801633,0.805685028
2004,WPR_2024,4,1,1,PI472327,22.03807337,0.0862094,0.807826183
2582,WPR_2024,4,2,5,PI472327,20.06875988,0.027933102,0.817756935
2482,WPR_2024,4,1,24,PI472331,20.43045842,0.020768847,0.820811934
2565,WPR_2024,4,2,4,PI472331,19.05336991,0.020410435,0.808556951
2313,WPR_2024,4,1,16,PI472339,20.1687645,0.007183155,0.80828099
2629,WPR_2024,4,2,7,PI472339,18.76742269,0.031238446,0.821251764
2258,WPR_2024,4,1,13,PI472340,20.08206422,0.059922843,0.818346536
2900,WPR_2024,4,2,20,PI472340,21.09141478,0.019037266,0.848457581
2453,WPR_2024,4,1,23,PI472354,20.39683301,0.033589153,0.824366058
2716,WPR_2024,4,2,11,PI472354,20.2694544,0.04153136,0.794102106
2105,WPR_2024,4,1,6,PI472372,20.40083345,0.038271874,0.820074149
2861,WPR_2024,4,2,19,PI472372,20.86842843,0.028630126,0.84992805
2273,WPR_2024,4,1,14,PI472380,21.52176028,0.085851563,0.834398709
2726,WPR_2024,4,2,12,PI472380,20.40833944,0.000124394,0.812875837
2058,WPR_2024,4,1,3,PI472383,19.5559813,0.029889948,0.801610552
2658,WPR_2024,4,2,8,PI472383,19.64411216,0.040917563,0.81226777
2157,WPR_2024,4,1,8,PI472400,20.51681925,0.055114289,0.809496548
2521,WPR_2024,4,2,2,PI472400,20.53344982,0.054648001,0.817615615
2008,WPR_2024,4,1,1,PI472416,19.49863194,0.067932411,0.812161176
2791,WPR_2024,4,2,15,PI472416,20.23484854,0.018792611,0.804290088
2350,WPR_2024,4,1,18,PI472452,20.8700076,0.045343494,0.830519715
2672,WPR_2024,4,2,9,PI472452,19.92704211,0.028934594,0.81010317
2221,WPR_2024,4,1,11,PI472458,19.83078875,0.128964097,0.815714815
2575,WPR_2024,4,2,4,PI472458,20.17771109,0.0353827,0.809618909
2088,WPR_2024,4,1,5,PI472484,22.55314833,0.114335808,0.818779912
2928,WPR_2024,4,2,22,PI472484,21.40293132,0.043993957,0.851305363
2397,WPR_2024,4,1,20,PI472488,20.66344776,0.032401969,0.802605655
2887,WPR_2024,4,2,20,PI472488,21.22034792,0.03365567,0.862262723
2126,WPR_2024,4,1,7,PI472535,19.69340988,0.03864641,0.807244821
2654,WPR_2024,4,2,8,PI472535,19.00854009,0.018081489,0.797267492
2241,WPR_2024,4,1,12,PI472549,19.89236393,0.0550471,0.808761829
2506,WPR_2024,4,2,1,PI472549,20.39629984,0.051466665,0.813646288
2450,WPR_2024,4,1,23,PI472559,20.37833506,0.041625023,0.815820564
2542,WPR_2024,4,2,3,PI472559,20.13443609,0.023039061,0.820635443
2452,WPR_2024,4,1,23,PI472561,21.10702656,0.040387719,0.845813462
2934,WPR_2024,4,2,22,PI472561,21.73806762,0.04753005,0.86633689
2153,WPR_2024,4,1,8,PI472562,20.14968803,0,0.815645954
2886,WPR_2024,4,2,20,PI472562,20.33106676,0.000106338,0.850496075
2215,WPR_2024,4,1,11,PI472564,20.98989433,0.138732412,0.820850167
2529,WPR_2024,4,2,2,PI472564,20.90164319,0.016437698,0.821996866
2314,WPR_2024,4,1,16,PI472569,21.45478497,0,0.819213068
2942,WPR_2024,4,2,23,PI472569,21.65367952,0.010108764,0.886733687
2015,WPR_2024,4,1,1,PI472588,21.03099713,0.052662772,0.830961147
2735,WPR_2024,4,2,12,PI472588,20.95928626,0.026786499,0.809533109
2284,WPR_2024,4,1,14,PI472590,20.03737283,0.035971269,0.840736073
2860,WPR_2024,4,2,18,PI472590,23.17597918,0.029016235,0.886215306
2307,WPR_2024,4,1,16,PI472615,21.36738134,0.031903423,0.829992728
2751,WPR_2024,4,2,13,PI472615,20.34527038,0.012522636,0.798862208
2016,WPR_2024,4,1,1,PI472629,19.95508088,0.024076546,0.809699526
2756,WPR_2024,4,2,13,PI472629,20.1335648,0.019173715,0.798828357
2364,WPR_2024,4,1,18,PI472632,19.98950652,0.129903006,0.820327194
2696,WPR_2024,4,2,10,PI472632,19.50103338,0.036675557,0.805848269
2069,WPR_2024,4,1,4,PI476365,20.93245776,0.09849179,0.82087633
2724,WPR_2024,4,2,12,PI476365,20.69314999,0.057873438,0.815601449
2078,WPR_2024,4,1,4,PI477921,20.37126202,0.020124569,0.818757595
2671,WPR_2024,4,2,9,PI477921,19.25166268,0.000271999,0.807820639
2065,WPR_2024,4,1,4,PI486127,21.07752121,0.057863748,0.828238631
2938,WPR_2024,4,2,22,PI486127,22.88893689,0.027601637,0.885606993
2180,WPR_2024,4,1,9,PI486128,20.90271896,0.012096391,0.820187439
2684,WPR_2024,4,2,10,PI486128,18.60111284,0.019200753,0.821866804
2040,WPR_2024,4,1,2,PI490288,21.33509054,0.039970609,0.826174495
2548,WPR_2024,4,2,3,PI490288,21.30043036,0,0.806850495
2463,WPR_2024,4,1,23,PI490289,21.36292185,0.024759467,0.826114289
2921,WPR_2024,4,2,22,PI490289,22.30037375,0.042574753,0.888558172
2063,WPR_2024,4,1,4,PI508090,20.08396837,0.010710223,0.818082376
2957,WPR_2024,4,2,23,PI508090,23.93224467,0.201672265,0.867636341
2248,WPR_2024,4,1,13,PI518731,21.85066024,0.058985129,0.80500765
2695,WPR_2024,4,2,10,PI518731,21.26736584,0.026401683,0.805155288
2107,WPR_2024,4,1,6,PI518732,21.23397842,0.029081234,0.827922658
2836,WPR_2024,4,2,17,PI518732,20.49021321,0.045388265,0.826202566
2159,WPR_2024,4,1,8,PI518733,20.21497749,0.044860807,0.810722515
2563,WPR_2024,4,2,4,PI518733,20.07540503,0.031847987,0.806046986
2296,WPR_2024,4,1,15,PI518734,21.73271597,0.00726643,0.837371641
2559,WPR_2024,4,2,3,PI518734,20.7460038,0.057356957,0.821026029
2270,WPR_2024,4,1,14,PI533688,21.54390936,0.064623595,0.83476271
2875,WPR_2024,4,2,19,PI533688,22.40833476,0,0.876230535
2436,WPR_2024,4,1,22,PI533690,20.61828806,0.004908588,0.803112259
2901,WPR_2024,4,2,21,PI533690,21.65089887,0.055068167,0.867905412
2376,WPR_2024,4,1,19,PI533691,21.82871179,0.027204096,0.826934717
2605,WPR_2024,4,2,6,PI533691,21.1306262,0,0.790451721
2232,WPR_2024,4,1,12,PI533693,20.33996679,0.013171149,0.80957286
2710,WPR_2024,4,2,11,PI533693,21.30786585,0.032344053,0.80306723
2155,WPR_2024,4,1,8,PI577168,20.49683773,0.013758599,0.821867765
2846,WPR_2024,4,2,18,PI577168,19.95207948,0.026470839,0.809026412
2298,WPR_2024,4,1,15,ILL5582,20.78542273,0.035399213,0.813293073
2566,WPR_2024,4,2,4,ILL5582,19.80457669,0,0.79660771
2500,WPR_2024,4,1,25,ILL8007,21.93067992,0.044474853,0.822951492
2952,WPR_2024,4,2,23,ILL8007,21.15542439,0.154067087,0.834875227
2352,WPR_2024,4,1,18,ILL8006,21.19885948,0.020662588,0.805385195
2811,WPR_2024,4,2,16,ILL8006,20.7537149,0.040038347,0.805592374
2460,WPR_2024,4,1,23,PI606570,20.75300797,0.055933551,0.828123196
2590,WPR_2024,4,2,5,PI606570,19.82435439,0.010346835,0.800429869
2242,WPR_2024,4,1,13,ILL1220,21.37231892,0.051645778,0.81857999
2823,WPR_2024,4,2,17,ILL1220,21.83116351,0.044403599,0.816413533
2474,WPR_2024,4,1,24,ILL2684,21.27848666,0.035749543,0.845645233
2702,WPR_2024,4,2,11,ILL2684,20.18576168,0.001507265,0.807304137
2488,WPR_2024,4,1,25,ILL7978,21.17048044,0.07112432,0.82829034
2749,WPR_2024,4,2,13,ILL7978,20.59763238,0.018118609,0.804872245
2330,WPR_2024,4,1,17,W627754,19.19769092,0.002553569,0.798286614
2998,WPR_2024,4,2,25,W627754,24.17811462,0.126675106,0.893523615
2923,WPR_2024,4,2,22,W627756,20.30492738,0.014759735,0.87020069
2211,WPR_2024,4,1,11,W627758,20.27422779,0.023929056,0.80756845
2691,WPR_2024,4,2,10,W627758,19.88522525,0.049009851,0.806029444
2265,WPR_2024,4,1,14,W627759,18.51128397,0,0.811385701
2538,WPR_2024,4,2,2,W627759,19.84011114,0.002697742,0.814574149
2143,WPR_2024,4,1,8,W627760,20.4848431,0,0.812944824
2908,WPR_2024,4,2,21,W627760,22.18150418,0.042715163,0.901147671
2252,WPR_2024,4,1,13,W627761,19.77218656,0.034487418,0.800400526
2804,WPR_2024,4,2,16,W627761,21.60998017,0.062251503,0.799978203
2407,WPR_2024,4,1,21,W627762,20.92469929,0.017944288,0.810643059
2766,WPR_2024,4,2,14,W627762,20.74820513,0.051773022,0.813596079
2304,WPR_2024,4,1,15,W627763,22.44417617,0.070917728,0.810408406
2699,WPR_2024,4,2,10,W627763,19.81253674,0.061220314,0.790292153
2115,WPR_2024,4,1,6,W627765,20.70179872,0.070535731,0.814154038
2849,WPR_2024,4,2,18,W627765,20.50907984,0.013477056,0.801976866
2118,WPR_2024,4,1,6,W627766,19.61198659,0.031228737,0.807228974
2927,WPR_2024,4,2,22,W627766,21.49104827,0.003901865,0.912398784
2598,WPR_2024,4,2,5,W627767,18.66828721,0,0.803501576
2161,WPR_2024,4,1,9,W627768,20.09283158,0.042660089,0.803461192
2622,WPR_2024,4,2,7,W627768,20.2301277,0.01785314,0.789304652
2356,WPR_2024,4,1,18,W627780,21.80796733,0.175789751,0.8321666
2738,WPR_2024,4,2,12,W627780,19.40341488,0.009497574,0.798481935
2449,WPR_2024,4,1,23,W627781,19.72648491,0.022152497,0.817850932
2698,WPR_2024,4,2,10,W627781,20.62154679,0.031011286,0.80075682
2366,WPR_2024,4,1,19,W627782,19.75282632,0.004518264,0.809664429
2589,WPR_2024,4,2,5,W627782,19.37726083,0.187348267,0.789970178
1338,SIM_2024,5,1,17,ILL1005,22.07148936,0.05590399,0.816559053
1803,SIM_2024,5,2,16,ILL1005,24.14234579,0.119005931,0.833840919
1446,SIM_2024,5,1,23,ILL10284,22.48219353,0.087053082,0.813571895
1881,SIM_2024,5,2,20,ILL10284,20.5107488,0.048379897,0.818459787
1035,SIM_2024,5,1,2,ILL10690,20.62359996,0.06944841,0.811984271
1660,SIM_2024,5,2,8,ILL10690,21.5751513,0.068945478,0.813207712
1106,SIM_2024,5,1,6,ILL10810,21.62300327,0.06971079,0.816829059
1677,SIM_2024,5,2,9,ILL10810,20.68729369,0.062775605,0.817200994
1401,SIM_2024,5,1,21,ILL10825,21.33479097,0.063827289,0.802095766
1509,SIM_2024,5,2,1,ILL10825,21.37614882,0.042813287,0.813125223
1086,SIM_2024,5,1,5,ILL10826,19.75674136,0.042925254,0.801322141
1675,SIM_2024,5,2,9,ILL10826,20.48066954,0.036120992,0.808807233
1275,SIM_2024,5,1,14,ILL10863,22.44306602,0.071229367,0.812885856
1551,SIM_2024,5,2,3,ILL10863,21.37826607,0.040457948,0.81442299
1048,SIM_2024,5,1,3,ILL10864,21.51296884,0.049330876,0.805322485
1754,SIM_2024,5,2,13,ILL10864,21.45918638,0.090603306,0.840285853
1189,SIM_2024,5,1,10,ILL10865,20.30660895,0.052951478,0.80747917
1719,SIM_2024,5,2,11,ILL10865,21.61621824,0.037397309,0.797944628
1152,SIM_2024,5,1,8,ILL10866,21.28108254,0.025854551,0.817124806
1513,SIM_2024,5,2,1,ILL10866,20.21810678,0.031624898,0.818411
1347,SIM_2024,5,1,18,ILL10947,21.68030975,0.06294157,0.806457113
1713,SIM_2024,5,2,11,ILL10947,22.45144235,0.113698992,0.800611012
1123,SIM_2024,5,1,7,ILL1097,22.33963807,0.095234319,0.811847178
1850,SIM_2024,5,2,18,ILL1097,22.57214703,0.079244262,0.818019005
1177,SIM_2024,5,1,9,ILL1460,21.22938289,0.056030262,0.807289912
1644,SIM_2024,5,2,8,ILL1460,23.04092753,0.101358016,0.821793805
1218,SIM_2024,5,1,11,ILL1474,22.01026806,0.063048955,0.818456375
1980,SIM_2024,5,2,24,ILL1474,22.37171972,0.031189099,0.834609911
1109,SIM_2024,5,1,6,ILL1649,23.49566025,0.092487432,0.839754071
1789,SIM_2024,5,2,15,ILL1649,21.01609198,0.066836352,0.815801246
1087,SIM_2024,5,1,5,ILL1671,21.05894446,0.056341845,0.806138565
1817,SIM_2024,5,2,16,ILL1671,23.23709482,0.062349119,0.826776273
1378,SIM_2024,5,1,19,ILL1706,22.41500332,0.163747679,0.821619176
1576,SIM_2024,5,2,4,ILL1706,21.02712825,0.092405167,0.810867269
1480,SIM_2024,5,1,24,ILL1861,21.73727807,0.045882508,0.824277143
1822,SIM_2024,5,2,17,ILL1861,20.72596871,0.070180259,0.796082877
1402,SIM_2024,5,1,21,ILL1890,22.47580151,0.053966365,0.811330147
1609,SIM_2024,5,2,6,ILL1890,21.88508895,0.047276593,0.821840207
1220,SIM_2024,5,1,11,ILL1959,21.53968566,0.309878258,0.822569066
1825,SIM_2024,5,2,17,ILL1959,20.83033179,0.082857953,0.814811174
1140,SIM_2024,5,1,7,ILL2181,22.59296387,0.068052724,0.823076686
1734,SIM_2024,5,2,12,ILL2181,21.81820681,0.074998816,0.828417189
1006,SIM_2024,5,1,1,ILL2230,23.11613251,0.051932967,0.830652413
1801,SIM_2024,5,2,16,ILL2230,22.37755329,0.054927626,0.832908903
1007,SIM_2024,5,1,1,ILL2231,22.20738046,0.038660534,0.822022767
1896,SIM_2024,5,2,20,ILL2231,21.49073651,0.063417551,0.819216746
1235,SIM_2024,5,1,12,ILL2297,23.92579256,0.061640376,0.824105008
1659,SIM_2024,5,2,8,ILL2297,24.40007091,0.085780531,0.836635929
1859,SIM_2024,5,2,18,ILL2406,24.02975053,0.088482347,0.82942996
1448,SIM_2024,5,1,23,ILL3485,20.58260326,0.023089897,0.815279295
1507,SIM_2024,5,2,1,ILL3485,19.24075576,0.032252417,0.799856598
1163,SIM_2024,5,1,9,ILL3487,20.82845275,0.063276388,0.801213707
1666,SIM_2024,5,2,9,ILL3487,20.99338733,0.276440675,0.815896509
1093,SIM_2024,5,1,5,ILL3517,20.41346544,0.022974774,0.815025556
1624,SIM_2024,5,2,7,ILL3517,21.37746012,0,0.827742895
1348,SIM_2024,5,1,18,ILL4152,20.89920066,0.040335367,0.80361434
1568,SIM_2024,5,2,4,ILL4152,21.83629235,0.047873097,0.838249683
1139,SIM_2024,5,1,7,ILL4164,20.23827042,0.058254017,0.799934262
1680,SIM_2024,5,2,9,ILL4164,20.00066893,0.021707077,0.806379578
1281,SIM_2024,5,1,15,ILL4345,21.43692324,0.042785587,0.820357347
1936,SIM_2024,5,2,22,ILL4345,22.25148345,0.026345072,0.797385788
1135,SIM_2024,5,1,7,ILL4409,23.00456251,0.032996802,0.830460425
1895,SIM_2024,5,2,20,ILL4409,20.25639291,0.048953991,0.796325903
1447,SIM_2024,5,1,23,ILL4471,22.92889419,0.072531917,0.814720047
1640,SIM_2024,5,2,7,ILL4471,20.96765943,0.041842562,0.811838528
1725,SIM_2024,5,2,12,ILL4605,22.38204851,0.083428036,0.812390336
1099,SIM_2024,5,1,5,ILL4606,21.22996625,0.174740857,0.814377757
1552,SIM_2024,5,2,3,ILL4606,20.34583682,0.065612404,0.795388265
1266,SIM_2024,5,1,14,ILL4671,23.64152319,0.071944764,0.84916022
1334,SIM_2024,5,1,17,ILL4738,21.61321728,0.051482118,0.811372206
1511,SIM_2024,5,2,1,ILL4738,21.37210894,0.064693644,0.809930393
1212,SIM_2024,5,1,11,ILL4774,23.34666988,0.070231223,0.829103637
1711,SIM_2024,5,2,11,ILL4774,23.23215855,0.050556952,0.826102817
1410,SIM_2024,5,1,21,ILL4778,22.70114136,0.026413022,0.823832944
1523,SIM_2024,5,2,2,ILL4778,22.6141249,0.075327501,0.812782573
1536,SIM_2024,5,2,2,ILL4781,22.403022,0.124128765,0.849794821
1209,SIM_2024,5,1,11,ILL4782,22.8894507,0.056530254,0.811380392
1747,SIM_2024,5,2,13,ILL4782,20.96453283,0.035715005,0.812729878
1257,SIM_2024,5,1,13,ILL4791,22.7075224,0.075604583,0.815635372
1868,SIM_2024,5,2,19,ILL4791,21.74421789,0.049234583,0.824458769
1434,SIM_2024,5,1,22,ILL4804,21.56518958,0.024692118,0.812652923
1694,SIM_2024,5,2,10,ILL4804,23.59378221,0.097387606,0.831705002
1292,SIM_2024,5,1,15,ILL4819,22.77931269,0.052733204,0.820155433
1635,SIM_2024,5,2,7,ILL4819,22.99474727,0.104114576,0.802162884
1403,SIM_2024,5,1,21,ILL4830,19.95853218,0.052198002,0.808059769
1718,SIM_2024,5,2,11,ILL4830,20.62961539,0.021411321,0.812596347
1141,SIM_2024,5,1,8,ILL4831,20.77523727,0.074270271,0.812551232
1701,SIM_2024,5,2,11,ILL4831,20.42376294,0.050650051,0.795419202
1090,SIM_2024,5,1,5,ILL4841,23.61325663,0.117952461,0.817459152
1540,SIM_2024,5,2,2,ILL4841,23.9532687,0.120832307,0.831370946
1041,SIM_2024,5,1,3,ILL4857,20.19982688,0.049405348,0.798577594
1510,SIM_2024,5,2,1,ILL4857,22.64724129,0.084642608,0.813372013
1784,SIM_2024,5,2,15,ILL4875,21.75574996,0,0.829208934
1392,SIM_2024,5,1,20,ILL4886,21.80622217,0.06243669,0.809899249
1535,SIM_2024,5,2,2,ILL4886,21.74622926,0.048142938,0.825921449
1113,SIM_2024,5,1,6,ILL4899,21.28551387,0.072264057,0.828712346
1913,SIM_2024,5,2,21,ILL4899,20.16350974,0.014320522,0.807725031
1286,SIM_2024,5,1,15,ILL4900,20.84123525,0.297521285,0.817777955
1681,SIM_2024,5,2,10,ILL4900,21.94698657,0.051316483,0.807140289
1321,SIM_2024,5,1,17,ILL4915,21.19771321,0.0638445,0.803946102
1826,SIM_2024,5,2,17,ILL4915,21.25089724,0.059339826,0.82414824
1382,SIM_2024,5,1,20,ILL4956,21.26703431,0.068608545,0.80747073
1657,SIM_2024,5,2,8,ILL4956,22.23391826,0.31257096,0.827619425
1250,SIM_2024,5,1,13,ILL5028,22.63628889,0.053694786,0.815638887
1591,SIM_2024,5,2,5,ILL5028,21.42992478,0.087703693,0.817935821
1146,SIM_2024,5,1,8,ILL5151,21.53674079,0.026041511,0.812213595
1873,SIM_2024,5,2,19,ILL5151,22.41778318,0.094798052,0.839870073
1341,SIM_2024,5,1,18,ILL5261,21.95524326,0.087289067,0.818650614
1615,SIM_2024,5,2,6,ILL5261,21.5153195,0.046641025,0.79688748
1394,SIM_2024,5,1,20,ILL5384,20.5312981,0.013256648,0.829740564
1679,SIM_2024,5,2,9,ILL5384,21.59856407,0.068319157,0.817755562
1226,SIM_2024,5,1,12,ILL5416,21.41156316,0.06871065,0.826980905
1909,SIM_2024,5,2,21,ILL5416,21.38975872,0.033399096,0.824931601
1055,SIM_2024,5,1,3,ILL5424,20.85964145,0.027783404,0.82367814
1664,SIM_2024,5,2,9,ILL5424,20.62855832,0.038373547,0.808614584
1198,SIM_2024,5,1,10,ILL5505,23.42597518,0.121197193,0.816165707
1856,SIM_2024,5,2,18,ILL5505,21.97034728,0.035541619,0.81180981
1367,SIM_2024,5,1,19,ILL5509,22.36432157,0.222671789,0.832667913
1890,SIM_2024,5,2,20,ILL5509,21.67018024,0.098545953,0.810498164
1179,SIM_2024,5,1,9,ILL5519,22.78165803,0.069044103,0.809095829
1816,SIM_2024,5,2,16,ILL5519,22.11501297,0.068256418,0.811878767
1154,SIM_2024,5,1,8,ILL5533,20.62739404,0.062168601,0.811369059
1926,SIM_2024,5,2,22,ILL5533,21.63773056,0.052899378,0.822190216
1110,SIM_2024,5,1,6,ILL5537,22.10777847,0.01047024,0.819369532
1806,SIM_2024,5,2,16,ILL5537,21.3069566,0.065330452,0.804508411
1222,SIM_2024,5,1,12,ILL5553,21.20102388,0.068339708,0.82300333
1922,SIM_2024,5,2,22,ILL5553,21.37172559,0.094513431,0.812327946
1485,SIM_2024,5,1,25,ILL5595,21.94247247,0.069525463,0.831769503
1669,SIM_2024,5,2,9,ILL5595,20.55618147,0.044034326,0.802971332
1421,SIM_2024,5,1,22,ILL5626,21.39693868,0.063908987,0.814581902
1533,SIM_2024,5,2,2,ILL5626,21.33233205,0.06324486,0.807357181
1117,SIM_2024,5,1,6,ILL5639,22.06840082,0.055655642,0.818492209
1501,SIM_2024,5,2,1,ILL5639,20.97573336,0.071231812,0.807267986
1175,SIM_2024,5,1,9,ILL5645,23.04880015,0.073777141,0.816734849
1845,SIM_2024,5,2,18,ILL5645,22.59165736,0.075360144,0.810891652
1489,SIM_2024,5,1,25,ILL5653,20.8985242,0.052318733,0.802610828
1855,SIM_2024,5,2,18,ILL5653,21.30989036,0.071934378,0.811528133
1372,SIM_2024,5,1,19,ILL5956,21.22719296,0.044202557,0.805063473
1844,SIM_2024,5,2,18,ILL5956,21.65394316,0.071328011,0.802975166
1390,SIM_2024,5,1,20,ILL5968,20.50643332,0.042835925,0.806349711
1631,SIM_2024,5,2,7,ILL5968,22.31262415,0.078748283,0.81935093
1137,SIM_2024,5,1,7,ILL5988,23.25270505,0.092716153,0.826372916
1768,SIM_2024,5,2,14,ILL5988,20.77209114,0.045358228,0.809511847
1128,SIM_2024,5,1,7,ILL6001,24.56286786,0.191423009,0.840884072
1838,SIM_2024,5,2,17,ILL6001,22.287202,0.080121091,0.82663692
1435,SIM_2024,5,1,22,ILL6126,22.79097197,0,0.833468873
1829,SIM_2024,5,2,17,ILL6126,23.23017776,0.078178471,0.826738411
1145,SIM_2024,5,1,8,ILL6149,23.47056499,0.099574479,0.818196685
1787,SIM_2024,5,2,15,ILL6149,20.78439818,0.048279667,0.811597776
1255,SIM_2024,5,1,13,ILL6199,21.19530902,0.069455363,0.805208436
1573,SIM_2024,5,2,4,ILL6199,22.84611646,0.088667295,0.828100118
1076,SIM_2024,5,1,4,ILL6281,21.20489234,0.079015686,0.812104206
1966,SIM_2024,5,2,24,ILL6281,19.61757091,0.052419924,0.797465519
1251,SIM_2024,5,1,13,ILL6350,19.79169935,0.062238771,0.809906962
1925,SIM_2024,5,2,22,ILL6350,19.62930711,0.03226833,0.801518834
1362,SIM_2024,5,1,19,ILL6406,21.53574708,0.072128513,0.810054952
1708,SIM_2024,5,2,11,ILL6406,21.64403198,0.045956262,0.838039664
1147,SIM_2024,5,1,8,ILL6415,23.2357033,0.083439126,0.827594441
1831,SIM_2024,5,2,17,ILL6415,23.42534236,0.074611066,0.825997186
1027,SIM_2024,5,1,2,ILL6493,21.28308598,0.08489158,0.822820443
1961,SIM_2024,5,2,24,ILL6493,22.063808,0.069928072,0.815301133
1331,SIM_2024,5,1,17,ILL6528,22.26668028,0.04079686,0.825725009
1686,SIM_2024,5,2,10,ILL6528,21.22945005,0.047729595,0.818188695
1033,SIM_2024,5,1,2,ILL6644,21.45592346,0.028329612,0.807690282
1597,SIM_2024,5,2,5,ILL6644,21.15346547,0.050972863,0.82512798
1693,SIM_2024,5,2,10,ILL6750,20.91691262,0.057204786,0.825002837
1122,SIM_2024,5,1,7,ILL6783,21.49961753,0.048961444,0.820121918
1914,SIM_2024,5,2,21,ILL6783,21.56605973,0.059153359,0.811830352
1091,SIM_2024,5,1,5,ILL6848,21.25292231,0.045930084,0.830103154
1577,SIM_2024,5,2,4,ILL6848,21.46103559,0.023357246,0.809295809
1323,SIM_2024,5,1,17,ILL6870,20.24391107,0.050959519,0.810448625
1941,SIM_2024,5,2,23,ILL6870,20.75606751,0.013482226,0.795175688
1049,SIM_2024,5,1,3,ILL6925,20.2135647,0.056527928,0.816343095
1731,SIM_2024,5,2,12,ILL6925,21.06914,0.068387169,0.813078067
1308,SIM_2024,5,1,16,ILL6994,21.1160559,0.036676196,0.795931365
1968,SIM_2024,5,2,24,ILL6994,20.50584901,0.054372289,0.812738254
1312,SIM_2024,5,1,16,ILL7012,20.90351663,0.107078787,0.811189298
1618,SIM_2024,5,2,6,ILL7012,22.07818454,0.081041977,0.815016468
1432,SIM_2024,5,1,22,ILL705,23.12780214,0.058774414,0.827509593
1981,SIM_2024,5,2,25,ILL705,21.71311245,0.105753989,0.823964783
1054,SIM_2024,5,1,3,ILL7070,20.99997067,0.056014121,0.814181041
1720,SIM_2024,5,2,11,ILL7070,23.06787237,0.06418311,0.823401677
1224,SIM_2024,5,1,12,ILL7084,22.65690062,0.046291653,0.832278678
1626,SIM_2024,5,2,7,ILL7084,22.24422452,0.048832848,0.815708758
1243,SIM_2024,5,1,13,ILL7090,21.30584813,0.10545198,0.806052813
1636,SIM_2024,5,2,7,ILL7090,22.10050541,0.098071031,0.8126367
1473,SIM_2024,5,1,24,ILL71,23.40720256,0.099118056,0.827366484
1967,SIM_2024,5,2,24,ILL71,21.16922354,0.052281727,0.819629851
1274,SIM_2024,5,1,14,ILL7108,21.10698437,0.031728428,0.80635469
1715,SIM_2024,5,2,11,ILL7108,20.78012641,0,0.810486225
1464,SIM_2024,5,1,24,ILL719,23.00328231,0.041504935,0.822738114
1736,SIM_2024,5,2,12,ILL719,23.75398463,0.058786428,0.825445959
1056,SIM_2024,5,1,3,ILL7437,21.90152554,0.067003017,0.805314697
1564,SIM_2024,5,2,4,ILL7437,21.25038722,0.04396355,0.816690546
1454,SIM_2024,5,1,23,ILL7495,22.64126469,0.078576136,0.828974191
1530,SIM_2024,5,2,2,ILL7495,21.42023738,0.0750122,0.81158683
1184,SIM_2024,5,1,10,ILL7650,20.9711543,0.051387795,0.820425284
1522,SIM_2024,5,2,2,ILL7650,21.91374047,0.077206794,0.807531871
1283,SIM_2024,5,1,15,ILL7686,21.36415851,0.026935826,0.820747713
1839,SIM_2024,5,2,17,ILL7686,23.41142435,0.064496586,0.817268434
1793,SIM_2024,5,2,15,ILL769,22.00468365,0.035504336,0.820456696
1295,SIM_2024,5,1,15,ILL7727,22.74119098,0.3336837,0.820554989
1656,SIM_2024,5,2,8,ILL7727,22.70648257,0.081294152,0.835385805
1160,SIM_2024,5,1,8,ILL7745,24.36346858,0.080027757,0.831014333
1970,SIM_2024,5,2,24,ILL7745,22.89654892,0.045681959,0.819514527
1124,SIM_2024,5,1,7,ILL7774,20.42600174,0.034716616,0.796630278
1748,SIM_2024,5,2,13,ILL7774,20.4296119,0,0.806726628
1156,SIM_2024,5,1,8,ILL7789,22.95408325,0.074433163,0.824410955
1767,SIM_2024,5,2,14,ILL7789,21.92737521,0.079030567,0.815005033
1092,SIM_2024,5,1,5,ILL7979,21.35861034,0.078825798,0.823369435
1949,SIM_2024,5,2,23,ILL7979,21.76723535,0.05195228,0.832680534
1186,SIM_2024,5,1,10,ILL7981,21.48536909,0.076884053,0.812108321
1814,SIM_2024,5,2,16,ILL7981,21.72300221,0.084868435,0.816011466
1017,SIM_2024,5,1,1,ILL8010,21.77048127,0.089076245,0.830830306
1556,SIM_2024,5,2,3,ILL8010,21.370511,0.06773431,0.821399111
1148,SIM_2024,5,1,8,ILL8114,21.10472429,0.066427014,0.811285616
1820,SIM_2024,5,2,16,ILL8114,20.56129703,0.024978963,0.808763722
1462,SIM_2024,5,1,24,ILL82,20.90201584,0.067078944,0.802907015
1642,SIM_2024,5,2,8,ILL82,21.68361331,0.064202213,0.812623057
1386,SIM_2024,5,1,20,ILL840,20.91165184,0.019443044,0.809316298
1982,SIM_2024,5,2,25,ILL840,19.9883765,0.038522675,0.816675536
1108,SIM_2024,5,1,6,ILL858,25.24556584,0.091950303,0.831035589
1888,SIM_2024,5,2,20,ILL858,21.29737585,0.050676859,0.832152744
1080,SIM_2024,5,1,4,ILL8614,20.98074297,0.085666822,0.802498624
1647,SIM_2024,5,2,8,ILL8614,21.41452505,0.060901552,0.811715712
1095,SIM_2024,5,1,5,ILL890,20.16633223,0.043246331,0.802425718
1585,SIM_2024,5,2,5,ILL890,20.94870288,0.031171364,0.815022778
1025,SIM_2024,5,1,2,ILL918,22.27457127,0.05350266,0.821295619
1630,SIM_2024,5,2,7,ILL918,21.69562809,0.048714823,0.823252026
1256,SIM_2024,5,1,13,ILL956,22.66672367,0.001931811,0.803676894
1976,SIM_2024,5,2,24,ILL956,22.0593242,0.043835632,0.811836524
1419,SIM_2024,5,1,21,ILL9951,21.54674047,0.043117619,0.818679194
1557,SIM_2024,5,2,3,ILL9951,22.58862206,0.051913678,0.825658576
1416,SIM_2024,5,1,21,L24,21.47590101,0.064473606,0.809255217
1632,SIM_2024,5,2,7,L24,22.73251103,0.068621214,0.819137064
1393,SIM_2024,5,1,20,PI163589,20.49710308,0.037337176,0.820780797
1973,SIM_2024,5,2,24,PI163589,20.49662602,0.061982582,0.804548469
1278,SIM_2024,5,1,14,PI165586,21.76135388,0.075613041,0.814035175
1638,SIM_2024,5,2,7,PI165586,21.80309963,0.030856586,0.806777062
1491,SIM_2024,5,1,25,PI169534,24.31206508,0.080345581,0.83777209
1541,SIM_2024,5,2,3,PI169534,21.53668523,0.060463981,0.825338569
1279,SIM_2024,5,1,14,PI174246,21.84320326,0.025892713,0.819280752
1969,SIM_2024,5,2,24,PI174246,20.11019742,0.040004454,0.81120987
1028,SIM_2024,5,1,2,PI175754,21.10397731,0.027855632,0.823392592
1700,SIM_2024,5,2,10,PI175754,21.95083678,0.093513645,0.878881169
1470,SIM_2024,5,1,24,ILL151,20.62301103,0,0.816462953
1514,SIM_2024,5,2,1,ILL151,22.47422642,0.091576482,0.838759077
1181,SIM_2024,5,1,10,PI177442,20.71493697,0.094416298,0.804829982
1603,SIM_2024,5,2,6,PI177442,22.00621467,0.056933467,0.810275798
1428,SIM_2024,5,1,22,PI178939,21.22091781,0.061776081,0.839601583
1645,SIM_2024,5,2,8,PI178939,22.99049443,0.08651385,0.835086195
1349,SIM_2024,5,1,18,PI178940,23.58354949,0.045433917,0.82174145
1648,SIM_2024,5,2,8,PI178940,21.77081332,0.070197085,0.827726334
1335,SIM_2024,5,1,17,ILL167,21.42661506,0.032859773,0.80704115
1931,SIM_2024,5,2,22,ILL167,22.38142764,0.075279916,0.819694808
1299,SIM_2024,5,1,15,PI178971,21.56562669,0,0.800746396
1781,SIM_2024,5,2,15,PI178971,20.46206787,0.076022417,0.811802193
1354,SIM_2024,5,1,18,PI179324,23.67120751,0.073360106,0.845156315
1528,SIM_2024,5,2,2,PI179324,20.25250664,0.071542195,0.822402321
1728,SIM_2024,5,2,12,ILL186,22.73907204,0.05776062,0.82405634
1014,SIM_2024,5,1,1,PI181771,20.95394621,0.079311414,0.808376699
1512,SIM_2024,5,2,1,PI181771,21.62798344,0.047372765,0.81058581
1344,SIM_2024,5,1,18,PI181886,22.80677704,0.061815993,0.822716665
1774,SIM_2024,5,2,14,PI181886,21.44216119,0.075258533,0.82679315
1261,SIM_2024,5,1,14,PI182217,21.27071417,0.086268171,0.831568608
1515,SIM_2024,5,2,1,PI182217,19.71448131,0.03803088,0.817485624
1337,SIM_2024,5,1,17,PI193547,22.1107709,0.050187938,0.8147947
1757,SIM_2024,5,2,13,PI193547,21.43321059,0.091176154,0.793126747
1373,SIM_2024,5,1,19,PI193548,20.99195339,0.07808396,0.806955565
1912,SIM_2024,5,2,21,PI193548,21.55216898,0.094289817,0.804084399
1472,SIM_2024,5,1,24,PI193817,20.87201937,0.073567573,0.814073883
1578,SIM_2024,5,2,4,PI193817,21.57779841,0.088884545,0.818415542
1098,SIM_2024,5,1,5,PI207492,20.95731952,0.268966564,0.812869478
1835,SIM_2024,5,2,17,PI207492,22.46483023,0.097650069,0.816255072
1071,SIM_2024,5,1,4,ILL211,24.03998395,0.090591662,0.814116911
1610,SIM_2024,5,2,6,ILL211,22.89994368,0.10175123,0.817013592
1456,SIM_2024,5,1,23,PI211052,23.26088577,0.033935744,0.829141203
1877,SIM_2024,5,2,19,PI211052,22.98271862,0.073222908,0.834325439
1276,SIM_2024,5,1,14,PI211602,20.63452544,0.007866006,0.808140034
1650,SIM_2024,5,2,8,PI211602,20.73849301,0.051552117,0.807489734
1074,SIM_2024,5,1,4,PI212100,21.07923002,0.035874487,0.821462959
1712,SIM_2024,5,2,11,PI212100,22.23226428,0.040989531,0.815558205
1112,SIM_2024,5,1,6,ILL217,21.51692808,0.045136495,0.809845777
1733,SIM_2024,5,2,12,ILL217,23.12886562,0.049011371,0.828488709
1057,SIM_2024,5,1,3,PI217949,19.87290307,0.034278188,0.80990133
1830,SIM_2024,5,2,17,PI217949,22.25285639,0.056382842,0.827325921
1317,SIM_2024,5,1,16,PI229611,21.34712361,0.056730847,0.801819829
1863,SIM_2024,5,2,19,PI229611,23.04805075,0.080347916,0.818209063
1387,SIM_2024,5,1,20,PI238758,21.96748153,0.033211973,0.851155704
1740,SIM_2024,5,2,12,PI238758,22.40365604,0.024772511,0.816931072
1114,SIM_2024,5,1,6,PI244046,22.02602107,0.0319234,0.837858835
1652,SIM_2024,5,2,8,PI244046,22.96391248,0.075518966,0.821175535
1379,SIM_2024,5,1,19,PI250156,21.07556032,0.030685931,0.804587561
1937,SIM_2024,5,2,22,PI250156,22.49641253,0.053163156,0.806040228
1455,SIM_2024,5,1,23,PI250158,21.75473133,0.067137983,0.832025404
1963,SIM_2024,5,2,24,PI250158,19.34807839,0.010560126,0.804189218
1263,SIM_2024,5,1,14,PI251032,23.22174807,0.042505035,0.83091334
1770,SIM_2024,5,2,14,PI251032,20.93762463,0.03955719,0.833898672
1046,SIM_2024,5,1,3,PI251248,22.28381888,0.081774337,0.813988462
1971,SIM_2024,5,2,24,PI251248,22.53595465,0.086289053,0.820740088
1414,SIM_2024,5,1,21,PI251784,22.99398434,0.050648029,0.822139635
1891,SIM_2024,5,2,20,PI251784,20.91401901,0.069949572,0.81513699
1267,SIM_2024,5,1,14,ILL241,23.2341644,0.082350494,0.837285715
1951,SIM_2024,5,2,23,ILL241,22.26021729,0.070094414,0.821712663
1439,SIM_2024,5,1,22,PI273664,22.03806039,0.057154302,0.812497878
1893,SIM_2024,5,2,20,PI273664,22.4330135,0.145235243,0.826191121
1239,SIM_2024,5,1,12,PI280686,20.12680657,0.054588414,0.81833647
1723,SIM_2024,5,2,12,PI280686,24.42322456,0.110656468,0.824098297
1253,SIM_2024,5,1,13,PI283604,22.7402718,0.050335743,0.829244399
1620,SIM_2024,5,2,6,PI283604,24.71446401,0.093739139,0.839143047
1763,SIM_2024,5,2,14,PI289066,23.10246887,0.083377309,0.830979829
1351,SIM_2024,5,1,18,PI289069,22.41340108,0.058632926,0.819680993
1940,SIM_2024,5,2,22,PI289069,21.69314539,0.062742263,0.804463378
1053,SIM_2024,5,1,3,PI289070,22.40606254,0.042316253,0.830175295
1819,SIM_2024,5,2,16,PI289070,20.90862982,0.018006496,0.828268372
1009,SIM_2024,5,1,1,PI289073,21.23618797,0.071410954,0.809578671
1714,SIM_2024,5,2,11,PI289073,22.79339163,0.026341834,0.822402764
1021,SIM_2024,5,1,2,PI289077,22.47471923,0.040216222,0.828889587
1810,SIM_2024,5,2,16,PI289077,20.02916353,0.038469887,0.800928315
1023,SIM_2024,5,1,2,PI289079,22.8157551,0.142706052,0.848759667
1663,SIM_2024,5,2,9,PI289079,20.88104077,0.06453781,0.828321606
1102,SIM_2024,5,1,6,PI290716,22.34142741,0.057488255,0.827254991
1619,SIM_2024,5,2,6,PI290716,21.76881245,0.057290671,0.808266818
1483,SIM_2024,5,1,25,PI297284,22.30705953,0.015281456,0.83089699
1600,SIM_2024,5,2,5,PI297284,22.7712311,0.063146453,0.825116943
1272,SIM_2024,5,1,14,PI297285,25.15306044,0.049825324,0.834254036
1988,SIM_2024,5,2,25,PI297285,19.64787156,0.023907358,0.805585191
1371,SIM_2024,5,1,19,ILL1922,23.80272391,0.015579529,0.819349134
1721,SIM_2024,5,2,12,ILL1922,23.2561704,0.042025706,0.840284496
1104,SIM_2024,5,1,6,PI297287,22.06608498,0.0418009,0.816632381
1547,SIM_2024,5,2,3,PI297287,24.73189508,0.062803086,0.830872762
1206,SIM_2024,5,1,11,PI297754,22.48051556,0.097969599,0.82401739
1581,SIM_2024,5,2,5,PI297754,21.52134894,0.048269741,0.803828722
1271,SIM_2024,5,1,14,PI297767,23.15355802,0.112134023,0.832273027
1611,SIM_2024,5,2,6,PI297767,19.9170553,0.010999604,0.832584387
1430,SIM_2024,5,1,22,PI297772,22.82616792,0.084261671,0.838512135
1703,SIM_2024,5,2,11,PI297772,20.59499251,0.067160213,0.824331044
1158,SIM_2024,5,1,8,ILL312,21.08788178,0.028435002,0.834234962
1639,SIM_2024,5,2,7,ILL312,22.37120841,0.082019564,0.830322553
1097,SIM_2024,5,1,5,PI297787,22.65256376,0.046073905,0.813038612
1617,SIM_2024,5,2,6,PI297787,21.81921786,0.062345393,0.816874521
1193,SIM_2024,5,1,10,ILL324,22.39413475,0.024405802,0.815883938
1898,SIM_2024,5,2,20,ILL324,20.21688966,0.008699385,0.826776483
1136,SIM_2024,5,1,7,PI298023,20.52402742,0.044868781,0.819991142
1958,SIM_2024,5,2,23,PI298023,20.16347454,0.030044036,0.81158081
1234,SIM_2024,5,1,12,PI298122,21.42098581,0.020338765,0.805671211
1834,SIM_2024,5,2,17,PI298122,21.49802824,0.034879242,0.812743774
1127,SIM_2024,5,1,7,PI298357,23.74969554,0.096734091,0.839022032
1707,SIM_2024,5,2,11,PI298357,22.32708468,0.050747851,0.825802981
1311,SIM_2024,5,1,16,PI298631,20.200051,0.013545361,0.808621632
1813,SIM_2024,5,2,16,PI298631,21.4547524,0.067583148,0.828579812
1310,SIM_2024,5,1,16,PI298644,22.96754368,0.118592608,0.821924338
1668,SIM_2024,5,2,9,PI298644,22.13507751,0.050382237,0.833103581
1339,SIM_2024,5,1,17,PI298645,21.83881318,0.047801226,0.812596274
1601,SIM_2024,5,2,6,PI298645,22.71575637,0.105701408,0.852506197
1458,SIM_2024,5,1,23,ILL341,23.24103264,0.062205709,0.818346242
1833,SIM_2024,5,2,17,ILL341,21.11353748,0.10713888,0.832975066
1358,SIM_2024,5,1,18,PI298922,22.36555237,0.040451183,0.835833309
1425,SIM_2024,5,1,22,PI298923,22.94818086,0.064450254,0.833735746
1584,SIM_2024,5,2,5,PI298923,21.1190805,0.069186375,0.814728098
1431,SIM_2024,5,1,22,ILL344,23.12833137,0.014766187,0.808963907
1800,SIM_2024,5,2,15,ILL344,19.38942878,0.043577113,0.816028071
1325,SIM_2024,5,1,17,PI299116,21.38630401,0.023208957,0.81713504
1550,SIM_2024,5,2,3,PI299116,22.59334253,0.05543797,0.817404747
1268,SIM_2024,5,1,14,PI299117,21.64429036,0.071373981,0.804192774
1932,SIM_2024,5,2,22,PI299117,21.81013394,0.065129684,0.812682005
1208,SIM_2024,5,1,11,PI299120,22.2425378,0.074014352,0.820813121
1646,SIM_2024,5,2,8,PI299120,21.65055633,0.056926449,0.824651608
1066,SIM_2024,5,1,4,PI299121,21.35796351,0.064116635,0.812976524
1520,SIM_2024,5,2,1,PI299121,24.92435526,0.169110724,0.802505949
1384,SIM_2024,5,1,20,ILL353,22.60646518,0.064439495,0.818540626
1706,SIM_2024,5,2,11,ILL353,22.61008835,0.065305952,0.826441322
1192,SIM_2024,5,1,10,ILL357,20.37231091,0.029511582,0.802285924
1562,SIM_2024,5,2,4,ILL357,20.40505116,0.038814568,0.803834553
1019,SIM_2024,5,1,1,ILL358,22.59283068,0.039307017,0.828154892
1959,SIM_2024,5,2,23,ILL358,21.95532463,0.026724224,0.804224965
1228,SIM_2024,5,1,12,ILL359,22.70647443,0.09473219,0.815710188
1954,SIM_2024,5,2,23,ILL359,21.32237717,0.022349212,0.811558964
1039,SIM_2024,5,1,2,ILL360,20.65252759,0.046125556,0.810292789
1502,SIM_2024,5,2,1,ILL360,23.56648355,0.11724992,0.831784763
1554,SIM_2024,5,2,3,PI299163,24.10172115,0.116688617,0.865737763
1018,SIM_2024,5,1,1,PI299164,22.31763274,0.021497431,0.823936288
1697,SIM_2024,5,2,10,PI299164,23.0600713,0.075789657,0.834650973
1280,SIM_2024,5,1,14,ILL1924,22.35895693,0.075958974,0.820639097
1796,SIM_2024,5,2,15,ILL1924,22.15016102,0.054321802,0.826624699
1003,SIM_2024,5,1,1,PI299177,24.53611834,0.185977759,0.855193823
1874,SIM_2024,5,2,19,PI299177,23.31903999,0.072869663,0.831052418
1101,SIM_2024,5,1,6,PI299207,23.56604049,0.110866366,0.817950935
1534,SIM_2024,5,2,2,PI299207,24.67307588,0.109002796,0.81917037
1303,SIM_2024,5,1,16,PI299215,21.62101595,0.03386429,0.812452644
1574,SIM_2024,5,2,4,PI299215,20.86707789,0.035289061,0.82502573
1077,SIM_2024,5,1,4,PI299237,21.9239562,0.026388024,0.823839883
1627,SIM_2024,5,2,7,PI299237,21.68413578,0.052480339,0.820811604
1073,SIM_2024,5,1,4,ILL413,22.05398926,0.109200783,0.84267105
1879,SIM_2024,5,2,19,ILL413,23.89195109,0.092645448,0.843019229
1236,SIM_2024,5,1,12,PI299285,23.65750285,0.068560373,0.83794667
1780,SIM_2024,5,2,14,PI299285,22.72444034,0.039448897,0.821694323
1213,SIM_2024,5,1,11,PI299289,23.74287612,0.183471034,0.837603628
1570,SIM_2024,5,2,4,PI299289,23.12443646,0.09401025,0.825575541
1324,SIM_2024,5,1,17,ILL435,23.7288517,0.100746693,0.837043941
1637,SIM_2024,5,2,7,ILL435,23.19271854,0.06791801,0.835076172
1361,SIM_2024,5,1,19,ILL440,22.67770229,0.063214315,0.847249059
1036,SIM_2024,5,1,2,ILL454,22.0721999,0.043698998,0.820383382
1709,SIM_2024,5,2,11,ILL454,22.10760793,0.050787388,0.818425134
1340,SIM_2024,5,1,17,PI299351,21.78138091,0.079836505,0.83199043
1594,SIM_2024,5,2,5,PI299351,21.66553911,0.055774412,0.829384816
1164,SIM_2024,5,1,9,PI299354,21.41610031,0.036059525,0.819736695
1867,SIM_2024,5,2,19,PI299354,21.87762914,0.056955819,0.832952317
1202,SIM_2024,5,1,11,PI299366,24.20115403,0.083039704,0.84102818
1555,SIM_2024,5,2,3,PI299366,22.60594018,0.044821831,0.823156163
1398,SIM_2024,5,1,20,PI299371,23.00885034,0.030255471,0.822078367
1871,SIM_2024,5,2,19,PI299371,24.82791157,0.077795969,0.835431304
1287,SIM_2024,5,1,15,ILL469,21.35626898,0.063707173,0.813805017
1884,SIM_2024,5,2,20,ILL469,21.50645147,0.054602115,0.810843669
1290,SIM_2024,5,1,15,PI300250,19.93896002,0.042614841,0.816969295
1587,SIM_2024,5,2,5,PI300250,21.38255983,0.071728606,0.819532259
1210,SIM_2024,5,1,11,ILL482,21.01565353,0.067115213,0.801817519
1987,SIM_2024,5,2,25,ILL482,20.88246617,0.047994178,0.8219453
1131,SIM_2024,5,1,7,ILL486,22.28907017,0.081055306,0.812587086
1809,SIM_2024,5,2,16,ILL486,20.75880781,0.01572664,0.816528974
1201,SIM_2024,5,1,11,PI308611,22.15016098,0.062550981,0.832191503
1779,SIM_2024,5,2,14,PI308611,20.69223791,0.041069986,0.811969414
1185,SIM_2024,5,1,10,PI308614,20.93149399,0.0583118,0.824710613
1729,SIM_2024,5,2,12,PI308614,20.66531903,0.020086648,0.806149628
1187,SIM_2024,5,1,10,PI311107,20.89070935,0.044834873,0.816551088
1799,SIM_2024,5,2,15,PI311107,19.66728358,0.067684781,0.820503639
1167,SIM_2024,5,1,9,PI312175,21.01308861,0.034104083,0.808513223
1545,SIM_2024,5,2,3,PI312175,22.73485173,0.058902114,0.817944091
1034,SIM_2024,5,1,2,PI319367,23.2545921,0.077744476,0.827808291
1993,SIM_2024,5,2,25,PI319367,17.28100229,0,0.78822681
1067,SIM_2024,5,1,4,PI320935,21.4746695,0.008981752,0.822510253
1682,SIM_2024,5,2,10,PI320935,21.27051833,0,0.828760234
1230,SIM_2024,5,1,12,PI320936,20.24491134,0.025429,0.823420282
1815,SIM_2024,5,2,16,PI320936,21.93821263,0.037744451,0.835699361
1391,SIM_2024,5,1,20,PI320937,21.21371894,0.041851214,0.816245389
1688,SIM_2024,5,2,10,PI320937,22.12695334,0.055998612,0.817021846
1368,SIM_2024,5,1,19,ILL507,20.39818232,0.080023994,0.826161141
1665,SIM_2024,5,2,9,ILL507,24.20211225,0.089060059,0.843511583
1233,SIM_2024,5,1,12,ILL508,22.78911173,0.092683066,0.830702294
1862,SIM_2024,5,2,19,ILL508,22.18095326,0.046499052,0.819609949
1426,SIM_2024,5,1,22,PI320941,21.5682304,0.06271387,0.822465944
1946,SIM_2024,5,2,23,PI320941,22.98123195,0.100438268,0.829538333
1089,SIM_2024,5,1,5,PI320944,22.49850229,0.03918922,0.812316101
1730,SIM_2024,5,2,12,PI320944,21.43086426,0.045221365,0.822571576
1012,SIM_2024,5,1,1,PI320945,21.57600523,0.052794773,0.811173518
1972,SIM_2024,5,2,24,PI320945,22.67814285,0.075699964,0.823941381
1260,SIM_2024,5,1,13,PI320952,22.99652018,0.067798791,0.827552241
1994,SIM_2024,5,2,25,PI320952,21.57907984,0.017861538,0.826431157
1149,SIM_2024,5,1,8,PI320953,22.03864509,0.064848049,0.831862815
1641,SIM_2024,5,2,8,PI320953,21.11733041,0.049993481,0.836316128
1133,SIM_2024,5,1,7,PI320954,21.72954812,0.084924043,0.829874114
1531,SIM_2024,5,2,2,PI320954,23.0477456,0.034463509,0.824673014
1377,SIM_2024,5,1,19,PI329157,21.83484059,0.040106741,0.828974866
1651,SIM_2024,5,2,8,PI329157,23.85317175,0.072533308,0.819037376
1301,SIM_2024,5,1,16,PI329158,21.86474969,0.069124333,0.815289638
1902,SIM_2024,5,2,21,PI329158,22.13217667,0.071242363,0.817947244
1182,SIM_2024,5,1,10,PI329167,26.41088776,0.211860341,0.866230208
1588,SIM_2024,5,2,5,PI329167,22.87503076,0.072462277,0.828467945
1406,SIM_2024,5,1,21,PI329169,23.44295241,0.072423395,0.828992067
1840,SIM_2024,5,2,17,PI329169,21.84374189,0.019108765,0.81031467
1120,SIM_2024,5,1,6,ILL537,22.81951918,0.07239262,0.821589005
1962,SIM_2024,5,2,24,ILL537,24.13865862,0.056657787,0.833682661
1365,SIM_2024,5,1,19,PI339279,21.53986903,0.071076159,0.805344297
1783,SIM_2024,5,2,15,PI339279,21.64730561,0.055865508,0.820985213
1383,SIM_2024,5,1,20,PI339283,21.94036941,0.021140886,0.834177381
1543,SIM_2024,5,2,3,PI339283,21.55640266,0.055381439,0.822373566
1214,SIM_2024,5,1,11,PI339285,22.48458426,0.057013308,0.816561668
1924,SIM_2024,5,2,22,PI339285,21.16140363,0.031075404,0.821487494
1022,SIM_2024,5,1,2,PI339289,22.91414184,0.127557001,0.835499214
1561,SIM_2024,5,2,4,PI339289,21.74550578,0.031190853,0.815920103
1081,SIM_2024,5,1,5,PI339292,19.81364741,0,0.84684809
1915,SIM_2024,5,2,21,PI339292,22.40787897,0.083360267,0.819999421
1440,SIM_2024,5,1,22,ILL567,20.43131722,0,0.840233451
1802,SIM_2024,5,2,16,ILL567,18.559936,0.080356331,0.809028638
1100,SIM_2024,5,1,5,PI339310,21.20458632,0.062181715,0.822875172
1897,SIM_2024,5,2,20,PI339310,20.9250447,0.02782029,0.816744386
1119,SIM_2024,5,1,6,ILL589,23.0173887,0.07654386,0.827041043
1625,SIM_2024,5,2,7,ILL589,21.14376762,0.055193848,0.812905079
1194,SIM_2024,5,1,10,ILL590,21.50762116,0.069982234,0.81380257
1560,SIM_2024,5,2,3,ILL590,20.25867402,0.038806989,0.809644839
1424,SIM_2024,5,1,22,PI343023,21.97582053,0.066575532,0.813482154
1878,SIM_2024,5,2,19,PI343023,22.45695808,0.034600747,0.820456663
1151,SIM_2024,5,1,8,PI343025,20.83980292,0.031317481,0.806023092
1661,SIM_2024,5,2,9,PI343025,20.72644383,0.011948611,0.809240326
1297,SIM_2024,5,1,15,PI343026,20.6514972,0.280884023,0.820160686
1667,SIM_2024,5,2,9,PI343026,22.51210209,0.073919699,0.831699012
1445,SIM_2024,5,1,23,ILL600,22.61905952,0.046887141,0.825062462
1245,SIM_2024,5,1,13,PI345627,21.46038428,0.018471981,0.8159581
1655,SIM_2024,5,2,8,PI345627,21.05958321,0.05730627,0.82385178
1413,SIM_2024,5,1,21,ILL610,19.70136941,0.016787458,0.798548132
1812,SIM_2024,5,2,16,ILL610,19.86498715,0.041187925,0.804379634
1205,SIM_2024,5,1,11,PI345638,24.07019102,0.172284187,0.852396721
1843,SIM_2024,5,2,18,PI345638,21.65912937,0.043943071,0.813272788
1795,SIM_2024,5,2,15,PI357225,20.82692003,0.037548764,0.822203669
1197,SIM_2024,5,1,10,PI357226,20.51876424,0.05165559,0.804417931
1999,SIM_2024,5,2,25,PI357226,20.936389,0.043812216,0.819596056
1409,SIM_2024,5,1,21,PI358602,21.25428388,0.074051019,0.813069455
1745,SIM_2024,5,2,13,PI358602,22.44643404,0.09050927,0.843519467
1415,SIM_2024,5,1,21,PI368647,21.81449118,0.068219323,0.834411471
1580,SIM_2024,5,2,4,PI368647,22.09043596,0.071608724,0.821968053
1176,SIM_2024,5,1,9,PI368651,22.48211344,0.075295134,0.804701666
1919,SIM_2024,5,2,21,PI368651,21.55851465,0.111125361,0.814224797
1469,SIM_2024,5,1,24,PI370481,21.81968251,0.043963236,0.822964736
1918,SIM_2024,5,2,21,PI370481,21.77726958,0.060679197,0.812107085
1320,SIM_2024,5,1,16,PI370636,23.64264857,0.056020454,0.821111942
1722,SIM_2024,5,2,12,PI370636,24.40526088,0.091768192,0.817560669
1355,SIM_2024,5,1,18,PI374116,23.53627691,0.100945179,0.824977461
1899,SIM_2024,5,2,20,PI374116,20.23079795,0.034449958,0.809994658
1043,SIM_2024,5,1,3,ILL1938,21.52603613,0.057058535,0.820874812
1546,SIM_2024,5,2,3,ILL1938,21.12288489,0.036064311,0.816607209
1191,SIM_2024,5,1,10,ILL1939,22.01852222,0.038914111,0.820872046
1906,SIM_2024,5,2,21,ILL1939,21.07508508,0.066918639,0.793156146
1196,SIM_2024,5,1,10,ILL1940,22.69325964,0.063985015,0.827088667
1821,SIM_2024,5,2,17,ILL1940,19.65818046,0.045807462,0.805740471
1404,SIM_2024,5,1,21,PI374120,23.3802086,0.088446404,0.822760484
1732,SIM_2024,5,2,12,PI374120,21.98635633,0.049289228,0.815381192
1385,SIM_2024,5,1,20,PI374121,21.27610605,0.059069039,0.809220167
1776,SIM_2024,5,2,14,PI374121,23.6634477,0.077515626,0.822440856
1468,SIM_2024,5,1,24,PI379368,22.85512419,0.071659464,0.832444594
1689,SIM_2024,5,2,10,PI379368,21.28122478,0.032648754,0.831908068
1169,SIM_2024,5,1,9,ILL1947,22.24237709,0.049875812,0.835236813
1518,SIM_2024,5,2,1,ILL1947,20.66702699,0.048928459,0.824413208
1495,SIM_2024,5,1,25,PI379372,21.50046617,0.027019364,0.823429879
1643,SIM_2024,5,2,8,PI379372,22.94112746,0.058637416,0.82931444
1478,SIM_2024,5,1,24,PI412922,21.29664072,0.032284348,0.813569714
1945,SIM_2024,5,2,23,PI412922,22.47766859,0.079525128,0.816534211
1363,SIM_2024,5,1,19,PI420818,23.01938103,0.042088883,0.819682698
1864,SIM_2024,5,2,19,PI420818,21.14549494,0.086435588,0.800661233
1429,SIM_2024,5,1,22,PI420924,22.32107519,0.066542279,0.822648881
1760,SIM_2024,5,2,13,PI420924,23.92536675,0.067552765,0.835776708
1293,SIM_2024,5,1,15,PI420925,22.19466812,0.100227353,0.804031228
1910,SIM_2024,5,2,21,PI420925,21.29958107,0.066432785,0.804614108
1096,SIM_2024,5,1,5,PI420929,20.9063366,0.055093999,0.816006777
1775,SIM_2024,5,2,14,PI420929,23.80857366,0.061256836,0.833534934
1427,SIM_2024,5,1,22,PI426202,21.49326334,0.046303806,0.816340246
1633,SIM_2024,5,2,7,PI426202,24.7092372,0.123086285,0.837727791
1030,SIM_2024,5,1,2,PI426778,20.59165797,0.055622626,0.823648963
1882,SIM_2024,5,2,20,PI426778,21.44357512,0,0.844023289
1487,SIM_2024,5,1,25,PI426784,20.05166298,0.033489955,0.819803912
1623,SIM_2024,5,2,7,PI426784,21.59874008,0.050732437,0.823014488
1381,SIM_2024,5,1,20,PI426797,19.9701281,0.022551322,0.804800984
1508,SIM_2024,5,2,1,PI426797,19.58538766,0.024755637,0.800462931
1417,SIM_2024,5,1,21,PI426803,20.08056531,0.036859947,0.801638541
1903,SIM_2024,5,2,21,PI426803,21.45294033,0.047134171,0.82753341
1370,SIM_2024,5,1,19,PI426807,21.65974167,0.032212815,0.813654933
1977,SIM_2024,5,2,24,PI426807,20.96504349,0.021229216,0.815740029
1360,SIM_2024,5,1,18,PI429369,21.75402845,0.089816182,0.8258815
1950,SIM_2024,5,2,23,PI429369,22.52274958,0.125420623,0.827563599
1060,SIM_2024,5,1,3,PI429838,23.89628645,0.100515405,0.839785058
1786,SIM_2024,5,2,15,PI429838,22.21212949,0.064034049,0.823069536
1138,SIM_2024,5,1,7,PI431613,23.62602949,0.090779227,0.826542614
1612,SIM_2024,5,2,6,PI431613,22.57495113,0.070375811,0.821486335
1144,SIM_2024,5,1,8,PI431618,21.9502575,0.082960958,0.824720727
1744,SIM_2024,5,2,13,PI431618,21.96300056,0.102671961,0.827869378
1477,SIM_2024,5,1,24,PI431622,22.33018333,0.069459518,0.816706742
1790,SIM_2024,5,2,15,PI431622,24.0329784,0.216325788,0.854590211
1465,SIM_2024,5,1,24,PI431624,21.76720114,0.048990777,0.818813513
1869,SIM_2024,5,2,19,PI431624,22.74371587,0.078260232,0.819131684
1327,SIM_2024,5,1,17,PI431630,21.19227892,0.063935987,0.819159434
1527,SIM_2024,5,2,2,PI431630,20.88892972,0.093614652,0.829348815
1072,SIM_2024,5,1,4,PI431631,23.96522715,0.067918658,0.860570908
1579,SIM_2024,5,2,4,PI431631,23.37559355,0.08888389,0.808623831
1302,SIM_2024,5,1,16,ILL969,22.40804686,0.071621451,0.826790182
1537,SIM_2024,5,2,2,ILL969,26.04092532,0.037854447,0.849313452
1132,SIM_2024,5,1,7,PI431633,22.28369591,0.083407515,0.818616504
1929,SIM_2024,5,2,22,PI431633,22.52631318,0.072368559,0.819265134
1459,SIM_2024,5,1,23,PI431636,23.89378513,0.063027323,0.841655284
1316,SIM_2024,5,1,16,PI431640,22.85040131,0.080795218,0.824558676
1785,SIM_2024,5,2,15,PI431640,21.48063599,0.056421708,0.797505667
1490,SIM_2024,5,1,25,PI431642,21.5629154,0.046295901,0.838748867
1939,SIM_2024,5,2,22,PI431642,22.96995924,0.038633467,0.818449149
1342,SIM_2024,5,1,18,PI431643,21.65875607,0.045392983,0.813638484
1558,SIM_2024,5,2,3,PI431643,23.56787335,0.07813357,0.833467321
1166,SIM_2024,5,1,9,PI431656,22.53845419,0.084828315,0.820761046
1755,SIM_2024,5,2,13,PI431656,20.66928839,0.059313609,0.816876166
1983,SIM_2024,5,2,25,ILL906,21.58997288,0.065219951,0.83543714
1359,SIM_2024,5,1,18,PI431663,23.32199553,0.081352649,0.835527075
1505,SIM_2024,5,2,1,PI431663,22.26980407,0.069093629,0.809108889
1190,SIM_2024,5,1,10,PI431666,20.95521122,0,0.824039355
1872,SIM_2024,5,2,19,PI431666,22.00001933,0.044278087,0.826206482
1466,SIM_2024,5,1,24,PI431675,22.17738783,0.075150889,0.829354394
1753,SIM_2024,5,2,13,PI431675,22.74115857,0.06179659,0.824419727
1269,SIM_2024,5,1,14,PI431679,23.29092039,0.067207547,0.81789624
1842,SIM_2024,5,2,18,PI431679,21.39961233,0.021035898,0.829900246
1333,SIM_2024,5,1,17,PI431684,25.97143701,0.129730191,0.83267456
1704,SIM_2024,5,2,11,PI431684,22.3179165,0.06824309,0.826269706
1345,SIM_2024,5,1,18,PI431705,22.21192373,0.071266673,0.821554727
1880,SIM_2024,5,2,19,PI431705,20.6072107,0.062283427,0.82883989
1216,SIM_2024,5,1,11,PI431710,24.17736368,0.03544147,0.83527853
1606,SIM_2024,5,2,6,PI431710,23.23438134,0.082566856,0.824131702
1247,SIM_2024,5,1,13,PI431712,22.87889242,0.053454795,0.813264609
1544,SIM_2024,5,2,3,PI431712,24.39309547,0.090851428,0.835187799
1866,SIM_2024,5,2,19,PI431714,22.32098211,0.055884184,0.814418571
1075,SIM_2024,5,1,4,PI431717,22.12585684,0.054322285,0.817722603
1916,SIM_2024,5,2,21,PI431717,22.11380493,0.042029189,0.825335923
1064,SIM_2024,5,1,4,PI431728,22.47133147,0.078904647,0.825021837
1759,SIM_2024,5,2,13,PI431728,21.2454973,0.071855106,0.820874339
1405,SIM_2024,5,1,21,PI431731,23.21783837,0.06262286,0.822459323
1984,SIM_2024,5,2,25,PI431731,21.560917,0.044144281,0.836748983
1045,SIM_2024,5,1,3,PI431739,23.33764057,0.172390822,0.847334226
1687,SIM_2024,5,2,10,PI431739,20.2632176,0,0.825130802
1596,SIM_2024,5,2,5,PI431753,21.41238143,0.129921489,0.840867996
1150,SIM_2024,5,1,8,PI431756,23.17521571,0.094703286,0.829379674
1995,SIM_2024,5,2,25,PI431756,20.95493135,0.065585615,0.825811563
1461,SIM_2024,5,1,24,PI431768,22.32524988,0.066065441,0.817790132
1595,SIM_2024,5,2,5,PI431768,19.16226847,0.066929518,0.812357554
1111,SIM_2024,5,1,6,PI431774,23.47107505,0.087104218,0.823012664
1742,SIM_2024,5,2,13,PI431774,22.15389035,0.023537572,0.805741707
1168,SIM_2024,5,1,9,PI431780,21.73937106,0.059288919,0.809569549
1571,SIM_2024,5,2,4,PI431780,20.81003445,0.070925673,0.821094338
1262,SIM_2024,5,1,14,PI431809,22.96221987,0.07919042,0.831759369
1889,SIM_2024,5,2,20,PI431809,21.72800086,0.048914245,0.825942437
1357,SIM_2024,5,1,18,PI431810,23.82787699,0.036052459,0.840298975
1752,SIM_2024,5,2,13,PI431810,22.52092298,0.073465266,0.829589151
1010,SIM_2024,5,1,1,PI431824,19.80791076,0.04081812,0.808229313
1992,SIM_2024,5,2,25,PI431824,19.9518955,0.00343984,0.816823357
1343,SIM_2024,5,1,18,PI431863,23.37499471,0.041054824,0.823427576
1792,SIM_2024,5,2,15,PI431863,23.44495796,0.184695136,0.898971291
1011,SIM_2024,5,1,1,PI431873,22.18487889,0.071245073,0.821663843
1765,SIM_2024,5,2,14,PI431873,21.2141066,0.056664762,0.82230801
1083,SIM_2024,5,1,5,PI431884,20.89208868,0.030485937,0.821317223
1519,SIM_2024,5,2,1,PI431884,23.45696525,0.10616024,0.849156723
1481,SIM_2024,5,1,25,PI431888,21.73363301,0.044788424,0.817037855
1805,SIM_2024,5,2,16,PI431888,22.07757795,0.055865614,0.818075636
1451,SIM_2024,5,1,23,PI431893,20.85621007,0.06480873,0.815895851
1911,SIM_2024,5,2,21,PI431893,20.3132647,0.026981004,0.803554291
1498,SIM_2024,5,1,25,PI431923,21.86087499,0.121524789,0.846774982
1717,SIM_2024,5,2,11,PI431923,24.33711039,0.075677806,0.835843296
1277,SIM_2024,5,1,14,PI431980,22.8634343,0.075403458,0.828890583
1920,SIM_2024,5,2,21,PI431980,22.73178233,0.069377244,0.809022546
1423,SIM_2024,5,1,22,PI431987,23.19837878,0.065618974,0.818413482
1772,SIM_2024,5,2,14,PI431987,24.57991058,0.129332133,0.835618403
1467,SIM_2024,5,1,24,PI432000,21.31038541,0.071122068,0.822141086
1634,SIM_2024,5,2,7,PI432000,22.6320024,0.074858291,0.820411914
1332,SIM_2024,5,1,17,PI432001,20.45877231,0.011136576,0.815986655
1788,SIM_2024,5,2,15,PI432001,20.20253712,0.005013058,0.819068661
1020,SIM_2024,5,1,1,PI432002,22.1453702,0.053073871,0.834646983
1933,SIM_2024,5,2,22,PI432002,21.78844455,0.08387597,0.829935827
1442,SIM_2024,5,1,23,PI432005,21.99246527,0.06018479,0.822044595
1602,SIM_2024,5,2,6,PI432005,21.84763364,0.058291442,0.811703613
1484,SIM_2024,5,1,25,PI432028,23.11704872,0.05911175,0.81580287
1608,SIM_2024,5,2,6,PI432028,21.86118845,0.063326821,0.809553592
1125,SIM_2024,5,1,7,PI432033,20.77310067,0.048420259,0.817082006
1990,SIM_2024,5,2,25,PI432033,20.76532693,0.054278054,0.822689066
1203,SIM_2024,5,1,11,PI432059,23.4423571,0.070207486,0.81436419
1504,SIM_2024,5,2,1,PI432059,23.9473503,0.094115048,0.830818232
1229,SIM_2024,5,1,12,PI432071,23.65081688,0.066127634,0.830870723
1549,SIM_2024,5,2,3,PI432071,22.73373107,0.036370895,0.820776817
1026,SIM_2024,5,1,2,PI432085,22.42960346,0.056315084,0.836994771
1741,SIM_2024,5,2,13,PI432085,21.47165842,0.05303224,0.832591775
1374,SIM_2024,5,1,19,PI432087,20.6323561,0.035428485,0.811135949
1807,SIM_2024,5,2,16,PI432087,21.59829735,0.007324148,0.810204997
1129,SIM_2024,5,1,7,PI432106,21.66718758,0.032089784,0.829325217
1593,SIM_2024,5,2,5,PI432106,21.47633216,0.081228685,0.836879324
1051,SIM_2024,5,1,3,PI432124,21.59292392,0.035224778,0.815025625
1904,SIM_2024,5,2,21,PI432124,22.15160493,0.03793981,0.811630944
1013,SIM_2024,5,1,1,PI432145,22.8145253,0.073666122,0.832233783
1614,SIM_2024,5,2,6,PI432145,22.75398236,0.078141484,0.812434149
1249,SIM_2024,5,1,13,PI432147,24.72866632,0.135953533,0.844077834
1778,SIM_2024,5,2,14,PI432147,21.20718893,0.028501413,0.822125605
1225,SIM_2024,5,1,12,PI432184,22.13600521,0.072103395,0.807670092
1526,SIM_2024,5,2,2,PI432184,22.24622266,0.071259483,0.821063294
1195,SIM_2024,5,1,10,PI432185,22.00795779,0.057258776,0.827256943
1678,SIM_2024,5,2,9,PI432185,21.00984896,0.030384575,0.815888684
1062,SIM_2024,5,1,4,PI432188,21.92442829,0.03177271,0.819707913
1553,SIM_2024,5,2,3,PI432188,21.18532215,0.06323815,0.797841898
1031,SIM_2024,5,1,2,PI432190,22.12094156,0.055796346,0.820716204
1870,SIM_2024,5,2,19,PI432190,20.02657791,0.031727472,0.819165383
1217,SIM_2024,5,1,11,PI432201,23.36438974,0.048948232,0.818687417
1662,SIM_2024,5,2,9,PI432201,20.74406033,0.005404509,0.827939448
1438,SIM_2024,5,1,22,PI432212,23.22610393,0.080559953,0.825124265
1670,SIM_2024,5,2,9,PI432212,21.42006647,0.065327931,0.808547253
1328,SIM_2024,5,1,17,PI432236,21.70619355,0.078369625,0.824524562
1737,SIM_2024,5,2,12,PI432236,21.48935045,0.055691879,0.818443653
1375,SIM_2024,5,1,19,PI432237,22.13910778,0.074065986,0.824074698
1758,SIM_2024,5,2,13,PI432237,21.20969444,0.0312882,0.824765535
1497,SIM_2024,5,1,25,PI432245,20.88165304,0.077670256,0.818271552
1997,SIM_2024,5,2,25,PI432245,21.8344411,0.058387588,0.821551504
1395,SIM_2024,5,1,20,PI432271,22.02658249,0.016426392,0.822436143
1782,SIM_2024,5,2,15,PI432271,22.21374347,0.063591785,0.828980337
1070,SIM_2024,5,1,4,PI432286,19.59053587,0.041982493,0.789378552
1986,SIM_2024,5,2,25,PI432286,20.60980757,0.063654401,0.810884968
1496,SIM_2024,5,1,25,PI435954,22.56848007,9.53E-05,0.821159524
1797,SIM_2024,5,2,15,PI435954,20.81705935,0.020521334,0.819084801
1493,SIM_2024,5,1,25,PI451763,21.1918633,0.028389559,0.814657301
1761,SIM_2024,5,2,14,PI451763,23.04112765,0.048342786,0.826411325
1032,SIM_2024,5,1,2,PI451766,23.26952575,0.07535857,0.827929729
1935,SIM_2024,5,2,22,PI451766,20.51012509,0.043438068,0.8084783
1475,SIM_2024,5,1,24,PI458503,22.25702716,0.020647705,0.816758215
1762,SIM_2024,5,2,14,PI458503,22.42941942,0.060046521,0.83534097
1162,SIM_2024,5,1,9,PI468899,23.30591628,0.097674913,0.832380804
1613,SIM_2024,5,2,6,PI468899,23.59203683,0.085448225,0.83329123
1418,SIM_2024,5,1,21,PI468900,23.0107153,0.058183107,0.809091945
1847,SIM_2024,5,2,18,PI468900,23.08133314,0.017465782,0.818207781
1420,SIM_2024,5,1,21,PI468901,23.05040057,0.045424036,0.81072685
1653,SIM_2024,5,2,8,PI468901,24.07035517,0.070950927,0.844671606
1441,SIM_2024,5,1,23,PI468902,24.23950503,0.058164589,0.82673427
1852,SIM_2024,5,2,18,PI468902,22.14427537,0.022826596,0.811560003
1471,SIM_2024,5,1,24,PI471916,24.0146511,0.061449342,0.830587265
1808,SIM_2024,5,2,16,PI471916,22.05711111,0.052501016,0.825242697
1476,SIM_2024,5,1,24,PI471917,21.77881415,0.055556918,0.820603913
1524,SIM_2024,5,2,2,PI471917,21.88844389,0.057144784,0.820712465
1042,SIM_2024,5,1,3,PI472119,19.42462061,0.049468418,0.806267937
1583,SIM_2024,5,2,5,PI472119,19.44476175,0.054454453,0.804941931
1396,SIM_2024,5,1,20,PI472122,20.59830564,0.050366713,0.807731011
1858,SIM_2024,5,2,18,PI472122,20.9661634,0.073204348,0.813654648
1001,SIM_2024,5,1,1,PI472126,20.97371301,0.070783408,0.80059664
1827,SIM_2024,5,2,17,PI472126,21.0218783,0.045132783,0.806420441
1326,SIM_2024,5,1,17,PI472136,21.16753264,0.092824095,0.813677997
1853,SIM_2024,5,2,18,PI472136,20.71508457,0.039509992,0.807862051
1173,SIM_2024,5,1,9,PI472137,20.40175194,0.069900789,0.81356539
1798,SIM_2024,5,2,15,PI472137,21.11671575,0.043398714,0.821426546
1223,SIM_2024,5,1,12,PI472143,21.62441999,0.053652784,0.815907978
1841,SIM_2024,5,2,18,PI472143,21.2135727,0.022242413,0.814608488
1121,SIM_2024,5,1,7,PI472161,21.89057983,0.09571613,0.820586438
1503,SIM_2024,5,2,1,PI472161,21.3780734,0.104047882,0.80494171
1309,SIM_2024,5,1,16,PI472175,21.01688836,0.04114312,0.816922534
1885,SIM_2024,5,2,20,PI472175,19.30404384,0.045193359,0.806775014
1422,SIM_2024,5,1,22,PI472188,21.58776311,0.068530758,0.81267791
1979,SIM_2024,5,2,24,PI472188,19.99651083,0.028679569,0.804878317
1444,SIM_2024,5,1,23,PI472194,21.08611355,0.068005399,0.811240473
1743,SIM_2024,5,2,13,PI472194,21.68889466,0.056425996,0.810641885
1499,SIM_2024,5,1,25,PI472195,19.75137137,0.057607019,0.82120492
1828,SIM_2024,5,2,17,PI472195,20.36354415,0.027066361,0.805490562
1369,SIM_2024,5,1,19,PI472200,20.49723667,0.092253548,0.808968126
1824,SIM_2024,5,2,17,PI472200,20.04790059,0.014723585,0.796148617
1289,SIM_2024,5,1,15,PI472205,20.80735432,0.060776429,0.807422493
1943,SIM_2024,5,2,23,PI472205,20.95788151,0.03115841,0.80242998
1227,SIM_2024,5,1,12,PI472213,22.36403971,0.279147759,0.820271014
1974,SIM_2024,5,2,24,PI472213,21.79191438,0.039573977,0.8094724
1288,SIM_2024,5,1,15,PI472224,20.77803214,0.023807511,0.816441835
1727,SIM_2024,5,2,12,PI472224,21.23317395,0.027942878,0.824622663
1492,SIM_2024,5,1,25,PI472274,21.29637046,0,0.821684089
1964,SIM_2024,5,2,24,PI472274,19.99859799,0.052800936,0.810883667
1170,SIM_2024,5,1,9,PI472316,20.05331137,0.015682194,0.818254443
1996,SIM_2024,5,2,25,PI472316,20.40475857,0.065526013,0.818451486
1068,SIM_2024,5,1,4,PI472320,21.71572273,0.281944321,0.824558467
1832,SIM_2024,5,2,17,PI472320,20.23460901,0.079074237,0.799704946
1004,SIM_2024,5,1,1,PI472327,20.68212745,0.098893713,0.816527313
1582,SIM_2024,5,2,5,PI472327,20.28070229,0.05659417,0.83295037
1482,SIM_2024,5,1,25,PI472331,18.68144292,0.012103692,0.80269237
1565,SIM_2024,5,2,4,PI472331,19.83296115,0.006834439,0.807996666
1313,SIM_2024,5,1,16,PI472339,19.2230091,0.069687003,0.807609139
1629,SIM_2024,5,2,7,PI472339,23.40255117,0.293839913,0.838561999
1258,SIM_2024,5,1,13,PI472340,21.04453927,0.058234941,0.816737727
1900,SIM_2024,5,2,20,PI472340,20.22947313,0.057482349,0.81900265
1453,SIM_2024,5,1,23,PI472354,20.59549574,0.053292947,0.795746983
1105,SIM_2024,5,1,6,PI472372,22.62034828,0.037858793,0.82494084
1861,SIM_2024,5,2,19,PI472372,20.97938845,0,0.813442481
1273,SIM_2024,5,1,14,PI472380,19.8266217,0.037855251,0.828154459
1726,SIM_2024,5,2,12,PI472380,21.31908602,0.05106736,0.810378565
1058,SIM_2024,5,1,3,PI472383,21.18526424,0.038761552,0.802208378
1658,SIM_2024,5,2,8,PI472383,23.11120762,0.280420997,0.823722765
1157,SIM_2024,5,1,8,PI472400,21.8883011,0.120485127,0.809187031
1521,SIM_2024,5,2,2,PI472400,21.58344365,0.13341013,0.800301453
1008,SIM_2024,5,1,1,PI472416,21.00469991,0.045122055,0.823833788
1791,SIM_2024,5,2,15,PI472416,20.62565867,0.08747086,0.827294319
1350,SIM_2024,5,1,18,PI472452,20.76562038,0.038993557,0.803330694
1672,SIM_2024,5,2,9,PI472452,21.6191287,0.006822713,0.820931552
1221,SIM_2024,5,1,12,PI472458,20.42953706,0.075579812,0.813435678
1575,SIM_2024,5,2,4,PI472458,20.95625444,0.070194358,0.810841623
1088,SIM_2024,5,1,5,PI472484,18.72863794,0.058695098,0.806679102
1928,SIM_2024,5,2,22,PI472484,20.22423749,0.049571082,0.810212692
1397,SIM_2024,5,1,20,PI472488,20.68337896,0.028907552,0.810470001
1887,SIM_2024,5,2,20,PI472488,22.81450638,0.047181279,0.812227888
1126,SIM_2024,5,1,7,PI472535,21.64882771,0.052977368,0.82855158
1654,SIM_2024,5,2,8,PI472535,20.72759309,0.027804705,0.81708342
1241,SIM_2024,5,1,13,PI472549,20.89705301,0.082688647,0.812468775
1506,SIM_2024,5,2,1,PI472549,19.76196494,0.022258853,0.803973448
1450,SIM_2024,5,1,23,PI472559,19.9574313,0.013961297,0.809178637
1542,SIM_2024,5,2,3,PI472559,20.87020928,0.052866565,0.807375603
1452,SIM_2024,5,1,23,PI472561,19.96780013,0.034907795,0.811474498
1934,SIM_2024,5,2,22,PI472561,19.44717013,0.008086444,0.802014771
1153,SIM_2024,5,1,8,PI472562,20.23790819,0.021517011,0.815996237
1886,SIM_2024,5,2,20,PI472562,18.92485575,0.036982056,0.80531002
1215,SIM_2024,5,1,11,PI472564,25.30136667,0.36953853,0.844563063
1529,SIM_2024,5,2,2,PI472564,21.71398448,0.028574363,0.815042528
1314,SIM_2024,5,1,16,PI472569,20.86690498,0.030529829,0.812934494
1942,SIM_2024,5,2,23,PI472569,21.37996572,0.067398532,0.805243848
1015,SIM_2024,5,1,1,PI472588,21.76615965,0.012732121,0.81240162
1735,SIM_2024,5,2,12,PI472588,22.73015629,0.05576524,0.829483607
1284,SIM_2024,5,1,15,PI472590,22.20146719,0.023087886,0.825230176
1860,SIM_2024,5,2,18,PI472590,23.72986045,0.056433014,0.841304545
1307,SIM_2024,5,1,16,PI472615,20.30683089,0.019532034,0.799156328
1751,SIM_2024,5,2,13,PI472615,21.96726821,0.026659504,0.850379233
1016,SIM_2024,5,1,1,PI472629,20.65009444,0.04679482,0.820337334
1756,SIM_2024,5,2,13,PI472629,21.75989992,0.057631553,0.825632833
1364,SIM_2024,5,1,19,PI472632,21.39462844,0.043944769,0.813394085
1696,SIM_2024,5,2,10,PI472632,22.29785059,0.06564813,0.850625297
1069,SIM_2024,5,1,4,PI476365,22.35550773,0.056426334,0.819200638
1724,SIM_2024,5,2,12,PI476365,23.53599801,0.101095238,0.830088699
1078,SIM_2024,5,1,4,PI477921,22.12900295,0.052392558,0.826664259
1671,SIM_2024,5,2,9,PI477921,20.90619078,0.026219549,0.822507952
1065,SIM_2024,5,1,4,PI486127,22.44802422,0.051384537,0.821091497
1938,SIM_2024,5,2,22,PI486127,20.33688126,0.037393023,0.818268442
1180,SIM_2024,5,1,9,PI486128,21.80712141,0.038787783,0.822239918
1684,SIM_2024,5,2,10,PI486128,20.84927049,0,0.819356006
1040,SIM_2024,5,1,2,PI490288,20.76428507,0.046392133,0.803318554
1548,SIM_2024,5,2,3,PI490288,23.19134136,0.053732545,0.827694916
1463,SIM_2024,5,1,24,PI490289,21.69824264,0.041952922,0.82009297
1921,SIM_2024,5,2,22,PI490289,21.06822828,0.018960636,0.805356732
1063,SIM_2024,5,1,4,PI508090,21.45490866,0.035654297,0.830980824
1957,SIM_2024,5,2,23,PI508090,22.47439975,0.063401792,0.819029932
1248,SIM_2024,5,1,13,PI518731,25.48243113,0.158889125,0.846101581
1695,SIM_2024,5,2,10,PI518731,22.33425928,0.058630396,0.824830218
1107,SIM_2024,5,1,6,PI518732,22.99329783,0.070874936,0.825597982
1836,SIM_2024,5,2,17,PI518732,22.47082532,0.056043105,0.824590253
1159,SIM_2024,5,1,8,PI518733,21.86417789,0.055780068,0.822448599
1563,SIM_2024,5,2,4,PI518733,22.46677992,0.058968255,0.824536589
1296,SIM_2024,5,1,15,PI518734,21.87302857,0.065127022,0.810147048
1559,SIM_2024,5,2,3,PI518734,25.43757114,0.065445868,0.845920269
1270,SIM_2024,5,1,14,PI533688,22.99296392,0.09225185,0.823196255
1875,SIM_2024,5,2,19,PI533688,22.43434336,0.032100483,0.824192328
1436,SIM_2024,5,1,22,PI533690,20.95321124,0.033214861,0.803605665
1901,SIM_2024,5,2,21,PI533690,21.02323801,0.041926198,0.811201947
1376,SIM_2024,5,1,19,PI533691,22.61307922,0.054170385,0.829566549
1605,SIM_2024,5,2,6,PI533691,21.87058845,0.051458434,0.804413172
1232,SIM_2024,5,1,12,PI533693,22.58909405,0.070143235,0.822278843
1710,SIM_2024,5,2,11,PI533693,24.18231911,0.050368619,0.815729328
1155,SIM_2024,5,1,8,PI577168,21.34445434,0.070337218,0.812133723
1846,SIM_2024,5,2,18,PI577168,21.74165786,0.04260119,0.822920473
1298,SIM_2024,5,1,15,ILL5582,22.06918304,0.077354191,0.804491646
1566,SIM_2024,5,2,4,ILL5582,21.95052668,0.035159104,0.80366232
1500,SIM_2024,5,1,25,ILL8007,21.02118062,0.048420852,0.815790272
1952,SIM_2024,5,2,23,ILL8007,19.51932055,0.039107081,0.789259585
1352,SIM_2024,5,1,18,ILL8006,24.08164939,0.17549402,0.850955681
1811,SIM_2024,5,2,16,ILL8006,21.89238337,0.050620408,0.81599804
1460,SIM_2024,5,1,23,PI606570,23.68946187,0.059071063,0.824567386
1590,SIM_2024,5,2,5,PI606570,19.66356029,0.038601217,0.813618232
1242,SIM_2024,5,1,13,ILL1220,25.3887715,0.121932221,0.830842452
1823,SIM_2024,5,2,17,ILL1220,20.53313342,0.04017988,0.810463574
1474,SIM_2024,5,1,24,ILL2684,22.51758427,0.056874473,0.817926535
1702,SIM_2024,5,2,11,ILL2684,22.09251892,0.060776017,0.832574082
1488,SIM_2024,5,1,25,ILL7978,21.17039747,0.0732739,0.817890748
1749,SIM_2024,5,2,13,ILL7978,23.13501667,0.068633202,0.827291925
1330,SIM_2024,5,1,17,W627754,22.46037481,0.030992695,0.80835258
1998,SIM_2024,5,2,25,W627754,18.73065603,0,0.789148085
1174,SIM_2024,5,1,9,W627756,22.1230561,0.073834964,0.832264033
1923,SIM_2024,5,2,22,W627756,23.5534617,0.073402649,0.824597444
1211,SIM_2024,5,1,11,W627758,19.8921544,0.04405358,0.798098104
1691,SIM_2024,5,2,10,W627758,20.76071886,0.006463515,0.812449155
1265,SIM_2024,5,1,14,W627759,20.7987435,0.029506358,0.811298569
1538,SIM_2024,5,2,2,W627759,21.83508615,0.06208563,0.828576933
1143,SIM_2024,5,1,8,W627760,21.53720335,0.131138765,0.826291613
1908,SIM_2024,5,2,21,W627760,20.39869113,0.074725617,0.808809709
1252,SIM_2024,5,1,13,W627761,21.61761516,0.144952162,0.804061104
1804,SIM_2024,5,2,16,W627761,22.68730009,0.08696731,0.81055488
1407,SIM_2024,5,1,21,W627762,20.36057813,0.02575,0.804102758
1766,SIM_2024,5,2,14,W627762,21.95696344,0.053229518,0.819512124
1304,SIM_2024,5,1,16,W627763,21.40169882,0.068916747,0.795909034
1699,SIM_2024,5,2,10,W627763,20.50478352,0.058879234,0.802757641
1115,SIM_2024,5,1,6,W627765,23.09469079,0.070092467,0.812699098
1849,SIM_2024,5,2,18,W627765,22.46566113,0.044500784,0.82009316
1118,SIM_2024,5,1,6,W627766,20.94755769,0.040390901,0.808152967
1927,SIM_2024,5,2,22,W627766,20.56136268,0.011281929,0.79274088
1103,SIM_2024,5,1,6,W627767,20.89691733,0.029561182,0.827087468
1598,SIM_2024,5,2,5,W627767,20.66158496,0.085300482,0.826350988
1161,SIM_2024,5,1,9,W627768,22.05600114,0.057105255,0.812681192
1622,SIM_2024,5,2,7,W627768,21.10697716,0.053386671,0.792235085
1356,SIM_2024,5,1,18,W627780,21.44291109,0.076473231,0.807105466
1738,SIM_2024,5,2,12,W627780,20.18889798,0.038643615,0.820114259
1449,SIM_2024,5,1,23,W627781,21.77221806,0.047252069,0.832462387
1698,SIM_2024,5,2,10,W627781,21.27580299,0.050859067,0.847611859
1366,SIM_2024,5,1,19,W627782,22.52613312,0.106007535,0.816392943
1589,SIM_2024,5,2,5,W627782,20.21151439,0.026970051,0.821630089
