Pot No.,Replication,Year,ID,Genotype,Protein,SAAs,PDg,,,,
80,1,1,PI298922,PI298922,24.01541543,0.116336569,0.832528716,,,,
422,1,1,W627781,W627781,24.41506366,0.115720405,0.818686177,,,,
139,1,1,PI472590,PI472590,23.68259557,0.113887046,0.827369821,,,,
57,1,1,PI339310,PI339310,24.40488345,0.092372199,0.829754071,,,,
124,1,1,PI370481,PI370481,0,0,0,,,,
130,1,1,PI431636,PI431636,26.05200289,0.149089051,0.827187519,,,,
92,1,1,PI299354,PI299354,0,0,0,,,,
246,1,1,ILL2231,ILL2231,23.98782757,0.130618457,0.833674331,,,,
438,1,1,PI472632,PI472632,26.14575082,0.150917112,0.833186902,,,,
69,1,1,PI297767,PI297767,0,0,0,,,,
119,1,1,PI431631,PI431631,21.6194331,0.100084523,0.811347185,,,,
298,1,1,ILL7979,ILL7979,23.62649668,0.144782299,0.834125335,,,,
98,1,1,PI308614,PI308614,27.44649624,0.152027398,0.84166943,,,,
349,1,1,PI431618,PI431618,0,0,0,,,,
225,1,1,ILL769,ILL769,0,0,0,,,,
186,1,1,PI319367,ILL502,23.65690277,0.134465039,0.822987357,,,,
398,1,1,PI432085,PI432085,21.63540503,0.076922369,0.80344645,,,,
212,1,1,ILL2297,ILL2297,23.65531488,0.129967223,0.818951839,,,,
324,1,1,PI368647,PI368647,21.58093079,0.07508183,0.816053372,,,,
147,1,1,PI472339,PI472339,24.5571896,0.124185191,0.819369831,,,,
409,1,1,PI432005,PI432005,24.6597137,0.134593707,0.830139852,,,,
154,1,1,PI472119,PI472119,22.2182988,0.097215092,0.815215612,,,,
414,1,1,PI435954,PI435954,25.90987851,0.119844154,0.838018744,,,,
401,1,1,PI490288,PI490288,0,0,0,,,,
424,1,1,PI432237,PI432237,26.03424095,0.122246225,0.819095911,,,,
377,1,1,PI472562,PI472562,23.08253928,0.090350644,0.819574603,,,,
436,1,1,PI432071,PI432071,0,0,0,,,,
1,1,1,L24,L24,26.27811167,0.171289982,0.843443294,,,,
354,1,1,W627763,W627763,20.73912368,0.06873029,0.803360687,,,,
429,1,1,PI472136,PI472136,23.10860591,0.088770777,0.830426239,,,,
255,1,1,ILL4774,ILL4774,23.99261689,0.09106724,0.82211357,,,,
368,1,1,PI468899,PI468899,23.39331011,0.095246826,0.815429972,,,,
164,1,1,PI426807,PI426807,21.37061356,0.083073735,0.817498003,,,,
440,1,1,PI472161,PI472161,23.45423254,0.114214929,0.818181168,,,,
267,1,1,ILL5028,ILL5028,24.70582827,0.057700636,0.823427156,,,,
411,1,1,PI468902,PI468902,26.03505202,0.115209779,0.825762635,,,,
279,1,1,ILL5626,ILL5626,24.89524737,0.11166994,0.824717374,,,,
50,1,1,ILL1939,ILL1939,24.93693116,0.15123537,0.820601822,,,,
177,1,1,PI177442,ILL158,23.77639768,0.136368281,0.821562813,,,,
273,1,1,ILL5505,ILL5505,0,0,0,,,,
416,1,1,PI432145,PI432145,26.74202301,0.150830776,0.829090958,,,,
388,1,1,W627782,W627782,21.73270357,0.082700323,0.817598255,,,,
210,1,1,ILL2181,ILL2181,24.34059098,0.145125131,0.838802114,,,,
361,1,1,PI508090,PI508090,0,0,0,,,,
313,1,1,PI299237,PI299237,25.4042733,0.141224112,0.831802113,,,,
218,1,1,ILL4164,ILL4164,21.93327801,0.086444212,0.801486897,,,,
61,1,1,ILL241,ILL241,25.17245498,0.134911814,0.828614217,,,,
306,1,1,PI169534,PI169534,23.33163082,0.125960852,0.826623607,,,,
126,1,1,PI329169,PI329169,25.43693279,0.132844248,0.823506532,,,,
236,1,1,ILL7090,ILL7090,0,0,0,,,,
242,1,1,ILL7789,ILL7789,22.29024641,0.093929467,0.816214502,,,,
213,1,1,ILL2406,ILL2406,23.92323827,0.100616306,0.820124394,,,,
120,1,1,ILL969,ILL969,25.4134554,0.176734748,0.81728094,,,,
158,1,1,PI472331,PI472331,20.380309,0.063727044,0.801569061,,,,
208,1,1,PI379372,ILL1949,22.97604085,0.119670559,0.822203561,,,,
221,1,1,ILL4471,ILL4471,24.34918912,0.104014543,0.819790953,,,,
192,1,1,PI345638,ILL619,27.14321066,0.164181971,0.834229077,,,,
309,1,1,PI178971,PI178971,22.39964263,0.101872468,0.81262638,,,,
399,1,1,PI533693,PI533693,22.02636891,0.091879944,0.82597182,,,,
204,1,1,ILL1005,ILL1005,24.76314529,0.134999514,0.827448318,,,,
353,1,1,PI429369,PI429369,23.32355806,0.101006225,0.820332203,,,,
392,1,1,PI472549,PI472549,0,0,0,,,,
299,1,1,ILL7981,ILL7981,0,0,0,,,,
190,1,1,PI343025,ILL597,24.15768642,0.148404093,0.839585447,,,,
17,1,1,ILL10864,ILL10864,22.3348209,0.112877025,0.827200444,,,,
305,1,1,PI273664,PI273664,29.36430104,0.192325513,0.85736898,,,,
75,1,1,PI298357,PI298357,0,0,0,,,,
334,1,1,PI431710,PI431710,24.05175509,0.119121101,0.825699908,,,,
271,1,1,ILL5416,ILL5416,22.75242251,0.076270407,0.82553002,,,,
404,1,1,PI472488,PI472488,27.91207132,0.147799119,0.855866602,,,,
274,1,1,ILL5509,ILL5509,21.65695759,0.11303002,0.813528557,,,,
328,1,1,PI299215,PI299215,0,0,0,,,,
330,1,1,PI431622,PI431622,25.28989332,0.114170889,0.828520879,,,,
10,1,1,ILL8006,ILL8006,0,0,0,,,,
54,1,1,PI379368,PI379368,23.61487985,0.117127917,0.833453947,,,,
300,1,1,ILL8007,ILL8007,23.19750013,0.135731316,0.818676113,,,,
362,1,1,PI472416,PI472416,20.5665534,0.084916591,0.798809664,,,,
249,1,1,ILL7774,ILL7774,32.26163339,0.197560831,0.874681748,,,,
276,1,1,ILL5533,ILL5533,22.31661798,0.12238481,0.808149628,,,,
30,1,1,ILL9951,ILL9951,23.46665277,0.12609772,0.818445453,,,,
91,1,1,ILL454,ILL454,25.31816519,0.138861741,0.831822232,,,,
288,1,1,ILL6528,ILL6528,24.84766993,0.078709775,0.820663644,,,,
248,1,1,ILL4875,ILL4875,22.80903959,0.126485715,0.81314193,,,,
396,1,1,PI432184,PI432184,24.05851097,0.103691188,0.821848262,,,,
122,1,1,PI431663,PI431663,23.35537198,0.127689891,0.817586246,,,,
393,1,1,PI477921,PI477921,0,0,0,,,,
7,1,1,PI299371,PI299371,0,0,0,,,,
223,1,1,PI298923,ILL343,23.6628244,0.138007081,0.815472561,,,,
167,1,1,PI431980,PI431980,24.53607691,0.151446965,0.833591422,,,,
99,1,1,PI320935,PI320935,23.02494133,0.111266013,0.8359396,,,,
63,1,1,PI289066,PI289066,25.73619771,0.145043778,0.836712301,,,,
9,1,1,ILL590,ILL590,25.71840945,0.155654415,0.848951593,,,,
142,1,1,PI468901,PI468901,0,0,0,,,,
171,1,1,W627761,W627761,22.32725348,0.125891508,0.803229104,,,,
100,1,1,PI320936,PI320936,23.39904103,0.123606763,0.836719873,,,,
228,1,1,ILL4671,ILL4671,27.83212195,0.185960502,0.843173513,,,,
132,1,1,PI476365,PI476365,26.55618846,0.151254737,0.845819479,,,,
211,1,1,ILL2230,ILL2230,27.59658463,0.174958431,0.845057449,,,,
216,1,1,ILL3517,ILL3517,22.00783903,0.108494444,0.819305661,,,,
308,1,1,PI250158,PI250158,23.6134948,0.107432459,0.819752183,,,,
428,1,1,PI432185,PI432185,24.81408448,0.118573793,0.826490775,,,,
321,1,1,PI251248,PI251248,23.7607033,0.142101512,0.815560344,,,,
397,1,1,PI518732,PI518732,0,0,0,,,,
442,1,1,PI472400,PI472400,0,0,0,,,,
345,1,1,PI431768,PI431768,23.41043868,0.082699392,0.804686693,,,,
2,1,1,ILL1947,ILL1947,23.32849057,0.103896878,0.819225022,,,,
112,1,1,ILL537,ILL537,25.81828746,0.14067919,0.829660403,,,,
95,1,1,PI300250,PI300250,0,0,0,,,,
417,1,1,W627766,W627766,24.95603796,0.117130452,0.825159438,,,,
375,1,1,PI472327,PI472327,22.22651936,0.094810535,0.811645005,,,,
26,1,1,ILL6199,ILL6199,22.53066367,0.165855397,0.828215517,,,,
244,1,1,ILL5956,ILL5956,23.53364162,0.104931497,0.828016095,,,,
3,1,1,ILL2684,ILL2684,23.42178436,0.117397197,0.814879245,,,,
206,1,1,ILL1671,ILL1671,24.10673035,0.105678341,0.826997023,,,,
97,1,1,ILL486,ILL486,0,0,0,,,,
117,1,1,PI431643,PI431643,27.26405237,0.130062508,0.84537461,,,,
430,1,1,PI472372,PI472372,27.06176826,0.208580957,0.856136199,,,,
14,1,1,ILL10825,ILL10825,23.64406592,0.128184574,0.821931617,,,,
372,1,1,PI431810,PI431810,23.13490106,0.101826467,0.818744647,,,,
146,1,1,PI431712,PI431712,23.16160371,0.133204692,0.834040964,,,,
175,1,1,ILL82,ILL82,25.28718303,0.133354847,0.834332908,,,,
371,1,1,PI472484,PI472484,0,0,0,,,,
443,1,1,PI490289,PI490289,24.9236146,0.125409141,0.838127604,,,,
373,1,1,PI472137,PI472137,20.72036195,0.059769583,0.796670988,,,,
43,1,1,PI289077,PI289077,23.29942612,0.133594407,0.8180688,,,,
379,1,1,PI468900,PI468900,24.39753503,0.091838473,0.822302727,,,,
231,1,1,ILL5645,ILL5645,25.19838869,0.157725508,0.831664348,,,,
4,1,1,ILL312,ILL312,0,0,0,,,,
180,1,1,PI238758,ILL224,27.21237064,0.186692809,0.84897884,,,,
418,1,1,W627759,W627759,24.81081307,0.104390198,0.809575436,,,,
381,1,1,W627765,W627765,23.89003658,0.116242876,0.821868655,,,,
149,1,1,PI472316,PI472316,21.75813569,0.104875491,0.819399176,,,,
336,1,1,PI426784,PI426784,0,0,0,,,,
265,1,1,ILL4915,ILL4915,24.7428423,0.148105659,0.825533347,,,,
87,1,1,ILL413,ILL413,25.3896836,0.157635567,0.841978798,,,,
196,1,1,ILL719,ILL719,24.60983282,0.106494864,0.832016029,,,,
284,1,1,ILL6281,ILL6281,22.97643712,0.115430075,0.825628804,,,,
181,1,1,PI289069,ILL257,23.91907431,0.159412543,0.818990841,,,,
161,1,1,PI472320,PI472320,0,0,0,,,,
88,1,1,PI299285,PI299285,27.67311072,0.209097386,0.868829656,,,,
333,1,1,PI299163,PI299163,0,0,0,,,,
18,1,1,ILL10865,ILL10865,24.97662925,0.115856114,0.816075231,,,,
145,1,1,PI472213,PI472213,25.86339774,0.152651541,0.840622172,,,,
20,1,1,ILL10947,ILL10947,23.42947904,0.099148057,0.808528346,,,,
260,1,1,ILL4830,ILL4830,23.08340849,0.101941441,0.823906552,,,,
314,1,1,PI175754,PI175754,23.17850451,0.109326965,0.81668719,,,,
107,1,1,ILL513,ILL513,25.70693498,0.157404336,0.846104129,,,,
426,1,1,PI451763,PI451763,30.40265051,0.203390043,0.868686107,,,,
346,1,1,PI339283,PI339283,0,0,0,,,,
369,1,1,PI472615,PI472615,0,0,0,,,,
415,1,1,PI431863,PI431863,24.27293877,0.104501976,0.827820298,,,,
28,1,1,ILL7686,ILL7686,25.30169908,0.194570014,0.832414331,,,,
199,1,1,ILL890,ILL890,0,0,0,,,,
230,1,1,ILL4857,ILL4857,22.96552856,0.108183476,0.813237175,,,,
251,1,1,PI329158,PI329158,25.01764655,0.159735353,0.838514209,,,,
331,1,1,PI420925,PI420925,25.29201843,0.138801911,0.820854034,,,,
425,1,1,PI486127,PI486127,0,0,0,,,,
105,1,1,PI320944,PI320944,23.59479767,0.107024477,0.821542041,,,,
322,1,1,PI250156,PI250156,21.95727399,0.068373741,0.80572584,,,,
127,1,1,PI345627,PI345627,25.09423588,0.132902248,0.83613718,,,,
402,1,1,PI472559,PI472559,25.53475916,0.15517307,0.828131011,,,,
8,1,1,ILL5582,ILL5582,26.08190864,0.143953385,0.834512022,,,,
374,1,1,PI432106,PI432106,0,0,0,,,,
37,1,1,ILL1220,ILL1220,23.20897644,0.112794051,0.809556768,,,,
104,1,1,PI320941,PI320941,23.24419687,0.097025058,0.8224999,,,,
176,1,1,PI174246,PI174246,24.44879257,0.130027255,0.823525659,,,,
220,1,1,ILL4409,ILL4409,29.07660195,0.165237775,0.856970967,,,,
19,1,1,ILL10866,ILL10866,22.79669442,0.078051171,0.818749709,,,,
58,1,1,ILL211,ILL211,26.7044552,0.155787845,0.82564214,,,,
71,1,1,ILL324,ILL324,23.30362549,0.104901403,0.845192031,,,,
243,1,1,ILL4782,ILL4782,26.08656836,0.145229785,0.825985472,,,,
410,1,1,PI432236,PI432236,29.08996088,0.196719817,0.862385606,,,,
133,1,1,PI472452,PI472452,31.14771847,0.252454518,0.864029162,,,,
11,1,1,ILL10284,ILL10284,30.26929111,0.207328079,0.856996304,,,,
335,1,1,PI420929,PI420929,24.24019198,0.153910475,0.822289932,,,,
152,1,1,PI472340,PI472340,0,0,0,,,,
64,1,1,PI289073,PI289073,23.94229362,0.115158021,0.823597736,,,,
413,1,1,PI472564,PI472564,30.92642038,0.170196073,0.806461261,,,,
143,1,1,PI518731,PI518731,0,0,0,,,,
155,1,1,PI577168,PI577168,23.7622004,0.118430638,0.831354427,,,,
332,1,1,PI431756,PI431756,25.66217641,0.118364536,0.835535237,,,,
217,1,1,ILL4152,ILL4152,26.86057068,0.140594981,0.836039768,,,,
270,1,1,ILL5384,ILL5384,0,0,0,,,,
227,1,1,ILL1890,ILL1890,26.16765956,0.142606188,0.846908672,,,,
106,1,1,PI320945,PI320945,23.07433825,0.115240298,0.824279957,,,,
76,1,1,PI298631,PI298631,0,0,0,,,,
291,1,1,ILL6870,ILL6870,30.05489455,0.220588032,0.859290625,,,,
407,1,1,PI472200,PI472200,24.99787823,0.12353873,0.822062376,,,,
188,1,1,PI339285,ILL556,25.57542368,0.156126451,0.841989765,,,,
277,1,1,ILL5553,ILL5553,26.07312815,0.162327058,0.835402076,,,,
173,1,1,PI193547,PI193547,23.62528018,0.117745827,0.827693401,,,,
183,1,1,PI297772,ILL304,23.0381011,0.110229126,0.824509793,,,,
56,1,1,PI193817,PI193817,24.96669717,0.156423542,0.829645027,,,,
15,1,1,ILL10826,ILL10826,26.07239942,0.153515134,0.821959207,,,,
357,1,1,PI432212,PI432212,25.02518866,0.115141236,0.831051126,,,,
264,1,1,ILL4900,ILL4900,24.85228643,0.120991757,0.829815269,,,,
193,1,1,PI357225,ILL623,23.17854621,0.120099909,0.832459411,,,,
110,1,1,PI320954,PI320954,0,0,0,,,,
433,1,1,PI472194,PI472194,31.4061582,0.206879609,0.860804831,,,,
85,1,1,ILL360,ILL360,0,0,0,,,,
185,1,1,PI311107,ILL494,23.77795095,0.119293085,0.82301287,,,,
315,1,1,PI179324,PI179324,0,0,0,,,,
77,1,1,PI298644,PI298644,0,0,0,,,,
378,1,1,PI432286,PI432286,22.79986443,0.129596364,0.831308966,,,,
408,1,1,PI432087,PI432087,0,0,0,,,,
337,1,1,PI299207,PI299207,26.34828856,0.145558482,0.834321684,,,,
141,1,1,PI606570,PI606570,0,0,0,,,,
395,1,1,PI431884,PI431884,24.92237473,0.105680375,0.819445924,,,,
96,1,1,ILL482,ILL482,26.45951189,0.159125767,0.829109482,,,,
317,1,1,PI251032,PI251032,25.52057316,0.109599284,0.837422832,,,,
89,1,1,ILL435,ILL435,25.36887362,0.1477533,0.830107723,,,,
419,1,1,PI533690,PI533690,22.75141749,0.098644584,0.814093838,,,,
253,1,1,ILL4606,ILL4606,24.27608829,0.164188871,0.842637138,,,,
36,1,1,PI431684,PI431684,23.77230963,0.082093355,0.828047166,,,,
215,1,1,ILL3487,ILL3487,25.65688113,0.147835544,0.837439762,,,,
65,1,1,PI289079,PI289079,0,0,0,,,,
266,1,1,ILL4956,ILL4956,26.24982435,0.134382262,0.834570069,,,,
111,1,1,PI329157,PI329157,24.40572998,0.129176453,0.837366024,,,,
366,1,1,PI432245,PI432245,24.96812839,0.154537675,0.83461771,,,,
312,1,1,PI207492,PI207492,23.99506815,0.111525729,0.827131712,,,,
129,1,1,ILL600,ILL600,0,0,0,,,,
431,1,1,W627760,W627760,24.73397167,0.124543055,0.84273671,,,,
280,1,1,ILL5639,ILL5639,24.62192699,0.114309903,0.828984674,,,,
302,1,1,ILL8114,ILL8114,23.12977481,0.096738249,0.82420856,,,,
73,1,1,PI298121,PI298121,0,0,0,,,,
252,1,1,PI370636,ILL635,26.69549834,0.127256264,0.845890514,,,,
150,1,1,PI431753,PI431753,25.82200462,0.154959886,0.84575937,,,,
166,1,1,PI431893,PI431893,21.50796652,0.100714118,0.812774936,,,,
22,1,1,ILL1474,ILL1474,0,0,0,,,,
224,1,1,PI299117,PI299117,31.97300325,0.162711622,0.848499394,,,,
363,1,1,W627767,W627767,21.09793627,0.098579391,0.810856832,,,,
341,1,1,PI312175,PI312175,21.28968216,0.098612155,0.809808615,,,,
72,1,1,PI298023,PI298023,26.92878011,0.175711594,0.849072102,,,,
420,1,1,W627756,W627756,0,0,0,,,,
118,1,1,ILL906,ILL906,25.86674989,0.147755614,0.836864699,,,,
172,1,1,W627768,W627768,23.55215204,0.130757479,0.815332238,,,,
68,1,1,PI297754,PI297754,23.18832712,0.084121545,0.819323296,,,,
49,1,1,ILL1938,ILL1938,26.68832081,0.154509446,0.832879492,,,,
83,1,1,ILL357,ILL357,22.27962455,0.114188732,0.81823609,,,,
135,1,1,PI472126,PI472126,0,0,0,,,,
184,1,1,PI308611,PI308611,23.27448112,0.116603183,0.825398194,,,,
102,1,1,ILL507,ILL507,26.45170205,0.158452416,0.846826205,,,,
311,1,1,PI426803,PI426803,24.77171068,0.139282329,0.841268366,,,,
101,1,1,PI320937,PI320937,29.86624059,0.196898089,0.859060824,,,,
163,1,1,PI431705,PI431705,22.56296598,0.13362113,0.82158176,,,,
222,1,1,ILL4605,ILL4605,24.38484644,0.108750649,0.826130079,,,,
358,1,1,PI163589,PI163589,0,0,0,,,,
287,1,1,ILL6493,ILL6493,22.75898315,0.099715694,0.826609252,,,,
235,1,1,ILL7070,ILL7070,22.78548663,0.16202193,0.832229812,,,,
191,1,1,PI343026,ILL598,23.19803641,0.140765832,0.810203068,,,,
214,1,1,ILL3485,ILL3485,28.59149488,0.164467201,0.851945358,,,,
275,1,1,ILL5519,ILL5519,31.99025487,0.250708216,0.879130624,,,,
384,1,1,PI533688,PI533688,25.09583043,0.154328709,0.831923305,,,,
285,1,1,ILL6350,ILL6350,0,0,0,,,,
202,1,1,PI244046,ILL950,25.87481697,0.119552007,0.834052937,,,,
240,1,1,ILL7727,ILL7727,24.27584089,0.113666405,0.817907079,,,,
6,1,1,ILL358,ILL358,25.35310625,0.121556279,0.847638906,,,,
94,1,1,ILL469,ILL469,26.69221877,0.121349184,0.838153871,,,,
44,1,1,PI290716,PI290716,21.70467003,0.111690203,0.823903401,,,,
48,1,1,PI374116,PI374116,23.53053709,0.092221794,0.825729136,,,,
283,1,1,ILL6126,ILL6126,23.56804682,0.152024589,0.83560096,,,,
421,1,1,PI472224,PI472224,22.69936681,0.088083682,0.807762114,,,,
380,1,1,PI472629,PI472629,24.21647726,0.112524269,0.817786531,,,,
370,1,1,PI432188,PI432188,23.11430735,0.106028648,0.812335159,,,,
205,1,1,ILL1097,ILL1097,23.36298345,0.133174487,0.824649768,,,,
286,1,1,ILL6415,ILL6415,23.42914081,0.113510682,0.820327821,,,,
109,1,1,PI320953,PI320953,22.03224808,0.083079878,0.822951491,,,,
320,1,1,PI193548,PI193548,22.07589483,0.091733119,0.803879649,,,,
444,1,1,PI518734,PI518734,24.60748416,0.075817557,0.832382115,,,,
34,1,1,PI431666,PI431666,23.30489594,0.128547792,0.816820076,,,,
445,1,1,PI472205,PI472205,30.49937063,0.160045633,0.853814072,,,,
383,1,1,PI472383,PI472383,22.1823632,0.102624818,0.802337688,,,,
169,1,1,PI432259,PI432259,28.46637521,0.231027863,0.856006792,,,,
234,1,1,ILL6750,ILL6750,22.7509977,0.084156225,0.813644099,,,,
257,1,1,ILL4791,ILL4791,24.37960982,0.092102646,0.815069212,,,,
238,1,1,ILL7437,ILL7437,22.61763148,0.077405467,0.807222712,,,,
435,1,1,PI472274,PI472274,24.18308809,0.105222959,0.826574422,,,,
51,1,1,ILL1940,ILL1940,23.34331267,0.127882714,0.815949037,,,,
269,1,1,ILL5261,ILL5261,22.51842954,0.101866164,0.811568883,,,,
32,1,1,PI431642,PI431642,0,0,0,,,,
160,1,1,PI471916,PI471916,0,0,0,,,,
113,1,1,PI339289,PI339289,20.7686214,0.113144673,0.806149702,,,,
207,1,1,ILL1861,ILL1861,23.59355388,0.126430375,0.819700334,,,,
162,1,1,PI431739,PI431739,23.51803643,0.112913382,0.827976382,,,,
250,1,1,ILL86,ILL86,23.2668205,0.119467149,0.817087484,,,,
439,1,1,PI432271,PI432271,0,0,0,,,,
292,1,1,ILL6925,ILL6925,20.81897184,0.086510071,0.799299582,,,,
356,1,1,PI432147,PI432147,23.11854007,0.098756147,0.81911319,,,,
66,1,1,PI297285,PI297285,24.93329175,0.102500454,0.824305641,,,,
360,1,1,PI472175,PI472175,21.86204711,0.084753372,0.805705578,,,,
144,1,1,PI299289,PI299289,24.79133506,0.118695623,0.839116324,,,,
103,1,1,ILL508,ILL508,24.56527798,0.113783622,0.84268461,,,,
387,1,1,PI431923,PI431923,24.18501521,0.101031269,0.824597009,,,,
226,1,1,ILL1649,ILL1649,24.05844832,0.127195904,0.821239505,,,,
427,1,1,PI472458,PI472458,23.9715916,0.093558095,0.82177249,,,,
121,1,1,PI431714,PI431714,23.36950265,0.110270964,0.822150796,,,,
355,1,1,PI472569,PI472569,0,0,0,,,,
203,1,1,ILL956,ILL956,24.79802027,0.115565534,0.830075645,,,,
23,1,1,ILL5537,ILL5537,23.97808398,0.122634883,0.830259795,,,,
406,1,1,PI518733,PI518733,26.02577151,0.106348017,0.843463326,,,,
247,1,1,ILL4781,ILL4781,21.6262354,0.093469171,0.814802194,,,,
343,1,1,PI431717,PI431717,25.58700686,0.133477692,0.829066299,,,,
245,1,1,ILL1706,ILL1706,21.43730332,0.084445651,0.804057482,,,,
29,1,1,ILL8614,ILL8614,23.42369506,0.157881223,0.817185333,,,,
40,1,1,ILL186,ILL186,25.91306291,0.164310182,0.836000112,,,,
229,1,1,ILL4831,ILL4831,23.34413217,0.105452176,0.813825012,,,,
178,1,1,PI181771,PI181771,20.38458602,0.082310646,0.802183602,,,,
293,1,1,ILL6994,ILL6994,23.64258629,0.122220362,0.816202445,,,,
53,1,1,PI374121,PI374121,22.14446099,0.127078183,0.812649805,,,,
348,1,1,PI431728,PI431728,22.40612058,0.101710873,0.822088791,,,,
21,1,1,ILL1460,ILL1460,23.36092446,0.113350456,0.83115812,,,,
5,1,1,ILL353,ILL353,24.09911208,0.155033324,0.826105398,,,,
385,1,1,PI431824,PI431824,21.91950617,0.103978044,0.806907195,,,,
262,1,1,ILL4886,ILL4886,28.57885092,0.187338336,0.819889367,,,,
47,1,1,PI368651,PI368651,22.83278176,0.10844849,0.821873269,,,,
27,1,1,ILL6783,ILL6783,23.7055962,0.133083041,0.815564111,,,,
67,1,1,PI297287,PI297287,23.74467456,0.124669678,0.832675556,,,,
41,1,1,PI283604,PI283604,29.57877089,0.215468422,0.85815479,,,,
82,1,1,PI299116,PI299116,25.05359723,0.132472949,0.840956929,,,,
16,1,1,ILL10863,ILL10863,26.40499159,0.156656509,0.83924655,,,,
342,1,1,PI431613,PI431613,23.27135914,0.106879723,0.814000698,,,,
325,1,1,PI429838,PI429838,24.63388216,0.124507191,0.827672399,,,,
316,1,1,PI217949,PI217949,23.2647586,0.159597534,0.824398785,,,,
296,1,1,ILL7650,ILL7650,21.41603954,0.077031825,0.803434669,,,,
45,1,1,ILL1922,ILL1922,20.70565878,0.090829163,0.815030882,,,,
232,1,1,ILL6149,ILL6149,24.93438467,0.129017149,0.818033588,,,,
289,1,1,ILL6644,ILL6644,20.47691143,0.104090835,0.817843228,,,,
90,1,1,ILL440,ILL440,25.09224008,0.131849439,0.829250137,,,,
39,1,1,ILL167,ILL167,22.85577192,0.097249012,0.817002156,,,,
31,1,1,PI431640,PI431640,22.42193762,0.10162805,0.816634966,,,,
344,1,1,PI299164,PI299164,23.85969725,0.097529193,0.820370746,,,,
263,1,1,ILL4899,ILL4899,22.09117843,0.09713226,0.810705849,,,,
201,1,1,PI165586,ILL931,22.40035405,0.126975692,0.815014293,,,,
386,1,1,PI432124,PI432124,24.60702007,0.176960459,0.827920687,,,,
153,1,1,PI472354,PI472354,22.30202475,0.13222945,0.8256305,,,,
446,1,1,W627754,W627754,23.28971705,0.085959508,0.823201771,,,,
241,1,1,ILL7745,ILL7745,23.40487053,0.113055128,0.809589746,,,,
347,1,1,PI426202,PI426202,0,0,0,,,,
359,1,1,PI472122,PI472122,22.11183476,0.09116449,0.81676231,,,,
390,1,1,PI432033,PI432033,27.18217462,0.144269563,0.807855842,,,,
437,1,1,PI472561,PI472561,0,0,0,,,,
319,1,1,PI181886,PI181886,22.3909682,0.132096643,0.823965243,,,,
278,1,1,ILL5595,ILL5595,22.76886255,0.10109146,0.812225158,,,,
62,1,1,PI280686,PI280686,23.68695256,0.118453737,0.813313738,,,,
179,1,1,PI229611,ILL223,24.70562057,0.122077111,0.830961014,,,,
189,1,1,PI343023,ILL595,25.23409566,0.134390387,0.821984664,,,,
364,1,1,PI533691,PI533691,24.37298633,0.109865897,0.824619537,,,,
12,1,1,ILL10690,ILL10690,23.93095592,0.102835314,0.81129446,,,,
339,1,1,PI420924,PI420924,25.35439581,0.14946225,0.823107868,,,,
136,1,1,PI431888,PI431888,23.61852993,0.099346176,0.817604273,,,,
303,1,1,PI178939,PI178939,24.13469277,0.084163788,0.809956868,,,,
140,1,1,PI472195,PI472195,24.18701961,0.120325553,0.819284332,,,,
310,1,1,PI251784,PI251784,23.53284749,0.089558923,0.833033831,,,,
272,1,1,ILL5424,ILL5424,24.03605216,0.137459471,0.806854629,,,,
200,1,1,ILL918,ILL918,26.35035041,0.118877826,0.836339425,,,,
151,1,1,PI472188,PI472188,0,0,0,,,,
137,1,1,PI431780,PI431780,24.45281193,0.168066778,0.828396446,,,,
329,1,1,PI431731,PI431731,22.53802851,0.088777101,0.815404513,,,,
170,1,1,PI472380,PI472380,22.66004081,0.097162025,0.811952953,,,,
42,1,1,PI289070,PI289070,0,0,0,,,,
93,1,1,PI299366,PI299366,28.26941433,0.172591544,0.84570688,,,,
84,1,1,ILL359,ILL359,26.98024567,0.215740859,0.8587225,,,,
258,1,1,ILL4804,ILL4804,0,0,0,,,,
351,1,1,PI426797,PI426797,22.4435976,0.130089629,0.822695946,,,,
209,1,1,ILL1959,ILL1959,22.88090104,0.127440238,0.819831909,,,,
340,1,1,PI431809,PI431809,22.47327362,0.100995876,0.82430413,,,,
294,1,1,ILL7012,ILL7012,22.26290935,0.083559551,0.80451832,,,,
432,1,1,W627758,W627758,24.73057557,0.136943031,0.823466293,,,,
159,1,1,PI432059,PI432059,0,0,0,,,,
382,1,1,PI432190,PI432190,0,0,0,,,,
74,1,1,PI298122,PI298122,0,0,0,,,,
326,1,1,PI299351,PI299351,23.98334302,0.114485861,0.828740054,,,,
352,1,1,PI431630,PI431630,0,0,0,,,,
256,1,1,ILL4778,ILL4778,23.18380294,0.113213963,0.813074124,,,,
434,1,1,PI432001,PI432001,0,0,0,,,,
55,1,1,PI383682,PI383682,24.06938231,0.107801513,0.829300956,,,,
116,1,1,ILL589,ILL589,0,0,0,,,,
365,1,1,PI431987,PI431987,24.49740989,0.117303385,0.824534919,,,,
403,1,1,PI472143,PI472143,21.79586248,0.091517045,0.810093927,,,,
197,1,1,ILL840,ILL840,21.79289619,0.085279966,0.810000569,,,,
301,1,1,ILL8010,ILL8010,24.24887063,0.127165726,0.818032932,,,,
304,1,1,PI212100,PI212100,25.04570786,0.162545357,0.843762125,,,,
138,1,1,PI420818,PI420818,0,0,0,,,,
46,1,1,ILL1924,ILL1924,23.33845758,0.1210576,0.820077618,,,,
125,1,1,PI431656,PI431656,23.48024123,0.145911308,0.8170166,,,,
134,1,1,PI472535,PI472535,23.49328608,0.089362229,0.814224599,,,,
79,1,1,ILL341,ILL341,0,0,0,,,,
441,1,1,PI432201,PI432201,25.3044138,0.131609604,0.834325456,,,,
219,1,1,ILL4345,ILL4345,23.7188082,0.119405646,0.81802539,,,,
350,1,1,PI431633,PI431633,24.31321881,0.124117295,0.824054337,,,,
108,1,1,PI320952,PI320952,0,0,0,,,,
24,1,1,ILL5988,ILL5988,22.84308461,0.120298284,0.832739482,,,,
123,1,1,PI358602,PI358602,22.86279267,0.125613005,0.820554286,,,,
282,1,1,ILL5968,ILL5968,28.2309341,0.161859584,0.832988038,,,,
78,1,1,PI298645,PI298645,22.39019928,0.128774567,0.828217012,,,,
70,1,1,PI297787,PI297787,22.53780502,0.100687348,0.816759604,,,,
290,1,1,ILL6848,ILL6848,24.28062947,0.12348046,0.826964626,,,,
168,1,1,PI432000,PI432000,24.17839631,0.112893422,0.829282594,,,,
33,1,1,PI329167,PI329167,24.6668661,0.118961843,0.819437177,,,,
86,1,1,PI299177,PI299177,25.28366225,0.144169043,0.835399355,,,,
423,1,1,PI432028,PI432028,0,0,0,,,,
60,1,1,ILL217,ILL217,22.57746719,0.070073101,0.814341689,,,,
405,1,1,W627762,W627762,23.05374075,0.093578113,0.819250312,,,,
237,1,1,ILL7108,ILL7108,24.08564036,0.110892064,0.82733357,,,,
261,1,1,ILL4841,ILL4841,24.4363236,0.15742177,0.82503217,,,,
281,1,1,ILL5653,ILL5653,25.99492661,0.156968864,0.834235924,,,,
412,1,1,W627780,W627780,25.185164,0.105543901,0.826436909,,,,
148,1,1,PI412922,PI412922,0,0,0,,,,
182,1,1,PI297284,PI297284,24.11967598,0.14083223,0.82727133,,,,
35,1,1,PI431675,PI431675,27.30389964,0.173142205,0.839546626,,,,
268,1,1,ILL5151,ILL5151,20.53649026,0.087522818,0.808569345,,,,
131,1,1,PI299121,PI299121,23.06505904,0.104349728,0.831118924,,,,
318,1,1,PI178940,PI178940,0,0,0,,,,
391,1,1,PI471917,PI471917,21.09604936,0.070997194,0.805989121,,,,
195,1,1,ILL705,ILL705,24.80474394,0.108539816,0.832242925,,,,
38,1,1,ILL151,ILL151,26.34426861,0.130149959,0.827906059,,,,
400,1,1,PI458503,PI458503,24.0757775,0.074183129,0.829207619,,,,
254,1,1,ILL4738,ILL4738,20.00081705,0.107187655,0.817720092,,,,
239,1,1,ILL7495,ILL7495,23.10722037,0.131392099,0.824217881,,,,
259,1,1,ILL4819,ILL4819,29.31095967,0.201314795,0.839271856,,,,
297,1,1,ILL7978,ILL7978,27.7933594,0.167928239,0.84103587,,,,
174,1,1,ILL71,ILL71,24.17271073,0.120203391,0.823100998,,,,
376,1,1,PI432002,PI432002,21.81181469,0.1108326,0.826884624,,,,
394,1,1,PI472588,PI472588,24.33477387,0.104012401,0.835204453,,,,
295,1,1,ILL7084,ILL7084,27.03744359,0.12920095,0.8476089,,,,
323,1,1,PI211602,ILL213,24.32678879,0.133634001,0.843138277,,,,
115,1,1,ILL567,ILL567,24.22585684,0.125627197,0.829726326,,,,
25,1,1,ILL6001,ILL6001,24.166856,0.110733578,0.832913949,,,,
156,1,1,PI431873,PI431873,21.40046588,0.088219006,0.811466254,,,,
367,1,1,PI486128,PI486128,21.39852714,0.068446525,0.81133835,,,,
307,1,1,PI182217,PI182217,23.65920766,0.1044963,0.825944053,,,,
338,1,1,PI299120,PI299120,21.91333425,0.090639851,0.805143558,,,,
81,1,1,ILL344,ILL344,24.4903909,0.142534076,0.824124628,,,,
389,1,1,PI451766,PI451766,21.32286981,0.062025257,0.814850151,,,,
233,1,1,ILL6406,ILL6406,23.29456756,0.161328427,0.819921026,,,,
187,1,1,PI339279,ILL550,28.7641005,0.191983797,0.853380432,,,,
114,1,1,PI339292,PI339292,21.91159257,0.107163879,0.8213685,,,,
157,1,1,PI431624,PI431624,22.99627461,0.078033306,0.812166935,,,,
194,1,1,PI357226,ILL624,23.1355607,0.137204998,0.815254852,,,,
165,1,1,PI431774,PI431774,27.05115539,0.158836462,0.832955324,,,,
13,1,1,ILL10810,ILL10810,26.33380042,0.14872389,0.849887712,,,,
52,1,1,PI374120,PI374120,22.21309221,0.126217202,0.817481453,,,,
198,1,1,ILL858,ILL858,22.34400414,0.102092146,0.828506066,,,,
59,1,1,PI211052,PI211052,24.58667195,0.133272842,0.83523039,,,,
70,2,1,PI297787,PI297787,23.74509968,0.14137255,0.832965755,,,,
168,2,1,PI432000,PI432000,22.98577389,0.106170947,0.826436345,,,,
393,2,1,PI477921,PI477921,0,0,0,,,,
435,2,1,PI472274,PI472274,20.42035777,0.088291781,0.808759238,,,,
15,2,1,ILL10826,ILL10826,21.77962863,0.087352617,0.802031728,,,,
137,2,1,PI431780,PI431780,0,0,0,,,,
81,2,1,ILL344,ILL344,25.73761134,0.153647213,0.830782827,,,,
240,2,1,ILL7727,ILL7727,22.15528745,0.10446506,0.808020433,,,,
415,2,1,PI431863,PI431863,27.45526427,0.158065756,0.839870639,,,,
219,2,1,ILL4345,ILL4345,25.66925745,0.16452117,0.843207625,,,,
350,2,1,PI431633,PI431633,24.97445011,0.166990972,0.837709304,,,,
173,2,1,PI193547,PI193547,22.71234233,0.106307169,0.814030891,,,,
18,2,1,ILL10865,ILL10865,25.5960488,0.170422471,0.825485072,,,,
41,2,1,PI283604,PI283604,0,0,0,,,,
14,2,1,ILL10825,ILL10825,23.45665316,0.130456476,0.813640608,,,,
265,2,1,ILL4915,ILL4915,23.60324439,0.138050822,0.822480318,,,,
238,2,1,ILL7437,ILL7437,21.42871651,0.07198454,0.802953952,,,,
117,2,1,PI431643,PI431643,23.64602581,0.090186717,0.816227155,,,,
428,2,1,PI432185,PI432185,24.6387798,0.133026446,0.82353014,,,,
175,2,1,ILL82,ILL82,22.360085,0.130216949,0.814942249,,,,
65,2,1,PI289079,PI289079,23.25384151,0.082985241,0.826594238,,,,
141,2,1,PI606570,PI606570,27.08885229,0.164619542,0.843737157,,,,
214,2,1,ILL3485,ILL3485,31.79453107,0.225628757,0.881966124,,,,
347,2,1,PI426202,PI426202,0,0,0,,,,
372,2,1,PI431810,PI431810,20.13151465,0.065560335,0.797395951,,,,
259,2,1,ILL4819,ILL4819,24.63723086,0.142534571,0.820767834,,,,
233,2,1,ILL6406,ILL6406,23.01937962,0.087832361,0.80794082,,,,
213,2,1,ILL2406,ILL2406,25.65221601,0.148986609,0.834062451,,,,
268,2,1,ILL5151,ILL5151,23.32106618,0.157201968,0.828942304,,,,
397,2,1,PI518732,PI518732,26.20302911,0.141891661,0.840301504,,,,
199,2,1,ILL890,ILL890,22.81705897,0.098774004,0.803468949,,,,
122,2,1,PI431663,PI431663,29.45056212,0.173132571,0.84022203,,,,
223,2,1,PI298923,ILL343,23.91821152,0.140993454,0.822594201,,,,
218,2,1,ILL4164,ILL4164,22.87737814,0.119099824,0.812928819,,,,
246,2,1,ILL2231,ILL2231,22.28430894,0.093533016,0.818867656,,,,
354,2,1,W627763,W627763,24.38819082,0.140113199,0.823092859,,,,
114,2,1,PI339292,PI339292,27.02880954,0.119517428,0.821584048,,,,
263,2,1,ILL4899,ILL4899,23.24033873,0.160283094,0.832635874,,,,
73,2,1,PI298121,PI298121,0,0,0,,,,
320,2,1,PI193548,PI193548,0,0,0,,,,
336,2,1,PI426784,PI426784,21.97410917,0.088014883,0.823240623,,,,
118,2,1,ILL906,ILL906,25.05192402,0.136409781,0.829564028,,,,
32,2,1,PI431642,PI431642,22.68722512,0.115689207,0.81529203,,,,
164,2,1,PI426807,PI426807,22.59907645,0.116869603,0.821525317,,,,
345,2,1,PI431768,PI431768,0,0,0,,,,
29,2,1,ILL8614,ILL8614,22.35720803,0.119453787,0.803626918,,,,
48,2,1,PI374116,PI374116,23.6426891,0.148507065,0.822992909,,,,
165,2,1,PI431774,PI431774,30.62349636,0.17906704,0.837186135,,,,
248,2,1,ILL4875,ILL4875,23.8153543,0.093182275,0.818876448,,,,
392,2,1,PI472549,PI472549,0,0,0,,,,
334,2,1,PI431710,PI431710,27.51046191,0.163739645,0.836333167,,,,
126,2,1,PI329169,PI329169,27.08534455,0.16642458,0.83422954,,,,
243,2,1,ILL4782,ILL4782,24.33755138,0.117853024,0.82072762,,,,
348,2,1,PI431728,PI431728,0,0,0,,,,
196,2,1,ILL719,ILL719,23.40725297,0.094002829,0.817111488,,,,
63,2,1,PI289066,PI289066,0,0,0,,,,
433,2,1,PI472194,PI472194,0,0,0,,,,
151,2,1,PI472188,PI472188,21.71923085,0.07344529,0.800982261,,,,
83,2,1,ILL357,ILL357,23.40142831,0.117509929,0.818733209,,,,
418,2,1,W627759,W627759,22.54078964,0.09800282,0.814212998,,,,
161,2,1,PI472320,PI472320,0,0,0,,,,
389,2,1,PI451766,PI451766,23.85652662,0.137684222,0.833979141,,,,
115,2,1,ILL567,ILL567,24.91813998,0.128036411,0.819022867,,,,
155,2,1,PI577168,PI577168,0,0,0,,,,
195,2,1,ILL705,ILL705,23.04156825,0.085629899,0.808117014,,,,
191,2,1,PI343026,ILL598,20.03425521,0.06761752,0.798514329,,,,
78,2,1,PI298645,PI298645,22.03727727,0.086664914,0.804849595,,,,
99,2,1,PI320935,PI320935,23.32223549,0.12148967,0.833403274,,,,
61,2,1,ILL241,ILL241,24.05188652,0.145931692,0.839746351,,,,
26,2,1,ILL6199,ILL6199,22.17200261,0.11397486,0.811056842,,,,
88,2,1,PI299285,PI299285,25.57873552,0.10496394,0.821908311,,,,
193,2,1,PI357225,ILL623,23.73721226,0.109398754,0.819031904,,,,
64,2,1,PI289073,PI289073,24.29209951,0.112508947,0.819945852,,,,
377,2,1,PI472562,PI472562,23.21958504,0.145170677,0.81317659,,,,
149,2,1,PI472316,PI472316,20.10854063,0.084695884,0.806483582,,,,
439,2,1,PI432271,PI432271,0,0,0,,,,
310,2,1,PI251784,PI251784,0,0,0,,,,
62,2,1,PI280686,PI280686,0,0,0,,,,
211,2,1,ILL2230,ILL2230,0,0,0,,,,
364,2,1,PI533691,PI533691,25.56775845,0.127615419,0.836656681,,,,
103,2,1,ILL508,ILL508,0,0,0,,,,
39,2,1,ILL167,ILL167,24.79614572,0.099424718,0.817917616,,,,
97,2,1,ILL486,ILL486,25.83414578,0.141571141,0.830652759,,,,
361,2,1,PI508090,PI508090,21.72773653,0.051199413,0.805911861,,,,
11,2,1,ILL10284,ILL10284,23.59987741,0.12265435,0.81333636,,,,
367,2,1,PI486128,PI486128,24.371266,0.136026488,0.838727789,,,,
229,2,1,ILL4831,ILL4831,28.1033437,0.154493716,0.86268455,,,,
307,2,1,PI182217,PI182217,25.368894,0.14639291,0.832959088,,,,
358,2,1,PI163589,PI163589,21.20311234,0.114305856,0.812931758,,,,
325,2,1,PI429838,PI429838,28.04180684,0.167623753,0.843328511,,,,
266,2,1,ILL4956,ILL4956,23.14861679,0.106364341,0.822089275,,,,
186,2,1,PI319367,ILL502,23.94606261,0.117272871,0.817946425,,,,
300,2,1,ILL8007,ILL8007,0,0,0,,,,
269,2,1,ILL5261,ILL5261,25.50462451,0.145393245,0.825699953,,,,
176,2,1,PI174246,PI174246,0,0,0,,,,
92,2,1,PI299354,PI299354,22.8807002,0.146880991,0.820499784,,,,
56,2,1,PI193817,PI193817,0,0,0,,,,
359,2,1,PI472122,PI472122,24.52638009,0.155041085,0.825208756,,,,
317,2,1,PI251032,PI251032,24.02904822,0.086414774,0.820761254,,,,
22,2,1,ILL1474,ILL1474,27.7012704,0.081855796,0.817462353,,,,
271,2,1,ILL5416,ILL5416,20.44176208,0.126338925,0.829882753,,,,
261,2,1,ILL4841,ILL4841,26.53984636,0.16305043,0.836390008,,,,
440,2,1,PI472161,PI472161,0,0,0,,,,
90,2,1,ILL440,ILL440,25.80215696,0.161515473,0.83634257,,,,
55,2,1,PI383682,PI383682,0,0,0,,,,
74,2,1,PI298122,PI298122,22.60730615,0.113209663,0.815636901,,,,
302,2,1,ILL8114,ILL8114,21.31151117,0.082491508,0.8183657,,,,
338,2,1,PI299120,PI299120,22.06910563,0.097338018,0.815911095,,,,
205,2,1,ILL1097,ILL1097,26.2295471,0.143963073,0.834654684,,,,
411,2,1,PI468902,PI468902,21.298255,0.046052055,0.81345348,,,,
324,2,1,PI368647,PI368647,23.50223847,0.127380925,0.828979008,,,,
138,2,1,PI420818,PI420818,0,0,0,,,,
16,2,1,ILL10863,ILL10863,28.07263251,0.182740939,0.840212418,,,,
54,2,1,PI379368,PI379368,21.52651905,0.065457052,0.812739624,,,,
258,2,1,ILL4804,ILL4804,0,0,0,,,,
322,2,1,PI250156,PI250156,22.29444866,0.116058652,0.825679027,,,,
255,2,1,ILL4774,ILL4774,24.2430663,0.164824305,0.825755946,,,,
12,2,1,ILL10690,ILL10690,19.85324271,0.08812838,0.801676999,,,,
291,2,1,ILL6870,ILL6870,22.25797828,0.137952372,0.804343179,,,,
42,2,1,PI289070,PI289070,0,0,0,,,,
119,2,1,PI431631,PI431631,25.54986094,0.136853964,0.814554004,,,,
395,2,1,PI431884,PI431884,26.66092985,0.157573888,0.829654799,,,,
2,2,1,ILL1947,ILL1947,22.57431784,0.105128642,0.820658448,,,,
341,2,1,PI312175,PI312175,21.50985899,0.086865604,0.810878627,,,,
183,2,1,PI297772,ILL304,20.59363442,0.126887407,0.809321201,,,,
60,2,1,ILL217,ILL217,24.56314317,0.097982377,0.825002236,,,,
147,2,1,PI472339,PI472339,25.31875905,0.13646416,0.82063773,,,,
102,2,1,ILL507,ILL507,24.73690213,0.16741216,0.837896683,,,,
292,2,1,ILL6925,ILL6925,20.02163859,0.099643295,0.802160809,,,,
24,2,1,ILL5988,ILL5988,22.26230808,0.107649693,0.830340581,,,,
132,2,1,PI476365,PI476365,21.63920379,0.09038718,0.819189206,,,,
370,2,1,PI432188,PI432188,27.59795716,0.15234119,0.825885969,,,,
96,2,1,ILL482,ILL482,25.97412316,0.157651052,0.826405501,,,,
121,2,1,PI431714,PI431714,26.38806688,0.110837372,0.817644851,,,,
76,2,1,PI298631,PI298631,22.44509652,0.092194221,0.817025009,,,,
305,2,1,PI273664,PI273664,29.09201604,0.222777165,0.846221867,,,,
314,2,1,PI175754,PI175754,24.86631657,0.120829731,0.81899514,,,,
178,2,1,PI181771,PI181771,24.21661059,0.168131525,0.825987557,,,,
425,2,1,PI486127,PI486127,21.50784146,0.078610583,0.818882582,,,,
66,2,1,PI297285,PI297285,26.30411898,0.155337106,0.833796215,,,,
262,2,1,ILL4886,ILL4886,22.50092769,0.136847052,0.823108103,,,,
427,2,1,PI472458,PI472458,28.65687492,0.220170675,0.847333758,,,,
6,2,1,ILL358,ILL358,24.13669457,0.095969366,0.812174702,,,,
273,2,1,ILL5505,ILL5505,0,0,0,,,,
254,2,1,ILL4738,ILL4738,23.3485112,0.103953081,0.820273222,,,,
396,2,1,PI432184,PI432184,21.94474719,0.114510575,0.819006517,,,,
278,2,1,ILL5595,ILL5595,23.13117449,0.121046401,0.82068221,,,,
34,2,1,PI431666,PI431666,23.75632262,0.129697829,0.813696487,,,,
340,2,1,PI431809,PI431809,24.47843045,0.154274796,0.824704509,,,,
77,2,1,PI298644,PI298644,28.17931856,0.208799102,0.840183182,,,,
357,2,1,PI432212,PI432212,28.13169361,0.193991524,0.857266269,,,,
148,2,1,PI412922,PI412922,0,0,0,,,,
5,2,1,ILL353,ILL353,22.7776302,0.108442009,0.814844501,,,,
123,2,1,PI358602,PI358602,20.56492172,0.083162468,0.80916585,,,,
131,2,1,PI299121,PI299121,20.57233421,0.062204207,0.806754971,,,,
414,2,1,PI435954,PI435954,24.31209268,0.124029121,0.825666412,,,,
135,2,1,PI472126,PI472126,0,0,0,,,,
326,2,1,PI299351,PI299351,25.72017919,0.167641833,0.823851866,,,,
184,2,1,PI308611,PI308611,23.0326864,0.104113234,0.810446917,,,,
309,2,1,PI178971,PI178971,23.91170959,0.122181799,0.83134437,,,,
432,2,1,W627758,W627758,24.19589193,0.144316455,0.822905639,,,,
28,2,1,ILL7686,ILL7686,24.41923407,0.106042334,0.811851112,,,,
319,2,1,PI181886,PI181886,26.3737097,0.195698502,0.83073544,,,,
251,2,1,PI329158,PI329158,24.38326213,0.152853766,0.828022689,,,,
400,2,1,PI458503,PI458503,22.38881161,0.094408773,0.817620195,,,,
86,2,1,PI299177,PI299177,26.15657867,0.156512912,0.832742358,,,,
306,2,1,PI169534,PI169534,25.97562915,0.137227603,0.829878383,,,,
27,2,1,ILL6783,ILL6783,25.60402041,0.145234746,0.822418952,,,,
430,2,1,PI472372,PI472372,0,0,0,,,,
245,2,1,ILL1706,ILL1706,23.61754199,0.126356941,0.810356659,,,,
379,2,1,PI468900,PI468900,25.29651849,0.110837045,0.828954464,,,,
94,2,1,ILL469,ILL469,24.17196083,0.128258536,0.823031823,,,,
221,2,1,ILL4471,ILL4471,25.2397366,0.15603158,0.848726352,,,,
87,2,1,ILL413,ILL413,27.19188957,0.149755941,0.834908584,,,,
237,2,1,ILL7108,ILL7108,20.90199424,0.088028302,0.799655017,,,,
134,2,1,PI472535,PI472535,21.47609521,0.06377644,0.802678779,,,,
332,2,1,PI431756,PI431756,25.26223273,0.160959547,0.839649108,,,,
101,2,1,PI320937,PI320937,25.43943985,0.165117475,0.831656347,,,,
154,2,1,PI472119,PI472119,20.27315145,0.085979404,0.803820743,,,,
247,2,1,ILL4781,ILL4781,26.78212492,0.137512975,0.829876336,,,,
36,2,1,PI431684,PI431684,22.00872021,0.068722356,0.814645338,,,,
343,2,1,PI431717,PI431717,24.8009045,0.149889617,0.832137508,,,,
383,2,1,PI472383,PI472383,22.22619435,0.137235666,0.827250783,,,,
313,2,1,PI299237,PI299237,25.44558189,0.144147911,0.819146552,,,,
108,2,1,PI320952,PI320952,25.3391541,0.142729357,0.815011161,,,,
7,2,1,PI299371,PI299371,23.66747285,0.122914117,0.826875876,,,,
267,2,1,ILL5028,ILL5028,21.22408954,0.1135267,0.820015879,,,,
82,2,1,PI299116,PI299116,24.38662436,0.139196742,0.835701515,,,,
127,2,1,PI345627,PI345627,0,0,0,,,,
25,2,1,ILL6001,ILL6001,24.43794883,0.161732112,0.818938211,,,,
222,2,1,ILL4605,ILL4605,24.4304371,0.121383542,0.827307658,,,,
68,2,1,PI297754,PI297754,20.90041523,0.103422645,0.813808594,,,,
335,2,1,PI420929,PI420929,24.59113785,0.16972974,0.814732847,,,,
401,2,1,PI490288,PI490288,23.06961308,0.115393671,0.826196983,,,,
35,2,1,PI431675,PI431675,23.7491446,0.109710634,0.813933539,,,,
152,2,1,PI472340,PI472340,24.1074189,0.111672197,0.803002883,,,,
110,2,1,PI320954,PI320954,23.30481803,0.130050466,0.823930413,,,,
159,2,1,PI432059,PI432059,29.40088619,0.204858728,0.858683682,,,,
216,2,1,ILL3517,ILL3517,26.47935482,0.159770736,0.828396658,,,,
274,2,1,ILL5509,ILL5509,22.07831569,0.134007122,0.819844994,,,,
283,2,1,ILL6126,ILL6126,21.42489747,0.107229755,0.816015576,,,,
311,2,1,PI426803,PI426803,21.82612146,0.129175132,0.814124895,,,,
177,2,1,PI177442,ILL158,21.14134021,0.071299271,0.797185878,,,,
333,2,1,PI299163,PI299163,23.1683675,0.113912635,0.818307088,,,,
270,2,1,ILL5384,ILL5384,25.41319709,0.181238969,0.833687966,,,,
204,2,1,ILL1005,ILL1005,28.88538942,0.200572843,0.859217974,,,,
8,2,1,ILL5582,ILL5582,24.85908085,0.115630586,0.822681724,,,,
443,2,1,PI490289,PI490289,20.07802116,0.093051846,0.812367466,,,,
231,2,1,ILL5645,ILL5645,24.32777198,0.124014956,0.814550096,,,,
215,2,1,ILL3487,ILL3487,24.74368845,0.143488456,0.827740552,,,,
84,2,1,ILL359,ILL359,23.63448242,0.141485049,0.819274247,,,,
174,2,1,ILL71,ILL71,23.18794282,0.11797174,0.82593822,,,,
308,2,1,PI250158,PI250158,0,0,0,,,,
202,2,1,PI244046,ILL950,25.66897903,0.11320747,0.836021862,,,,
130,2,1,PI431636,PI431636,23.47097862,0.156727592,0.826189494,,,,
158,2,1,PI472331,PI472331,19.9019809,0.072800276,0.803296486,,,,
9,2,1,ILL590,ILL590,29.05062522,0.173656538,0.820534114,,,,
144,2,1,PI299289,PI299289,33.63016612,0.245788674,0.888197316,,,,
352,2,1,PI431630,PI431630,23.13890843,0.12021625,0.818788762,,,,
281,2,1,ILL5653,ILL5653,22.42680706,0.116225046,0.812224765,,,,
339,2,1,PI420924,PI420924,26.11102117,0.20946247,0.828401468,,,,
190,2,1,PI343025,ILL597,0,0,0,,,,
113,2,1,PI339289,PI339289,24.22933351,0.128793337,0.824256942,,,,
290,2,1,ILL6848,ILL6848,22.65338085,0.131048156,0.81179968,,,,
295,2,1,ILL7084,ILL7084,30.07431804,0.197300249,0.856550815,,,,
136,2,1,PI431888,PI431888,24.563413,0.129046074,0.826926906,,,,
380,2,1,PI472629,PI472629,24.33592504,0.137900345,0.829454513,,,,
52,2,1,PI374120,PI374120,24.98650569,0.136089349,0.823970523,,,,
293,2,1,ILL6994,ILL6994,26.50774285,0.166177814,0.823369745,,,,
419,2,1,PI533690,PI533690,23.43982638,0.159806256,0.823613933,,,,
91,2,1,ILL454,ILL454,25.17006778,0.149005804,0.830204785,,,,
299,2,1,ILL7981,ILL7981,22.91217055,0.134330254,0.825322312,,,,
410,2,1,PI432236,PI432236,26.3597506,0.180929675,0.840399901,,,,
437,2,1,PI472561,PI472561,21.95096501,0.113456101,0.812838809,,,,
19,2,1,ILL10866,ILL10866,22.20879649,0.109683017,0.812598557,,,,
210,2,1,ILL2181,ILL2181,0,0,0,,,,
360,2,1,PI472175,PI472175,23.04577046,0.135256867,0.813522275,,,,
288,2,1,ILL6528,ILL6528,24.35590022,0.095013322,0.824421127,,,,
412,2,1,W627780,W627780,22.45729065,0.102881948,0.809318378,,,,
315,2,1,PI179324,PI179324,26.59951907,0.180726159,0.831133679,,,,
180,2,1,PI238758,ILL224,26.7258009,0.141258386,0.842657538,,,,
304,2,1,PI212100,PI212100,27.72590056,0.197513089,0.857079462,,,,
242,2,1,ILL7789,ILL7789,24.174756,0.129954599,0.825199057,,,,
185,2,1,PI311107,ILL494,23.34825624,0.154055015,0.821966833,,,,
356,2,1,PI432147,PI432147,23.48442806,0.147275974,0.830885867,,,,
10,2,1,ILL8006,ILL8006,24.21698987,0.143451377,0.813485132,,,,
112,2,1,ILL537,ILL537,24.79579227,0.144937507,0.852620036,,,,
394,2,1,PI472588,PI472588,25.24354497,0.139695628,0.846584957,,,,
198,2,1,ILL858,ILL858,22.92357411,0.123699914,0.82011202,,,,
38,2,1,ILL151,ILL151,22.87003634,0.103504509,0.817069676,,,,
200,2,1,ILL918,ILL918,24.41447602,0.137443604,0.817667162,,,,
407,2,1,PI472200,PI472200,0,0,0,,,,
235,2,1,ILL7070,ILL7070,22.343947,0.096224846,0.801673876,,,,
434,2,1,PI432001,PI432001,24.18575218,0.169702467,0.829136388,,,,
429,2,1,PI472136,PI472136,23.07258958,0.102443417,0.818316135,,,,
385,2,1,PI431824,PI431824,24.6256981,0.156690253,0.829584247,,,,
329,2,1,PI431731,PI431731,27.90514422,0.13025564,0.825711587,,,,
46,2,1,ILL1924,ILL1924,26.53061973,0.148846187,0.833758491,,,,
252,2,1,PI370636,ILL635,26.30154243,0.210148281,0.83974989,,,,
386,2,1,PI432124,PI432124,22.80406056,0.088362754,0.812207317,,,,
445,2,1,PI472205,PI472205,21.51610676,0.123655718,0.816011815,,,,
160,2,1,PI471916,PI471916,27.64560927,0.158227565,0.841642666,,,,
374,2,1,PI432106,PI432106,24.05008668,0.136406299,0.82945837,,,,
312,2,1,PI207492,PI207492,25.09028832,0.131024803,0.829182905,,,,
30,2,1,ILL9951,ILL9951,25.61688733,0.129889671,0.84069961,,,,
129,2,1,ILL600,ILL600,22.55273318,0.091108261,0.840602027,,,,
426,2,1,PI451763,PI451763,26.5483603,0.142946484,0.845435647,,,,
171,2,1,W627761,W627761,24.36239498,0.104693373,0.808295985,,,,
95,2,1,PI300250,PI300250,25.51045638,0.126444781,0.81743609,,,,
282,2,1,ILL5968,ILL5968,22.78259185,0.125028431,0.814024807,,,,
13,2,1,ILL10810,ILL10810,31.50044737,0.225315766,0.836128795,,,,
53,2,1,PI374121,PI374121,21.77680389,0.110567503,0.80846582,,,,
381,2,1,W627765,W627765,26.51395591,0.144470856,0.833002273,,,,
436,2,1,PI432071,PI432071,24.57370981,0.143881095,0.837973739,,,,
391,2,1,PI471917,PI471917,22.27132747,0.113814709,0.822194305,,,,
362,2,1,PI472416,PI472416,20.92057273,0.091816738,0.805508923,,,,
404,2,1,PI472488,PI472488,20.37284903,0.093214648,0.804216594,,,,
399,2,1,PI533693,PI533693,21.67673951,0.107831841,0.823444772,,,,
3,2,1,ILL2684,ILL2684,23.96053547,0.147222272,0.819585703,,,,
194,2,1,PI357226,ILL624,24.49935393,0.137127091,0.824452558,,,,
355,2,1,PI472569,PI472569,24.79650869,0.145124778,0.836385677,,,,
120,2,1,ILL969,ILL969,25.32860989,0.175029263,0.821959591,,,,
316,2,1,PI217949,PI217949,21.98253214,0.114149388,0.824261535,,,,
182,2,1,PI297284,PI297284,24.53970972,0.123390719,0.830531924,,,,
416,2,1,PI432145,PI432145,27.49162395,0.18999335,0.834043638,,,,
423,2,1,PI432028,PI432028,21.96870498,0.094329232,0.815820817,,,,
368,2,1,PI468899,PI468899,23.48605713,0.135669196,0.841361819,,,,
220,2,1,ILL4409,ILL4409,25.78057416,0.11746626,0.834744284,,,,
167,2,1,PI431980,PI431980,24.82668323,0.14553428,0.820246957,,,,
264,2,1,ILL4900,ILL4900,19.54960571,0.109929103,0.816391049,,,,
363,2,1,W627767,W627767,22.8520972,0.100508143,0.809751275,,,,
206,2,1,ILL1671,ILL1671,22.47047326,0.121633297,0.826289119,,,,
1,2,1,L24,L24,26.58533203,0.130477566,0.82393032,,,,
145,2,1,PI472213,PI472213,0,0,0,,,,
226,2,1,ILL1649,ILL1649,26.89090168,0.154211134,0.84181101,,,,
342,2,1,PI431613,PI431613,24.93034821,0.156837165,0.838071758,,,,
420,2,1,W627756,W627756,23.43793278,0.117225612,0.825945557,,,,
387,2,1,PI431923,PI431923,0,0,0,,,,
59,2,1,PI211052,PI211052,0,0,0,,,,
417,2,1,W627766,W627766,22.06337676,0.103701724,0.813986602,,,,
69,2,1,PI297767,PI297767,22.88317925,0.122328941,0.818799456,,,,
257,2,1,ILL4791,ILL4791,22.43844423,0.150563139,0.831635567,,,,
241,2,1,ILL7745,ILL7745,24.81912653,0.135387012,0.827870177,,,,
408,2,1,PI432087,PI432087,0,0,0,,,,
139,2,1,PI472590,PI472590,0,0,0,,,,
71,2,1,ILL324,ILL324,0,0,0,,,,
256,2,1,ILL4778,ILL4778,23.47874301,0.147950723,0.821304688,,,,
378,2,1,PI432286,PI432286,21.34067059,0.107112271,0.809035882,,,,
260,2,1,ILL4830,ILL4830,22.23569349,0.109140014,0.819461201,,,,
224,2,1,PI299117,PI299117,22.71949418,0.112644153,0.840780213,,,,
409,2,1,PI432005,PI432005,25.43217229,0.149940749,0.838897494,,,,
230,2,1,ILL4857,ILL4857,24.71758021,0.104285685,0.821499576,,,,
187,2,1,PI339279,ILL550,24.04248686,0.174916627,0.841422384,,,,
156,2,1,PI431873,PI431873,23.07904049,0.120258182,0.817569949,,,,
146,2,1,PI431712,PI431712,24.91918876,0.125027397,0.825356814,,,,
133,2,1,PI472452,PI472452,22.47617747,0.116840568,0.821652029,,,,
58,2,1,ILL211,ILL211,24.11255181,0.185174982,0.83468671,,,,
72,2,1,PI298023,PI298023,31.34072326,0.195134102,0.829392628,,,,
318,2,1,PI178940,PI178940,21.26786531,0.085578544,0.813367763,,,,
217,2,1,ILL4152,ILL4152,25.23105688,0.140323311,0.839516564,,,,
225,2,1,ILL769,ILL769,22.87392709,0.137498666,0.819867685,,,,
162,2,1,PI431739,PI431739,22.36621007,0.107886127,0.818826683,,,,
98,2,1,PI308614,PI308614,24.01496609,0.153141431,0.823760748,,,,
371,2,1,PI472484,PI472484,23.42519167,0.129809215,0.82261472,,,,
328,2,1,PI299215,PI299215,24.85883308,0.13753271,0.835315705,,,,
50,2,1,ILL1939,ILL1939,25.87649402,0.152475514,0.827209704,,,,
301,2,1,ILL8010,ILL8010,23.73425358,0.138461728,0.813105929,,,,
442,2,1,PI472400,PI472400,25.74382698,0.160560034,0.82139322,,,,
390,2,1,PI432033,PI432033,25.14659619,0.161964362,0.829571927,,,,
406,2,1,PI518733,PI518733,0,0,0,,,,
17,2,1,ILL10864,ILL10864,21.40075577,0.110077968,0.813903099,,,,
37,2,1,ILL1220,ILL1220,26.36370016,0.134472802,0.810149358,,,,
51,2,1,ILL1940,ILL1940,20.53405514,0.069081332,0.797800474,,,,
446,2,1,W627754,W627754,21.60773475,0.095353337,0.810036951,,,,
80,2,1,PI298922,PI298922,22.33292368,0.096477377,0.820162632,,,,
203,2,1,ILL956,ILL956,23.33064455,0.102276281,0.824076971,,,,
116,2,1,ILL589,ILL589,23.7719528,0.106081404,0.812643969,,,,
105,2,1,PI320944,PI320944,23.72164229,0.135456253,0.828339252,,,,
323,2,1,PI211602,ILL213,20.78424933,0.107506586,0.812551449,,,,
422,2,1,W627781,W627781,24.03446612,0.103630224,0.810917329,,,,
31,2,1,PI431640,PI431640,0,0,0,,,,
289,2,1,ILL6644,ILL6644,22.5010114,0.143637327,0.812689403,,,,
330,2,1,PI431622,PI431622,23.13256136,0.119591799,0.815532402,,,,
344,2,1,PI299164,PI299164,24.28145482,0.109435375,0.826209704,,,,
384,2,1,PI533688,PI533688,0,0,0,,,,
284,2,1,ILL6281,ILL6281,0,0,0,,,,
382,2,1,PI432190,PI432190,0,0,0,,,,
79,2,1,ILL341,ILL341,25.24631756,0.201595146,0.843477519,,,,
4,2,1,ILL312,ILL312,23.47150482,0.127904085,0.822728889,,,,
402,2,1,PI472559,PI472559,21.48601119,0.094455766,0.8162584,,,,
272,2,1,ILL5424,ILL5424,28.4999173,0.203831938,0.844384201,,,,
303,2,1,PI178939,PI178939,21.28199595,0.081340808,0.818552266,,,,
253,2,1,ILL4606,ILL4606,22.31448876,0.141521694,0.827270859,,,,
209,2,1,ILL1959,ILL1959,22.65508112,0.119385705,0.823278381,,,,
179,2,1,PI229611,ILL223,24.54978604,0.10574167,0.819695598,,,,
275,2,1,ILL5519,ILL5519,24.3805579,0.132043423,0.826429762,,,,
57,2,1,PI339310,PI339310,27.18823118,0.17554546,0.846487966,,,,
277,2,1,ILL5553,ILL5553,24.4668754,0.158956026,0.829885491,,,,
43,2,1,PI289077,PI289077,0,0,0,,,,
143,2,1,PI518731,PI518731,23.49159456,0.136339231,0.853948143,,,,
228,2,1,ILL4671,ILL4671,22.58560086,0.077996282,0.81651402,,,,
285,2,1,ILL6350,ILL6350,0,0,0,,,,
181,2,1,PI289069,ILL257,22.2501695,0.114931921,0.805395783,,,,
67,2,1,PI297287,PI297287,27.47171724,0.151089069,0.840834509,,,,
351,2,1,PI426797,PI426797,26.96505839,0.188427286,0.846592918,,,,
331,2,1,PI420925,PI420925,0,0,0,,,,
201,2,1,PI165586,ILL931,25.50805944,0.118318563,0.825349032,,,,
169,2,1,PI432259,PI432259,24.88522637,0.193127494,0.823594901,,,,
124,2,1,PI370481,PI370481,0,0,0,,,,
100,2,1,PI320936,PI320936,24.06063099,0.096925569,0.8223692,,,,
294,2,1,ILL7012,ILL7012,20.3046476,0.087422131,0.803565587,,,,
337,2,1,PI299207,PI299207,27.20720178,0.174018442,0.840568575,,,,
45,2,1,ILL1922,ILL1922,24.12761823,0.121836912,0.822879475,,,,
166,2,1,PI431893,PI431893,20.75845261,0.09228845,0.814192037,,,,
373,2,1,PI472137,PI472137,21.6524352,0.102619887,0.819555289,,,,
438,2,1,PI472632,PI472632,27.35852263,0.198719859,0.862564592,,,,
431,2,1,W627760,W627760,23.70423111,0.132654974,0.832592149,,,,
227,2,1,ILL1890,ILL1890,27.74506797,0.150428691,0.837864814,,,,
366,2,1,PI432245,PI432245,26.2772716,0.158715406,0.83016613,,,,
197,2,1,ILL840,ILL840,25.78963194,0.124253365,0.823584057,,,,
212,2,1,ILL2297,ILL2297,0,0,0,,,,
111,2,1,PI329157,PI329157,28.17585905,0.157470899,0.830880119,,,,
398,2,1,PI432085,PI432085,24.98016098,0.128237221,0.82329702,,,,
189,2,1,PI343023,ILL595,21.97781623,0.119915954,0.812521462,,,,
208,2,1,PI379372,ILL1949,21.38870937,0.095866687,0.819904128,,,,
286,2,1,ILL6415,ILL6415,27.60484577,0.155896377,0.833079016,,,,
234,2,1,ILL6750,ILL6750,24.72380667,0.08761296,0.823081363,,,,
107,2,1,ILL513,ILL513,25.62965637,0.133402449,0.833359809,,,,
375,2,1,PI472327,PI472327,23.08433841,0.126310893,0.819427103,,,,
23,2,1,ILL5537,ILL5537,25.55144177,0.143405597,0.841212025,,,,
441,2,1,PI432201,PI432201,24.06909142,0.10297068,0.826728681,,,,
376,2,1,PI432002,PI432002,21.50543153,0.115195062,0.823526861,,,,
163,2,1,PI431705,PI431705,0,0,0,,,,
157,2,1,PI431624,PI431624,22.70426691,0.107294994,0.820564789,,,,
296,2,1,ILL7650,ILL7650,23.12129961,0.106755064,0.818185901,,,,
353,2,1,PI429369,PI429369,27.99394894,0.18352982,0.840794005,,,,
153,2,1,PI472354,PI472354,24.10646278,0.132802636,0.81282574,,,,
321,2,1,PI251248,PI251248,28.19972346,0.208667657,0.831075327,,,,
47,2,1,PI368651,PI368651,22.64412777,0.110955482,0.820942565,,,,
369,2,1,PI472615,PI472615,0,0,0,,,,
40,2,1,ILL186,ILL186,26.24282553,0.130614144,0.827828863,,,,
280,2,1,ILL5639,ILL5639,23.06607399,0.102704601,0.818022974,,,,
140,2,1,PI472195,PI472195,22.60572386,0.10123277,0.810096779,,,,
405,2,1,W627762,W627762,20.96560373,0.086625149,0.811035027,,,,
93,2,1,PI299366,PI299366,25.19647981,0.144466397,0.836316979,,,,
239,2,1,ILL7495,ILL7495,24.04121759,0.112872768,0.813862493,,,,
276,2,1,ILL5533,ILL5533,25.69732851,0.161446983,0.837824401,,,,
403,2,1,PI472143,PI472143,21.64004936,0.108428701,0.819637342,,,,
413,2,1,PI472564,PI472564,24.98596357,0.115821202,0.825245778,,,,
236,2,1,ILL7090,ILL7090,23.98901793,0.094923,0.811378752,,,,
89,2,1,ILL435,ILL435,25.41709885,0.122114195,0.826927963,,,,
424,2,1,PI432237,PI432237,28.6000049,0.167916277,0.830267011,,,,
150,2,1,PI431753,PI431753,25.54032022,0.134679115,0.839090856,,,,
20,2,1,ILL10947,ILL10947,0,0,0,,,,
298,2,1,ILL7979,ILL7979,21.72177765,0.142512843,0.826160242,,,,
106,2,1,PI320945,PI320945,23.6068247,0.11386085,0.823155437,,,,
244,2,1,ILL5956,ILL5956,23.30633223,0.092116644,0.820206445,,,,
142,2,1,PI468901,PI468901,26.25894804,0.121120397,0.814336837,,,,
125,2,1,PI431656,PI431656,24.04813787,0.147446482,0.821328076,,,,
232,2,1,ILL6149,ILL6149,23.24758794,0.076001725,0.810354458,,,,
192,2,1,PI345638,ILL619,0,0,0,,,,
75,2,1,PI298357,PI298357,26.41665127,0.163459859,0.829875921,,,,
44,2,1,PI290716,PI290716,22.09273083,0.115166307,0.815221373,,,,
444,2,1,PI518734,PI518734,0,0,0,,,,
104,2,1,PI320941,PI320941,25.05641633,0.116408466,0.833853492,,,,
250,2,1,ILL86,ILL86,21.86031355,0.072557819,0.80232267,,,,
249,2,1,ILL7774,ILL7774,28.58862464,0.139732675,0.848131125,,,,
21,2,1,ILL1460,ILL1460,25.37093013,0.16558798,0.831426165,,,,
297,2,1,ILL7978,ILL7978,24.71071019,0.110615637,0.812023736,,,,
85,2,1,ILL360,ILL360,24.4868242,0.158595739,0.833135327,,,,
421,2,1,PI472224,PI472224,21.06815323,0.076641463,0.796585674,,,,
349,2,1,PI431618,PI431618,24.18618849,0.147459902,0.815946394,,,,
109,2,1,PI320953,PI320953,21.7880143,0.109377475,0.821082993,,,,
33,2,1,PI329167,PI329167,25.15718179,0.154595203,0.843647567,,,,
172,2,1,W627768,W627768,25.11391284,0.11930571,0.819679331,,,,
188,2,1,PI339285,ILL556,21.92014082,0.132372098,0.819500629,,,,
207,2,1,ILL1861,ILL1861,26.2456063,0.159541078,0.849980573,,,,
365,2,1,PI431987,PI431987,23.32082565,0.126402812,0.820064181,,,,
279,2,1,ILL5626,ILL5626,22.4534761,0.108933885,0.815302808,,,,
170,2,1,PI472380,PI472380,23.68288792,0.111947229,0.817935016,,,,
388,2,1,W627782,W627782,22.79885715,0.092229732,0.817775575,,,,
287,2,1,ILL6493,ILL6493,24.23568193,0.119069198,0.823794535,,,,
49,2,1,ILL1938,ILL1938,20.05927332,0.043987112,0.80337298,,,,
346,2,1,PI339283,PI339283,20.65183834,0.085366236,0.806330238,,,,
6,3,1,ILL358,ILL358,23.17870073,0.105635472,0.810556813,,,,
275,3,1,ILL5519,ILL5519,22.89821283,0.134162934,0.822549108,,,,
111,3,1,PI329157,PI329157,25.07107538,0.137654058,0.830092292,,,,
26,3,1,ILL6199,ILL6199,24.33515364,0.1562807,0.830799291,,,,
402,3,1,PI472559,PI472559,21.82707572,0.090562717,0.815981403,,,,
37,3,1,ILL1220,ILL1220,21.90452743,0.056427678,0.802245625,,,,
355,3,1,PI472569,PI472569,0,0,0,,,,
80,3,1,PI298922,PI298922,22.89526405,0.127522477,0.825820607,,,,
245,3,1,ILL1706,ILL1706,21.63723241,0.129747847,0.806612681,,,,
414,3,1,PI435954,PI435954,23.4206466,0.098778081,0.824267634,,,,
97,3,1,ILL486,ILL486,25.62384117,0.156233508,0.825177692,,,,
153,3,1,PI472354,PI472354,22.40219005,0.128108988,0.828551553,,,,
74,3,1,PI298122,PI298122,0,0,0,,,,
65,3,1,PI289079,PI289079,22.09040221,0.093469159,0.814710063,,,,
104,3,1,PI320941,PI320941,0,0,0,,,,
2,3,1,ILL1947,ILL1947,20.01444921,0.065154399,0.808265828,,,,
32,3,1,PI431642,PI431642,24.00432075,0.154438533,0.828712511,,,,
238,3,1,ILL7437,ILL7437,21.78968439,0.100114009,0.808142542,,,,
318,3,1,PI178940,PI178940,0,0,0,,,,
116,3,1,ILL589,ILL589,24.57355015,0.154061947,0.821065661,,,,
191,3,1,PI343026,ILL598,23.40169233,0.124869242,0.813689684,,,,
160,3,1,PI471916,PI471916,27.35000505,0.172766803,0.854312437,,,,
7,3,1,PI299371,PI299371,23.78705022,0.135466508,0.828525385,,,,
352,3,1,PI431630,PI431630,20.9897349,0.06901521,0.80855047,,,,
109,3,1,PI320953,PI320953,0,0,0,,,,
55,3,1,PI383682,PI383682,0,0,0,,,,
380,3,1,PI472629,PI472629,0,0,0,,,,
303,3,1,PI178939,PI178939,0,0,0,,,,
62,3,1,PI280686,PI280686,23.76717568,0.117902005,0.81328031,,,,
378,3,1,PI432286,PI432286,21.69114808,0.116377701,0.810673004,,,,
227,3,1,ILL1890,ILL1890,22.15104841,0.098524426,0.816229918,,,,
89,3,1,ILL435,ILL435,23.82226177,0.146272873,0.821906606,,,,
379,3,1,PI468900,PI468900,0,0,0,,,,
23,3,1,ILL5537,ILL5537,0,0,0,,,,
360,3,1,PI472175,PI472175,0,0,0,,,,
400,3,1,PI458503,PI458503,22.71400165,0.122507106,0.836600314,,,,
392,3,1,PI472549,PI472549,0,0,0,,,,
168,3,1,PI432000,PI432000,0,0,0,,,,
304,3,1,PI212100,PI212100,21.89720926,0.074757649,0.804777241,,,,
15,3,1,ILL10826,ILL10826,0,0,0,,,,
390,3,1,PI432033,PI432033,23.90071046,0.133942563,0.822807526,,,,
218,3,1,ILL4164,ILL4164,21.17729667,0.102721496,0.812341863,,,,
340,3,1,PI431809,PI431809,22.56110427,0.109496686,0.816938036,,,,
226,3,1,ILL1649,ILL1649,22.37110222,0.098360239,0.817950885,,,,
207,3,1,ILL1861,ILL1861,27.40801948,0.167437436,0.835558228,,,,
399,3,1,PI533693,PI533693,0,0,0,,,,
320,3,1,PI193548,PI193548,23.39502606,0.138109681,0.81571548,,,,
387,3,1,PI431923,PI431923,0,0,0,,,,
247,3,1,ILL4781,ILL4781,22.31041099,0.111155979,0.81578404,,,,
67,3,1,PI297287,PI297287,22.81292048,0.120488772,0.815511238,,,,
351,3,1,PI426797,PI426797,22.23306131,0.11497416,0.822433842,,,,
214,3,1,ILL3485,ILL3485,23.79915054,0.163515124,0.824073412,,,,
234,3,1,ILL6750,ILL6750,0,0,0,,,,
198,3,1,ILL858,ILL858,20.47184458,0.064566905,0.809832078,,,,
266,3,1,ILL4956,ILL4956,0,0,0,,,,
19,3,1,ILL10866,ILL10866,0,0,0,,,,
122,3,1,PI431663,PI431663,0,0,0,,,,
253,3,1,ILL4606,ILL4606,0,0,0,,,,
319,3,1,PI181886,PI181886,0,0,0,,,,
356,3,1,PI432147,PI432147,23.00096855,0.151946842,0.832422221,,,,
242,3,1,ILL7789,ILL7789,0,0,0,,,,
228,3,1,ILL4671,ILL4671,0,0,0,,,,
129,3,1,ILL600,ILL600,20.76813226,0.097581178,0.82268812,,,,
364,3,1,PI533691,PI533691,22.64563338,0.095612251,0.823528933,,,,
4,3,1,ILL312,ILL312,0,0,0,,,,
386,3,1,PI432124,PI432124,0,0,0,,,,
342,3,1,PI431613,PI431613,21.8058326,0.103312438,0.823990916,,,,
295,3,1,ILL7084,ILL7084,23.93293762,0.122164519,0.827568501,,,,
163,3,1,PI431705,PI431705,0,0,0,,,,
302,3,1,ILL8114,ILL8114,0,0,0,,,,
312,3,1,PI207492,PI207492,19.4975903,0.064787296,0.806801623,,,,
30,3,1,ILL9951,ILL9951,0,0,0,,,,
408,3,1,PI432087,PI432087,0,0,0,,,,
255,3,1,ILL4774,ILL4774,0,0,0,,,,
403,3,1,PI472143,PI472143,21.6962364,0.100094334,0.812317772,,,,
353,3,1,PI429369,PI429369,22.70568339,0.114262083,0.825762287,,,,
149,3,1,PI472316,PI472316,0,0,0,,,,
307,3,1,PI182217,PI182217,0,0,0,,,,
161,3,1,PI472320,PI472320,22.57363279,0.128626082,0.82328255,,,,
200,3,1,ILL918,ILL918,0,0,0,,,,
25,3,1,ILL6001,ILL6001,0,0,0,,,,
123,3,1,PI358602,PI358602,24.36113091,0.139158521,0.828549801,,,,
424,3,1,PI432237,PI432237,24.25856846,0.113458981,0.819398818,,,,
165,3,1,PI431774,PI431774,22.69417858,0.090202569,0.815014598,,,,
445,3,1,PI472205,PI472205,22.96941345,0.141214119,0.82203189,,,,
77,3,1,PI298644,PI298644,25.73624491,0.115337746,0.828723792,,,,
373,3,1,PI472137,PI472137,21.38734397,0.075777794,0.811326368,,,,
372,3,1,PI431810,PI431810,0,0,0,,,,
265,3,1,ILL4915,ILL4915,0,0,0,,,,
241,3,1,ILL7745,ILL7745,22.1315012,0.094389733,0.815040508,,,,
270,3,1,ILL5384,ILL5384,0,0,0,,,,
43,3,1,PI289077,PI289077,0,0,0,,,,
374,3,1,PI432106,PI432106,0,0,0,,,,
106,3,1,PI320945,PI320945,19.71649087,0.065344831,0.811890399,,,,
264,3,1,ILL4900,ILL4900,22.66092139,0.140877449,0.822208303,,,,
330,3,1,PI431622,PI431622,22.07327848,0.115866131,0.816816548,,,,
326,3,1,PI299351,PI299351,31.73735847,0.232600098,0.861170313,,,,
362,3,1,PI472416,PI472416,21.03559975,0.115984525,0.810459281,,,,
237,3,1,ILL7108,ILL7108,22.6033823,0.135182195,0.811523153,,,,
12,3,1,ILL10690,ILL10690,23.05569169,0.113053599,0.808561464,,,,
139,3,1,PI472590,PI472590,26.47308708,0.185196638,0.840144682,,,,
119,3,1,PI431631,PI431631,23.95771599,0.115459746,0.823657098,,,,
162,3,1,PI431739,PI431739,23.34492259,0.125797219,0.823530958,,,,
84,3,1,ILL359,ILL359,23.64696549,0.138938941,0.823528479,,,,
276,3,1,ILL5533,ILL5533,22.974321,0.137512225,0.824620524,,,,
188,3,1,PI339285,ILL556,23.71760968,0.144477552,0.810747582,,,,
22,3,1,ILL1474,ILL1474,23.30087219,0.121718445,0.823957973,,,,
376,3,1,PI432002,PI432002,22.20379056,0.114174519,0.819100656,,,,
151,3,1,PI472188,PI472188,23.51625121,0.143616741,0.813922046,,,,
113,3,1,PI339289,PI339289,22.40745394,0.124042481,0.824147361,,,,
174,3,1,ILL71,ILL71,21.75397754,0.096833329,0.808156084,,,,
248,3,1,ILL4875,ILL4875,23.19925163,0.117567709,0.818099818,,,,
82,3,1,PI299116,PI299116,21.98675107,0.086855655,0.807392147,,,,
432,3,1,W627758,W627758,22.89809277,0.093029471,0.811971076,,,,
75,3,1,PI298357,PI298357,23.19291062,0.128676747,0.825032202,,,,
155,3,1,PI577168,PI577168,21.94011094,0.093862469,0.824353834,,,,
63,3,1,PI289066,PI289066,22.32885888,0.114128571,0.81397348,,,,
216,3,1,ILL3517,ILL3517,22.34848274,0.132725098,0.817416725,,,,
427,3,1,PI472458,PI472458,23.33233768,0.116608437,0.81660432,,,,
438,3,1,PI472632,PI472632,21.17436271,0.061394653,0.801350193,,,,
430,3,1,PI472372,PI472372,0,0,0,,,,
185,3,1,PI311107,ILL494,0,0,0,,,,
349,3,1,PI431618,PI431618,23.3078989,0.137874082,0.825317815,,,,
314,3,1,PI175754,PI175754,19.36399396,0.107149326,0.800609062,,,,
306,3,1,PI169534,PI169534,21.61693945,0.100204884,0.814736098,,,,
39,3,1,ILL167,ILL167,18.82294938,0.059547805,0.809933311,,,,
371,3,1,PI472484,PI472484,20.77669189,0.129249578,0.815848797,,,,
412,3,1,W627780,W627780,25.60052711,0.178550982,0.833222493,,,,
28,3,1,ILL7686,ILL7686,23.20315026,0.086894709,0.808598223,,,,
210,3,1,ILL2181,ILL2181,21.17698022,0.04956272,0.807203204,,,,
54,3,1,PI379368,PI379368,20.16263342,0.069393096,0.818997955,,,,
95,3,1,PI300250,PI300250,23.50805252,0.152017522,0.829288675,,,,
196,3,1,ILL719,ILL719,20.86438469,0.11151454,0.81082171,,,,
121,3,1,PI431714,PI431714,24.14380823,0.133678895,0.834205422,,,,
140,3,1,PI472195,PI472195,0,0,0,,,,
29,3,1,ILL8614,ILL8614,20.89555919,0.093212314,0.804870283,,,,
258,3,1,ILL4804,ILL4804,22.47073076,0.102665626,0.807378164,,,,
347,3,1,PI426202,PI426202,20.84918424,0.047790855,0.805524236,,,,
90,3,1,ILL440,ILL440,21.09142513,0.102423182,0.820735515,,,,
229,3,1,ILL4831,ILL4831,24.37002797,0.153734636,0.849976686,,,,
231,3,1,ILL5645,ILL5645,23.17099864,0.121521998,0.808652722,,,,
205,3,1,ILL1097,ILL1097,23.53795917,0.161526686,0.84846126,,,,
293,3,1,ILL6994,ILL6994,21.42383683,0.102473753,0.810379022,,,,
317,3,1,PI251032,PI251032,21.29630505,0.093373442,0.820373585,,,,
250,3,1,ILL86,ILL86,0,0,0,,,,
446,3,1,W627754,W627754,19.35415194,0.099454589,0.809786688,,,,
5,3,1,ILL353,ILL353,22.76381953,0.118836812,0.821151357,,,,
204,3,1,ILL1005,ILL1005,0,0,0,,,,
407,3,1,PI472200,PI472200,21.92211791,0.093792084,0.811639641,,,,
186,3,1,PI319367,ILL502,22.198907,0.090559556,0.810539837,,,,
224,3,1,PI299117,PI299117,23.05523171,0.098143174,0.8172692,,,,
328,3,1,PI299215,PI299215,22.12347805,0.113274796,0.82605152,,,,
98,3,1,PI308614,PI308614,27.50665458,0.194797815,0.850993825,,,,
287,3,1,ILL6493,ILL6493,20.49100213,0.102956384,0.811716312,,,,
20,3,1,ILL10947,ILL10947,19.79459613,0.03925796,0.793862253,,,,
172,3,1,W627768,W627768,19.59801505,0.108127744,0.816384042,,,,
10,3,1,ILL8006,ILL8006,21.17890839,0.107662534,0.803202993,,,,
316,3,1,PI217949,PI217949,0,0,0,,,,
193,3,1,PI357225,ILL623,20.1187212,0.045522829,0.815915915,,,,
96,3,1,ILL482,ILL482,23.56347271,0.140001541,0.821887747,,,,
125,3,1,PI431656,PI431656,22.08370819,0.105448001,0.818901984,,,,
393,3,1,PI477921,PI477921,21.5575479,0.058236712,0.80844908,,,,
194,3,1,PI357226,ILL624,19.39878099,0.073007548,0.810911165,,,,
166,3,1,PI431893,PI431893,17.67561472,0.049105372,0.802955867,,,,
423,3,1,PI432028,PI432028,21.4591343,0.0948281,0.821447864,,,,
212,3,1,ILL2297,ILL2297,22.84982704,0.161903203,0.841283649,,,,
388,3,1,W627782,W627782,24.86010425,0.132229652,0.828647799,,,,
397,3,1,PI518732,PI518732,24.54829757,0.125474565,0.854395164,,,,
333,3,1,PI299163,PI299163,21.01084341,0.11140451,0.812656236,,,,
219,3,1,ILL4345,ILL4345,21.43179979,0.131145363,0.805331791,,,,
8,3,1,ILL5582,ILL5582,21.20911506,0.096565906,0.822728183,,,,
195,3,1,ILL705,ILL705,0,0,0,,,,
126,3,1,PI329169,PI329169,21.07033806,0.094553935,0.814817945,,,,
13,3,1,ILL10810,ILL10810,0,0,0,,,,
262,3,1,ILL4886,ILL4886,20.18183748,0.093964823,0.824829987,,,,
183,3,1,PI297772,ILL304,22.38204978,0.057337571,0.805567099,,,,
233,3,1,ILL6406,ILL6406,19.4920958,0.060851237,0.795239702,,,,
263,3,1,ILL4899,ILL4899,22.50438176,0.087185525,0.808055824,,,,
36,3,1,PI431684,PI431684,0,0,0,,,,
164,3,1,PI426807,PI426807,21.64621184,0.095121485,0.813641091,,,,
429,3,1,PI472136,PI472136,20.18572837,0.092400038,0.822337501,,,,
305,3,1,PI273664,PI273664,23.26693075,0.140431438,0.81488953,,,,
148,3,1,PI412922,PI412922,0,0,0,,,,
117,3,1,PI431643,PI431643,24.06389206,0.139572477,0.842037403,,,,
92,3,1,PI299354,PI299354,23.51276288,0.134796558,0.821843418,,,,
308,3,1,PI250158,PI250158,22.64904964,0.146665625,0.812313471,,,,
436,3,1,PI432071,PI432071,22.31634628,0.105584214,0.81469056,,,,
115,3,1,ILL567,ILL567,25.70694934,0.196217235,0.862881321,,,,
199,3,1,ILL890,ILL890,20.74889984,0.076950101,0.803022539,,,,
209,3,1,ILL1959,ILL1959,20.37914256,0.095924108,0.812919001,,,,
35,3,1,PI431675,PI431675,23.00065325,0.110854087,0.818591461,,,,
49,3,1,ILL1938,ILL1938,19.37885883,0.064233268,0.800960198,,,,
130,3,1,PI431636,PI431636,23.85496327,0.159669338,0.830104507,,,,
42,3,1,PI289070,PI289070,22.35912601,0.087936566,0.815798777,,,,
277,3,1,ILL5553,ILL5553,22.48596969,0.113967374,0.827975633,,,,
398,3,1,PI432085,PI432085,21.28804821,0.078669358,0.811069879,,,,
176,3,1,PI174246,PI174246,21.97646761,0.126006918,0.806517668,,,,
267,3,1,ILL5028,ILL5028,20.66640985,0.063198236,0.819310672,,,,
91,3,1,ILL454,ILL454,24.17919214,0.135755401,0.82388733,,,,
310,3,1,PI251784,PI251784,22.77850811,0.064866269,0.812640106,,,,
177,3,1,PI177442,ILL158,0,0,0,,,,
61,3,1,ILL241,ILL241,22.9052172,0.134375843,0.813598535,,,,
72,3,1,PI298023,PI298023,25.41551863,0.16198018,0.839907396,,,,
322,3,1,PI250156,PI250156,19.54123253,0.084420907,0.805468612,,,,
45,3,1,ILL1922,ILL1922,24.53496182,0.1515715,0.831172313,,,,
222,3,1,ILL4605,ILL4605,21.89201876,0.101058324,0.816610137,,,,
418,3,1,W627759,W627759,20.99033873,0.081892725,0.813935099,,,,
50,3,1,ILL1939,ILL1939,21.8604159,0.122295556,0.808124149,,,,
244,3,1,ILL5956,ILL5956,20.86733523,0.080520256,0.815586478,,,,
285,3,1,ILL6350,ILL6350,20.81275732,0.066901173,0.810395891,,,,
215,3,1,ILL3487,ILL3487,19.92174902,0.081170693,0.801317397,,,,
288,3,1,ILL6528,ILL6528,20.75182592,0.091247883,0.817721361,,,,
232,3,1,ILL6149,ILL6149,22.60172814,0.124718268,0.819648153,,,,
246,3,1,ILL2231,ILL2231,26.82007519,0.175602849,0.817938937,,,,
368,3,1,PI468899,PI468899,21.73906119,0.084022089,0.830688487,,,,
289,3,1,ILL6644,ILL6644,22.5237923,0.121102308,0.827056036,,,,
444,3,1,PI518734,PI518734,0,0,0,,,,
346,3,1,PI339283,PI339283,25.15829704,0.137092224,0.832780891,,,,
350,3,1,PI431633,PI431633,21.38471888,0.099897176,0.809770069,,,,
410,3,1,PI432236,PI432236,20.23611576,0.126920424,0.81426755,,,,
73,3,1,PI298121,PI298121,0,0,0,,,,
273,3,1,ILL5505,ILL5505,22.36801435,0.112949261,0.824892045,,,,
132,3,1,PI476365,PI476365,21.33000039,0.084879659,0.817744307,,,,
384,3,1,PI533688,PI533688,23.25738563,0.169468241,0.826450516,,,,
257,3,1,ILL4791,ILL4791,23.93282122,0.149813197,0.822677664,,,,
38,3,1,ILL151,ILL151,21.47644493,0.058762467,0.809133181,,,,
211,3,1,ILL2230,ILL2230,22.17685331,0.089115369,0.816823906,,,,
299,3,1,ILL7981,ILL7981,19.67023784,0.095726521,0.809235599,,,,
81,3,1,ILL344,ILL344,22.530441,0.113313442,0.814801982,,,,
197,3,1,ILL840,ILL840,20.7053966,0.09294439,0.804181496,,,,
230,3,1,ILL4857,ILL4857,21.69773207,0.144647409,0.8114893,,,,
315,3,1,PI179324,PI179324,23.19730475,0.087502327,0.813290952,,,,
146,3,1,PI431712,PI431712,23.15656461,0.128381028,0.828873846,,,,
298,3,1,ILL7979,ILL7979,21.9417316,0.120812918,0.821859316,,,,
76,3,1,PI298631,PI298631,21.09390948,0.101345928,0.813610644,,,,
411,3,1,PI468902,PI468902,20.84063161,0.096559144,0.822884292,,,,
240,3,1,ILL7727,ILL7727,19.69475848,0.086472058,0.800433507,,,,
357,3,1,PI432212,PI432212,20.88110533,0.085019117,0.80431634,,,,
21,3,1,ILL1460,ILL1460,20.15853486,0.053558178,0.804497216,,,,
256,3,1,ILL4778,ILL4778,22.15368454,0.078588197,0.814717729,,,,
100,3,1,PI320936,PI320936,21.07668281,0.083616309,0.815706532,,,,
182,3,1,PI297284,PI297284,22.4523917,0.087090912,0.812640087,,,,
422,3,1,W627781,W627781,21.55751143,0.077493864,0.803997477,,,,
66,3,1,PI297285,PI297285,24.97873231,0.12261178,0.825966893,,,,
321,3,1,PI251248,PI251248,22.8615657,0.173153584,0.816565126,,,,
47,3,1,PI368651,PI368651,20.84260253,0.079765642,0.819532842,,,,
206,3,1,ILL1671,ILL1671,21.7095471,0.097461393,0.808873487,,,,
52,3,1,PI374120,PI374120,22.04273154,0.115433423,0.835401335,,,,
421,3,1,PI472224,PI472224,0,0,0,,,,
158,3,1,PI472331,PI472331,0,0,0,,,,
221,3,1,ILL4471,ILL4471,21.08422957,0.066559475,0.815593286,,,,
217,3,1,ILL4152,ILL4152,20.68059245,0.070745101,0.811803474,,,,
18,3,1,ILL10865,ILL10865,21.30094613,0.119302558,0.813550361,,,,
363,3,1,W627767,W627767,20.24870131,0.108600334,0.801412674,,,,
297,3,1,ILL7978,ILL7978,21.62321152,0.091951085,0.809931405,,,,
134,3,1,PI472535,PI472535,22.8260384,0.152931731,0.826390528,,,,
278,3,1,ILL5595,ILL5595,22.21410392,0.101466179,0.81707194,,,,
53,3,1,PI374121,PI374121,21.5439864,0.117402028,0.813759509,,,,
33,3,1,PI329167,PI329167,22.32702578,0.088692643,0.814136489,,,,
102,3,1,ILL507,ILL507,22.38430141,0.113431277,0.814062338,,,,
236,3,1,ILL7090,ILL7090,22.83130451,0.094520216,0.808033774,,,,
417,3,1,W627766,W627766,21.3327353,0.085949883,0.808407318,,,,
428,3,1,PI432185,PI432185,21.81630644,0.060724021,0.82021471,,,,
71,3,1,ILL324,ILL324,0,0,0,,,,
361,3,1,PI508090,PI508090,21.68843402,0.108176876,0.816206711,,,,
137,3,1,PI431780,PI431780,22.39295126,0.135343726,0.81914655,,,,
416,3,1,PI432145,PI432145,22.72071868,0.129219379,0.82436914,,,,
311,3,1,PI426803,PI426803,0,0,0,,,,
64,3,1,PI289073,PI289073,22.04590047,0.099411421,0.814793762,,,,
69,3,1,PI297767,PI297767,22.14609158,0.095608307,0.8160177,,,,
78,3,1,PI298645,PI298645,22.40439019,0.079753587,0.816831428,,,,
138,3,1,PI420818,PI420818,23.22203682,0.136560355,0.828735928,,,,
93,3,1,PI299366,PI299366,22.42399544,0.068866425,0.820991963,,,,
17,3,1,ILL10864,ILL10864,0,0,0,,,,
309,3,1,PI178971,PI178971,22.65437029,0.07253325,0.813489338,,,,
259,3,1,ILL4819,ILL4819,22.38510374,0.111903337,0.816789457,,,,
381,3,1,W627765,W627765,21.64648803,0.120059369,0.815537298,,,,
437,3,1,PI472561,PI472561,32.25322147,0.295061663,0.906014914,,,,
294,3,1,ILL7012,ILL7012,21.61819104,0.048796069,0.803305645,,,,
110,3,1,PI320954,PI320954,21.81187875,0.090248777,0.839521926,,,,
439,3,1,PI432271,PI432271,20.54827457,0.041196396,0.819540798,,,,
243,3,1,ILL4782,ILL4782,22.56012154,0.088210701,0.804112351,,,,
147,3,1,PI472339,PI472339,23.2906564,0.113947302,0.808902866,,,,
108,3,1,PI320952,PI320952,24.8374682,0.124454721,0.84285724,,,,
51,3,1,ILL1940,ILL1940,0,0,0,,,,
339,3,1,PI420924,PI420924,20.44402266,0.044477514,0.787939291,,,,
87,3,1,ILL413,ILL413,23.14590755,0.115351038,0.834060621,,,,
131,3,1,PI299121,PI299121,20.01995972,0.076177023,0.812291188,,,,
313,3,1,PI299237,PI299237,0,0,0,,,,
268,3,1,ILL5151,ILL5151,21.39023444,0.121460408,0.816377083,,,,
225,3,1,ILL769,ILL769,21.31085801,0.050954367,0.807577385,,,,
56,3,1,PI193817,PI193817,20.79494717,0.111640364,0.808523651,,,,
331,3,1,PI420925,PI420925,19.75143668,0.08254646,0.804362642,,,,
192,3,1,PI345638,ILL619,18.72573029,0.0437836,0.817391987,,,,
203,3,1,ILL956,ILL956,20.39521997,0.063877488,0.802840707,,,,
201,3,1,PI165586,ILL931,21.8863365,0.09051161,0.811893629,,,,
280,3,1,ILL5639,ILL5639,21.23303966,0.064123271,0.80528476,,,,
145,3,1,PI472213,PI472213,22.90600301,0.08847919,0.817092739,,,,
58,3,1,ILL211,ILL211,22.14016088,0.130370915,0.812243619,,,,
235,3,1,ILL7070,ILL7070,22.72663745,0.125251526,0.841787203,,,,
389,3,1,PI451766,PI451766,21.68206292,0.073859425,0.826002247,,,,
375,3,1,PI472327,PI472327,22.84978106,0.107018755,0.821539736,,,,
181,3,1,PI289069,ILL257,21.63097223,0.08484157,0.807554578,,,,
323,3,1,PI211602,ILL213,19.94260621,0.059937264,0.830621661,,,,
59,3,1,PI211052,PI211052,0,0,0,,,,
152,3,1,PI472340,PI472340,0,0,0,,,,
85,3,1,ILL360,ILL360,25.08408207,0.147839679,0.859013896,,,,
369,3,1,PI472615,PI472615,23.98099714,0.127272795,0.835682471,,,,
344,3,1,PI299164,PI299164,22.71807355,0.110072325,0.831734497,,,,
170,3,1,PI472380,PI472380,0,0,0,,,,
124,3,1,PI370481,PI370481,20.70073732,0.08923013,0.828390187,,,,
358,3,1,PI163589,PI163589,21.3665897,0.122558136,0.825429796,,,,
396,3,1,PI432184,PI432184,21.61771834,0.109167825,0.826258582,,,,
208,3,1,PI379372,ILL1949,21.4206586,0.110446142,0.812812338,,,,
260,3,1,ILL4830,ILL4830,22.42981596,0.117779781,0.820495475,,,,
175,3,1,ILL82,ILL82,24.23280004,0.126003948,0.8304869,,,,
180,3,1,PI238758,ILL224,23.45783633,0.159553759,0.853825077,,,,
40,3,1,ILL186,ILL186,0,0,0,,,,
282,3,1,ILL5968,ILL5968,24.20336395,0.098098748,0.818675443,,,,
179,3,1,PI229611,ILL223,21.08751543,0.075728486,0.81829187,,,,
383,3,1,PI472383,PI472383,22.46047624,0.110525654,0.816830325,,,,
329,3,1,PI431731,PI431731,23.65787869,0.107702998,0.819059843,,,,
442,3,1,PI472400,PI472400,0,0,0,,,,
251,3,1,PI329158,PI329158,21.4394025,0.094917441,0.809697207,,,,
274,3,1,ILL5509,ILL5509,24.01027359,0.162530719,0.829905241,,,,
173,3,1,PI193547,PI193547,20.85547308,0.094111497,0.826740054,,,,
365,3,1,PI431987,PI431987,20.15385591,0.072814682,0.816549338,,,,
443,3,1,PI490289,PI490289,24.77935323,0.164781223,0.857376453,,,,
301,3,1,ILL8010,ILL8010,22.96723001,0.100313456,0.805585712,,,,
249,3,1,ILL7774,ILL7774,22.26333204,0.148648483,0.816413192,,,,
190,3,1,PI343025,ILL597,20.55726876,0.124948361,0.824915064,,,,
118,3,1,ILL906,ILL906,22.58039081,0.147476886,0.840926198,,,,
440,3,1,PI472161,PI472161,23.84469463,0.158982112,0.854377838,,,,
83,3,1,ILL357,ILL357,23.97467466,0.148538743,0.828270063,,,,
325,3,1,PI429838,PI429838,23.79771029,0.109839439,0.827794213,,,,
156,3,1,PI431873,PI431873,21.85769713,0.087315077,0.818236167,,,,
167,3,1,PI431980,PI431980,24.17941304,0.154812084,0.839533031,,,,
44,3,1,PI290716,PI290716,23.25861899,0.095922043,0.818129884,,,,
112,3,1,ILL537,ILL537,22.8631277,0.135650695,0.825272507,,,,
159,3,1,PI432059,PI432059,25.04392863,0.121728373,0.833190714,,,,
286,3,1,ILL6415,ILL6415,23.70587562,0.091667006,0.823067207,,,,
68,3,1,PI297754,PI297754,0,0,0,,,,
14,3,1,ILL10825,ILL10825,20.3749356,0.075600245,0.805941465,,,,
279,3,1,ILL5626,ILL5626,23.62030597,0.147061275,0.827101904,,,,
377,3,1,PI472562,PI472562,22.70575714,0.133940482,0.822346701,,,,
171,3,1,W627761,W627761,24.26987713,0.177325112,0.821275584,,,,
133,3,1,PI472452,PI472452,0,0,0,,,,
367,3,1,PI486128,PI486128,24.42209576,0.129912151,0.840311796,,,,
345,3,1,PI431768,PI431768,0,0,0,,,,
189,3,1,PI343023,ILL595,20.98318156,0.06371062,0.804642009,,,,
395,3,1,PI431884,PI431884,20.77033305,0.082243024,0.816949758,,,,
86,3,1,PI299177,PI299177,25.92413933,0.143895311,0.847369562,,,,
60,3,1,ILL217,ILL217,22.55385799,0.115309852,0.821299353,,,,
120,3,1,ILL969,ILL969,20.57579886,0.123307874,0.818132765,,,,
336,3,1,PI426784,PI426784,22.11916837,0.095783735,0.814371114,,,,
127,3,1,PI345627,PI345627,0,0,0,,,,
9,3,1,ILL590,ILL590,0,0,0,,,,
213,3,1,ILL2406,ILL2406,21.30003101,0.084119727,0.821477635,,,,
401,3,1,PI490288,PI490288,0,0,0,,,,
435,3,1,PI472274,PI472274,21.69756768,0.091716566,0.818823215,,,,
27,3,1,ILL6783,ILL6783,21.61746461,0.122572826,0.801324157,,,,
419,3,1,PI533690,PI533690,22.08216235,0.096302476,0.823842427,,,,
394,3,1,PI472588,PI472588,22.8649297,0.082802897,0.820041544,,,,
335,3,1,PI420929,PI420929,0,0,0,,,,
157,3,1,PI431624,PI431624,21.64539412,0.086015091,0.825639643,,,,
425,3,1,PI486127,PI486127,0,0,0,,,,
154,3,1,PI472119,PI472119,22.44062871,0.127348384,0.81666351,,,,
404,3,1,PI472488,PI472488,21.3643228,0.148882992,0.826747525,,,,
169,3,1,PI432259,PI432259,0,0,0,,,,
101,3,1,PI320937,PI320937,24.43264561,0.143471686,0.834569396,,,,
441,3,1,PI432201,PI432201,0,0,0,,,,
70,3,1,PI297787,PI297787,22.91624966,0.079798959,0.813973136,,,,
261,3,1,ILL4841,ILL4841,22.70407411,0.13965825,0.830842811,,,,
413,3,1,PI472564,PI472564,20.92937633,0.053825592,0.811230634,,,,
271,3,1,ILL5416,ILL5416,0,0,0,,,,
178,3,1,PI181771,PI181771,19.85798367,0.122721397,0.823322352,,,,
300,3,1,ILL8007,ILL8007,21.55314548,0.127768481,0.808882863,,,,
370,3,1,PI432188,PI432188,22.01621472,0.104977275,0.810270722,,,,
341,3,1,PI312175,PI312175,22.71513136,0.118670316,0.831408109,,,,
332,3,1,PI431756,PI431756,21.83120278,0.12983748,0.82518937,,,,
359,3,1,PI472122,PI472122,23.82228889,0.144566865,0.842681499,,,,
94,3,1,ILL469,ILL469,25.01066052,0.144101514,0.850515637,,,,
281,3,1,ILL5653,ILL5653,21.7841171,0.102434946,0.818965077,,,,
114,3,1,PI339292,PI339292,22.9981143,0.092418341,0.82726137,,,,
254,3,1,ILL4738,ILL4738,20.47985694,0.083108135,0.815918104,,,,
57,3,1,PI339310,PI339310,0,0,0,,,,
406,3,1,PI518733,PI518733,23.63407201,0.114609648,0.862129817,,,,
34,3,1,PI431666,PI431666,24.31251544,0.139236686,0.832635006,,,,
272,3,1,ILL5424,ILL5424,21.02193213,0.087527143,0.806041149,,,,
184,3,1,PI308611,PI308611,22.70301821,0.111107221,0.81047045,,,,
135,3,1,PI472126,PI472126,0,0,0,,,,
31,3,1,PI431640,PI431640,20.74827767,0.083713972,0.811612134,,,,
434,3,1,PI432001,PI432001,0,0,0,,,,
252,3,1,PI370636,ILL635,24.62109509,0.14778604,0.832277219,,,,
296,3,1,ILL7650,ILL7650,0,0,0,,,,
48,3,1,PI374116,PI374116,22.19044696,0.117296709,0.823529679,,,,
382,3,1,PI432190,PI432190,24.30212785,0.119847594,0.837040079,,,,
141,3,1,PI606570,PI606570,0,0,0,,,,
79,3,1,ILL341,ILL341,0,0,0,,,,
290,3,1,ILL6848,ILL6848,23.49783047,0.13204774,0.827410967,,,,
88,3,1,PI299285,PI299285,23.63577661,0.101530418,0.830252324,,,,
433,3,1,PI472194,PI472194,22.18165351,0.119486145,0.812512374,,,,
3,3,1,ILL2684,ILL2684,21.46278744,0.130517738,0.822101955,,,,
391,3,1,PI471917,PI471917,20.73506672,0.082899052,0.815594582,,,,
431,3,1,W627760,W627760,23.79430858,0.116409431,0.844828918,,,,
409,3,1,PI432005,PI432005,23.09858461,0.09361964,0.821382935,,,,
107,3,1,ILL513,ILL513,22.68429648,0.125501465,0.827849222,,,,
202,3,1,PI244046,ILL950,20.98841415,0.076283954,0.817029801,,,,
24,3,1,ILL5988,ILL5988,21.43427562,0.088139395,0.802481939,,,,
324,3,1,PI368647,PI368647,22.29595973,0.099808265,0.823548534,,,,
405,3,1,W627762,W627762,22.76069208,0.106895899,0.830616177,,,,
187,3,1,PI339279,ILL550,23.20379859,0.100284298,0.798308884,,,,
220,3,1,ILL4409,ILL4409,21.93648567,0.097845624,0.818054485,,,,
337,3,1,PI299207,PI299207,23.64163276,0.116311245,0.812946637,,,,
103,3,1,ILL508,ILL508,20.32144651,0.046191334,0.811472012,,,,
223,3,1,PI298923,ILL343,23.21342995,0.147695533,0.813278586,,,,
420,3,1,W627756,W627756,25.20496354,0.141919545,0.854792948,,,,
150,3,1,PI431753,PI431753,24.33899861,0.102135593,0.833788435,,,,
366,3,1,PI432245,PI432245,21.85393257,0.097310659,0.817729849,,,,
239,3,1,ILL7495,ILL7495,20.87595786,0.100138026,0.80325712,,,,
144,3,1,PI299289,PI299289,22.20827296,0.086007654,0.827272249,,,,
46,3,1,ILL1924,ILL1924,23.98715807,0.150154433,0.840619989,,,,
354,3,1,W627763,W627763,24.71273215,0.14887501,0.820086467,,,,
291,3,1,ILL6870,ILL6870,23.64768881,0.144676825,0.816856404,,,,
269,3,1,ILL5261,ILL5261,21.8581269,0.133575715,0.833874914,,,,
143,3,1,PI518731,PI518731,26.93326608,0.227886073,0.888731065,,,,
142,3,1,PI468901,PI468901,23.62490177,0.115842844,0.847382105,,,,
136,3,1,PI431888,PI431888,26.4924809,0.183360698,0.870378364,,,,
105,3,1,PI320944,PI320944,23.73740508,0.085005601,0.843697796,,,,
385,3,1,PI431824,PI431824,26.02516567,0.142510401,0.841474881,,,,
334,3,1,PI431710,PI431710,23.73296907,0.137843298,0.82935344,,,,
99,3,1,PI320935,PI320935,23.41257414,0.113914191,0.833742352,,,,
1,3,1,L24,L24,19.74402328,0.082081107,0.80724071,,,,
415,3,1,PI431863,PI431863,20.34423953,0.069156118,0.815390069,,,,
11,3,1,ILL10284,ILL10284,0,0,0,,,,
292,3,1,ILL6925,ILL6925,19.12851752,0.069130575,0.804653144,,,,
283,3,1,ILL6126,ILL6126,21.01515847,0.102900041,0.816034988,,,,
338,3,1,PI299120,PI299120,22.96821131,0.098255823,0.814812759,,,,
41,3,1,PI283604,PI283604,22.81885416,0.106990138,0.81649326,,,,
348,3,1,PI431728,PI431728,0,0,0,,,,
16,3,1,ILL10863,ILL10863,19.92824551,0.0876465,0.819797802,,,,
426,3,1,PI451763,PI451763,17.98649036,-0.000266819,0.78337989,,,,
343,3,1,PI431717,PI431717,20.5989488,0.096675121,0.817132084,,,,
284,3,1,ILL6281,ILL6281,19.78202595,0.071458873,0.811254614,,,,
80,1,2,PI298922,PI298922,24.06987316,0.094983056,0.827585517,,,,
422,1,2,W627781,W627781,25.47304485,0.10273096,0.835757273,,,,
139,1,2,PI472590,PI472590,#N/A,#N/A,#N/A,,,,
57,1,2,PI339310,PI339310,24.15878484,0.126752258,0.839494251,,,,
124,1,2,PI370481,PI370481,#N/A,#N/A,#N/A,,,,
130,1,2,PI431636,PI431636,28.40832721,0.173178153,0.8530893,,,,
92,1,2,PI299354,PI299354,#N/A,#N/A,#N/A,,,,
246,1,2,ILL2231,ILL2231,25.08182233,0.148380525,0.843880238,,,,
438,1,2,PI472632,PI472632,25.22201677,0.115235155,0.823605997,,,,
69,1,2,PI297767,PI297767,24.36891652,0.150337642,0.830475794,,,,
119,1,2,PI431631,PI431631,25.04022332,0.159210168,0.836694134,,,,
298,1,2,ILL7979,ILL7979,#N/A,#N/A,#N/A,,,,
98,1,2,PI308614,PI308614,24.21138956,0.118903722,0.822532352,,,,
349,1,2,PI431618,PI431618,29.7996656,0.158443958,0.870677483,,,,
225,1,2,ILL769,ILL769,29.70765747,0.238817037,0.890612849,,,,
186,1,2,PI319367,ILL502,#N/A,#N/A,#N/A,,,,
398,1,2,PI432085,PI432085,28.19682131,0.144602566,0.84241158,,,,
212,1,2,ILL2297,ILL2297,#N/A,#N/A,#N/A,,,,
324,1,2,PI368647,PI368647,#N/A,#N/A,#N/A,,,,
147,1,2,PI472339,PI472339,25.41793021,0.10861973,0.830071463,,,,
409,1,2,PI432005,PI432005,25.46278502,0.132519383,0.835699235,,,,
154,1,2,PI472119,PI472119,25.68280819,0.137640889,0.842939784,,,,
414,1,2,PI435954,PI435954,27.64809345,0.135508023,0.844221928,,,,
424,1,2,PI432237,PI432237,#N/A,#N/A,#N/A,,,,
377,1,2,PI472562,PI472562,24.72536354,0.135394477,0.840908223,,,,
436,1,2,PI432071,PI432071,27.22779365,0.151121897,0.836740471,,,,
1,1,2,L24,L24,30.18671663,0.217010604,0.861877657,,,,
354,1,2,W627763,W627763,25.13875773,0.137825106,0.832862263,,,,
429,1,2,PI472136,PI472136,25.25121274,0.12879474,0.838391865,,,,
255,1,2,ILL4774,ILL4774,#N/A,#N/A,#N/A,,,,
368,1,2,PI468899,PI468899,#N/A,#N/A,#N/A,,,,
164,1,2,PI426807,PI426807,28.48111545,0.205097097,0.864120275,,,,
440,1,2,PI472161,PI472161,28.52699223,0.193669615,0.833407637,,,,
267,1,2,ILL5028,ILL5028,25.91929202,0.13595637,0.843471634,,,,
411,1,2,PI468902,PI468902,31.61464647,0.154537571,0.840825393,,,,
279,1,2,ILL5626,ILL5626,27.59627335,0.183199212,0.858803395,,,,
50,1,2,ILL1939,ILL1939,#N/A,#N/A,#N/A,,,,
177,1,2,PI177442,ILL158,#N/A,#N/A,#N/A,,,,
416,1,2,PI432145,PI432145,33.81108052,0.217057625,0.85202918,,,,
388,1,2,W627782,W627782,29.93398166,0.160159094,0.852668718,,,,
210,1,2,ILL2181,ILL2181,25.11914218,0.109889199,0.854933676,,,,
361,1,2,PI508090,PI508090,27.63468282,0.13959013,0.855633143,,,,
313,1,2,PI299237,PI299237,25.16829838,0.17972135,0.84062033,,,,
218,1,2,ILL4164,ILL4164,25.78374562,0.112593173,0.82183678,,,,
61,1,2,ILL241,ILL241,#N/A,#N/A,#N/A,,,,
306,1,2,PI169534,PI169534,26.99724065,0.155258153,0.844391532,,,,
126,1,2,PI329169,PI329169,27.48457189,0.172013516,0.844901839,,,,
236,1,2,ILL7090,ILL7090,28.0002964,0.162767525,0.842375329,,,,
242,1,2,ILL7789,ILL7789,26.58205568,0.130066533,0.838243457,,,,
213,1,2,ILL2406,ILL2406,26.62091323,0.135517225,0.846648007,,,,
120,1,2,ILL969,ILL969,29.3328621,0.192872238,0.85876713,,,,
158,1,2,PI472331,PI472331,23.77754355,0.110982605,0.823736104,,,,
208,1,2,PI379372,ILL1949,28.61002352,0.195445227,0.85188906,,,,
221,1,2,ILL4471,ILL4471,#N/A,#N/A,#N/A,,,,
192,1,2,PI345638,ILL619,#N/A,#N/A,#N/A,,,,
309,1,2,PI178971,PI178971,#N/A,#N/A,#N/A,,,,
399,1,2,PI533693,PI533693,#N/A,#N/A,#N/A,,,,
204,1,2,ILL1005,ILL1005,26.5986932,0.17060664,0.859220587,,,,
353,1,2,PI429369,PI429369,26.64944492,0.14288825,0.836497856,,,,
392,1,2,PI472549,PI472549,26.06493892,0.118005809,0.829578091,,,,
299,1,2,ILL7981,ILL7981,31.18088468,0.22260339,0.864243019,,,,
190,1,2,PI343025,ILL597,#N/A,#N/A,#N/A,,,,
17,1,2,ILL10864,ILL10864,27.02508544,0.164642554,0.832256144,,,,
305,1,2,PI273664,PI273664,#N/A,#N/A,#N/A,,,,
75,1,2,PI298357,PI298357,27.07718544,0.143955405,0.842795414,,,,
334,1,2,PI431710,PI431710,29.11305134,0.183924911,0.857693705,,,,
271,1,2,ILL5416,ILL5416,#N/A,#N/A,#N/A,,,,
404,1,2,PI472488,PI472488,27.06226641,0.136095766,0.841801029,,,,
274,1,2,ILL5509,ILL5509,27.1522077,0.088098866,0.854479713,,,,
328,1,2,PI299215,PI299215,#N/A,#N/A,#N/A,,,,
330,1,2,PI431622,PI431622,26.9431224,0.117278821,0.851670881,,,,
10,1,2,ILL8006,ILL8006,24.24908964,0.106795904,0.817838874,,,,
54,1,2,PI379368,PI379368,24.01013404,0.108761554,0.854925018,,,,
300,1,2,ILL8007,ILL8007,29.66705548,0.218673089,0.869631158,,,,
362,1,2,PI472416,PI472416,27.63229084,0.157738079,0.846204321,,,,
249,1,2,ILL7774,ILL7774,24.47584635,0.101092627,0.841215821,,,,
276,1,2,ILL5533,ILL5533,23.40031469,0.079677263,0.826200278,,,,
30,1,2,ILL9951,ILL9951,#N/A,#N/A,#N/A,,,,
91,1,2,ILL454,ILL454,28.47629203,0.175076772,0.860059604,,,,
288,1,2,ILL6528,ILL6528,#N/A,#N/A,#N/A,,,,
248,1,2,ILL4875,ILL4875,23.55927185,0.095395424,0.835999077,,,,
396,1,2,PI432184,PI432184,23.89992079,0.110097856,0.843375131,,,,
122,1,2,PI431663,PI431663,24.7019412,0.1098195,0.828738489,,,,
7,1,2,PI299371,PI299371,25.31574439,0.139968557,0.838963065,,,,
223,1,2,PI298923,ILL343,28.5435719,0.183961979,0.85739242,,,,
167,1,2,PI431980,PI431980,23.56741577,0.14894946,0.842257044,,,,
99,1,2,PI320935,PI320935,23.69353453,0.12469541,0.847478631,,,,
63,1,2,PI289066,PI289066,#N/A,#N/A,#N/A,,,,
9,1,2,ILL590,ILL590,23.92045594,0.111640199,0.834326452,,,,
142,1,2,PI468901,PI468901,26.23088715,0.121678536,0.836675542,,,,
171,1,2,W627761,W627761,#N/A,#N/A,#N/A,,,,
100,1,2,PI320936,PI320936,#N/A,#N/A,#N/A,,,,
228,1,2,ILL4671,ILL4671,23.5853847,0.123411108,0.842041308,,,,
132,1,2,PI476365,PI476365,24.31739743,0.104205079,0.841185624,,,,
211,1,2,ILL2230,ILL2230,#N/A,#N/A,#N/A,,,,
216,1,2,ILL3517,ILL3517,24.43549394,0.107711443,0.836686913,,,,
308,1,2,PI250158,PI250158,28.17237412,0.182868175,0.851996938,,,,
428,1,2,PI432185,PI432185,#N/A,#N/A,#N/A,,,,
321,1,2,PI251248,PI251248,30.70814001,0.231993853,0.858894393,,,,
397,1,2,PI518732,PI518732,25.94689167,0.105161764,0.862508134,,,,
2,1,2,ILL1947,ILL1947,24.59206771,0.129883394,0.843406599,,,,
112,1,2,ILL537,ILL537,25.36115316,0.173575174,0.837747604,,,,
95,1,2,PI300250,PI300250,25.35780328,0.160479554,0.833037594,,,,
417,1,2,W627766,W627766,25.98836923,0.105675937,0.826915502,,,,
375,1,2,PI472327,PI472327,#N/A,#N/A,#N/A,,,,
26,1,2,ILL6199,ILL6199,#N/A,#N/A,#N/A,,,,
244,1,2,ILL5956,ILL5956,27.57608701,0.14195841,0.848140639,,,,
3,1,2,ILL2684,ILL2684,24.41966135,0.100336405,0.821345656,,,,
206,1,2,ILL1671,ILL1671,#N/A,#N/A,#N/A,,,,
97,1,2,ILL486,ILL486,26.97701965,0.153401162,0.828226868,,,,
117,1,2,PI431643,PI431643,22.80211716,0.089604437,0.842401759,,,,
14,1,2,ILL10825,ILL10825,24.32755836,0.121539362,0.830867115,,,,
372,1,2,PI431810,PI431810,24.19987149,0.119651092,0.829036952,,,,
146,1,2,PI431712,PI431712,28.77673752,0.158713603,0.848401364,,,,
175,1,2,ILL82,ILL82,26.96176139,0.116971418,0.842150829,,,,
371,1,2,PI472484,PI472484,29.82908811,0.201091475,0.8593071,,,,
443,1,2,PI490289,PI490289,25.76652422,0.109117008,0.855110491,,,,
373,1,2,PI472137,PI472137,27.67889135,0.155432533,0.855975987,,,,
379,1,2,PI468900,PI468900,26.23630836,0.125013749,0.853330944,,,,
231,1,2,ILL5645,ILL5645,#N/A,#N/A,#N/A,,,,
180,1,2,PI238758,ILL224,#N/A,#N/A,#N/A,,,,
418,1,2,W627759,W627759,25.72228217,0.093202547,0.831708898,,,,
381,1,2,W627765,W627765,#N/A,#N/A,#N/A,,,,
149,1,2,PI472316,PI472316,23.425856,0.094225004,0.822248767,,,,
336,1,2,PI426784,PI426784,25.85085045,0.126985221,0.839458692,,,,
265,1,2,ILL4915,ILL4915,#N/A,#N/A,#N/A,,,,
87,1,2,ILL413,ILL413,#N/A,#N/A,#N/A,,,,
196,1,2,ILL719,ILL719,#N/A,#N/A,#N/A,,,,
284,1,2,ILL6281,ILL6281,#N/A,#N/A,#N/A,,,,
181,1,2,PI289069,ILL257,29.2439851,0.215325982,0.861687667,,,,
88,1,2,PI299285,PI299285,#N/A,#N/A,#N/A,,,,
333,1,2,PI299163,PI299163,#N/A,#N/A,#N/A,,,,
18,1,2,ILL10865,ILL10865,23.41288448,0.116731447,0.818964832,,,,
145,1,2,PI472213,PI472213,36.52667703,0.283052508,0.884302297,,,,
20,1,2,ILL10947,ILL10947,24.181662,0.168030777,0.831242309,,,,
260,1,2,ILL4830,ILL4830,24.27137413,0.129699899,0.848694039,,,,
314,1,2,PI175754,PI175754,27.73514247,0.170274559,0.846812614,,,,
107,1,2,ILL513,ILL513,22.5425658,0.111287586,0.828160654,,,,
426,1,2,PI451763,PI451763,#N/A,#N/A,#N/A,,,,
346,1,2,PI339283,PI339283,24.92721031,0.118573327,0.832473395,,,,
415,1,2,PI431863,PI431863,29.93448311,0.1599901,0.858433732,,,,
28,1,2,ILL7686,ILL7686,26.85049082,0.169921193,0.831998348,,,,
199,1,2,ILL890,ILL890,22.93739083,0.135401166,0.823383674,,,,
230,1,2,ILL4857,ILL4857,#N/A,#N/A,#N/A,,,,
251,1,2,PI329158,PI329158,#N/A,#N/A,#N/A,,,,
331,1,2,PI420925,PI420925,#N/A,#N/A,#N/A,,,,
105,1,2,PI320944,PI320944,#N/A,#N/A,#N/A,,,,
322,1,2,PI250156,PI250156,#N/A,#N/A,#N/A,,,,
127,1,2,PI345627,PI345627,#N/A,#N/A,#N/A,,,,
402,1,2,PI472559,PI472559,23.00004888,0.100931413,0.828597554,,,,
8,1,2,ILL5582,ILL5582,23.11041684,0.134834482,0.830623118,,,,
37,1,2,ILL1220,ILL1220,22.831713,0.101500472,0.826041196,,,,
104,1,2,PI320941,PI320941,#N/A,#N/A,#N/A,,,,
176,1,2,PI174246,PI174246,24.15182797,0.087783283,0.827273765,,,,
220,1,2,ILL4409,ILL4409,24.77125451,0.051915836,0.83395998,,,,
19,1,2,ILL10866,ILL10866,28.04591992,0.14696567,0.842048872,,,,
58,1,2,ILL211,ILL211,23.3034334,0.16590449,0.824881915,,,,
243,1,2,ILL4782,ILL4782,27.94046942,0.1533065,0.851053072,,,,
410,1,2,PI432236,PI432236,30.43459118,0.222215193,0.868465433,,,,
133,1,2,PI472452,PI472452,24.99849471,0.132022742,0.825068761,,,,
11,1,2,ILL10284,ILL10284,26.30514015,0.165772377,0.836561304,,,,
335,1,2,PI420929,PI420929,25.83258578,0.159864407,0.829472893,,,,
64,1,2,PI289073,PI289073,26.52912018,0.140930964,0.868215184,,,,
413,1,2,PI472564,PI472564,31.19074431,0.178035173,0.86597976,,,,
143,1,2,PI518731,PI518731,26.70891213,0.131379513,0.848984622,,,,
155,1,2,PI577168,PI577168,24.58931366,0.127354132,0.846748979,,,,
332,1,2,PI431756,PI431756,26.76403886,0.122387582,0.833269483,,,,
217,1,2,ILL4152,ILL4152,25.42240384,0.107734981,0.837192531,,,,
227,1,2,ILL1890,ILL1890,26.23434995,0.129762429,0.849643052,,,,
106,1,2,PI320945,PI320945,23.80731912,0.126250459,0.837465457,,,,
76,1,2,PI298631,PI298631,30.02505133,0.185109491,0.851129458,,,,
291,1,2,ILL6870,ILL6870,25.83993495,0.141300182,0.823662852,,,,
407,1,2,PI472200,PI472200,27.46951893,0.135882047,0.840067859,,,,
188,1,2,PI339285,ILL556,26.68561602,0.106892659,0.825191132,,,,
277,1,2,ILL5553,ILL5553,24.72929918,0.110808695,0.823508321,,,,
173,1,2,PI193547,PI193547,23.6630077,0.111828503,0.841161067,,,,
183,1,2,PI297772,ILL304,#N/A,#N/A,#N/A,,,,
56,1,2,PI193817,PI193817,26.09009963,0.172203722,0.854258144,,,,
15,1,2,ILL10826,ILL10826,23.23978969,0.130355125,0.818039997,,,,
357,1,2,PI432212,PI432212,25.46522722,0.128201882,0.827789907,,,,
264,1,2,ILL4900,ILL4900,24.49488486,0.142491433,0.842702611,,,,
193,1,2,PI357225,ILL623,25.39185467,0.142936486,0.842643239,,,,
110,1,2,PI320954,PI320954,24.78472799,0.107171462,0.859987215,,,,
433,1,2,PI472194,PI472194,32.21115966,0.239337647,0.860431816,,,,
85,1,2,ILL360,ILL360,#N/A,#N/A,#N/A,,,,
185,1,2,PI311107,ILL494,28.22787731,0.157057093,0.846186162,,,,
315,1,2,PI179324,PI179324,25.25932967,0.141173801,0.832018684,,,,
77,1,2,PI298644,PI298644,#N/A,#N/A,#N/A,,,,
378,1,2,PI432286,PI432286,27.3495172,0.135815969,0.838455321,,,,
408,1,2,PI432087,PI432087,#N/A,#N/A,#N/A,,,,
337,1,2,PI299207,PI299207,28.2596392,0.138070611,0.836958813,,,,
395,1,2,PI431884,PI431884,24.07214197,0.097743455,0.837587999,,,,
96,1,2,ILL482,ILL482,#N/A,#N/A,#N/A,,,,
317,1,2,PI251032,PI251032,22.88997842,0.067157597,0.835715042,,,,
89,1,2,ILL435,ILL435,28.07451193,0.190649511,0.859306556,,,,
419,1,2,PI533690,PI533690,25.62151058,0.118124019,0.841124351,,,,
253,1,2,ILL4606,ILL4606,#N/A,#N/A,#N/A,,,,
36,1,2,PI431684,PI431684,27.34748058,0.154901633,0.868436888,,,,
215,1,2,ILL3487,ILL3487,26.10315097,0.117266784,0.848930301,,,,
65,1,2,PI289079,PI289079,#N/A,#N/A,#N/A,,,,
266,1,2,ILL4956,ILL4956,#N/A,#N/A,#N/A,,,,
111,1,2,PI329157,PI329157,23.96230713,0.121733937,0.839759372,,,,
366,1,2,PI432245,PI432245,25.19741187,0.121728561,0.843678144,,,,
312,1,2,PI207492,PI207492,25.07523297,0.155145235,0.846484413,,,,
129,1,2,ILL600,ILL600,#N/A,#N/A,#N/A,,,,
431,1,2,W627760,W627760,#N/A,#N/A,#N/A,,,,
280,1,2,ILL5639,ILL5639,26.19136554,0.177608368,0.856487675,,,,
302,1,2,ILL8114,ILL8114,23.55733463,0.108927172,0.831703009,,,,
73,1,2,PI298121,PI298121,#N/A,#N/A,#N/A,,,,
252,1,2,PI370636,ILL635,27.1371421,0.147576379,0.831796384,,,,
150,1,2,PI431753,PI431753,#N/A,#N/A,#N/A,,,,
166,1,2,PI431893,PI431893,27.17749153,0.187889143,0.860518577,,,,
22,1,2,ILL1474,ILL1474,23.94901104,0.108166895,0.840169753,,,,
224,1,2,PI299117,PI299117,26.08297359,0.141953085,0.85319734,,,,
363,1,2,W627767,W627767,24.19375403,0.126341374,0.824000619,,,,
341,1,2,PI312175,PI312175,25.26350228,0.130648141,0.83883746,,,,
72,1,2,PI298023,PI298023,28.62911706,0.179380101,0.856750173,,,,
420,1,2,W627756,W627756,#N/A,#N/A,#N/A,,,,
118,1,2,ILL906,ILL906,25.48218399,0.151584288,0.841909506,,,,
172,1,2,W627768,W627768,23.41649046,0.135007778,0.833426658,,,,
68,1,2,PI297754,PI297754,22.25436862,0.074475493,0.823050562,,,,
49,1,2,ILL1938,ILL1938,25.31522839,0.135176219,0.838639614,,,,
83,1,2,ILL357,ILL357,25.53299196,0.140273217,0.833402205,,,,
135,1,2,PI472126,PI472126,25.9328026,0.158878101,0.836054096,,,,
184,1,2,PI308611,PI308611,#N/A,#N/A,#N/A,,,,
102,1,2,ILL507,ILL507,26.1658034,0.162175609,0.844028652,,,,
311,1,2,PI426803,PI426803,#N/A,#N/A,#N/A,,,,
101,1,2,PI320937,PI320937,#N/A,#N/A,#N/A,,,,
222,1,2,ILL4605,ILL4605,25.53858591,0.085499894,0.829679942,,,,
358,1,2,PI163589,PI163589,26.91828426,0.183957356,0.838244586,,,,
287,1,2,ILL6493,ILL6493,23.37749475,0.111626496,0.819324503,,,,
235,1,2,ILL7070,ILL7070,25.44761091,0.151734317,0.850095773,,,,
191,1,2,PI343026,ILL598,#N/A,#N/A,#N/A,,,,
214,1,2,ILL3485,ILL3485,28.0981641,0.184343229,0.851739215,,,,
275,1,2,ILL5519,ILL5519,24.24817566,0.111910218,0.829728013,,,,
384,1,2,PI533688,PI533688,26.63094865,0.140259468,0.842304248,,,,
202,1,2,PI244046,ILL950,28.63634171,0.164086211,0.836479729,,,,
240,1,2,ILL7727,ILL7727,#N/A,#N/A,#N/A,,,,
6,1,2,ILL358,ILL358,23.16114316,0.082778375,0.821866249,,,,
94,1,2,ILL469,ILL469,26.6429608,0.15474009,0.855749339,,,,
44,1,2,PI290716,PI290716,22.69498993,0.108880337,0.836191245,,,,
48,1,2,PI374116,PI374116,22.56525187,0.070994128,0.822666534,,,,
283,1,2,ILL6126,ILL6126,23.6532571,0.132833964,0.833204869,,,,
421,1,2,PI472224,PI472224,28.22489603,0.145384947,0.818290233,,,,
380,1,2,PI472629,PI472629,#N/A,#N/A,#N/A,,,,
370,1,2,PI432188,PI432188,28.42722768,0.172890397,0.827468625,,,,
205,1,2,ILL1097,ILL1097,28.35910988,0.154028183,0.843875122,,,,
286,1,2,ILL6415,ILL6415,32.599777,0.211844862,0.859057163,,,,
109,1,2,PI320953,PI320953,24.29990421,0.100395337,0.835895125,,,,
320,1,2,PI193548,PI193548,24.55148047,0.142356557,0.830723538,,,,
34,1,2,PI431666,PI431666,#N/A,#N/A,#N/A,,,,
445,1,2,PI472205,PI472205,31.36991183,0.205065267,0.873953385,,,,
383,1,2,PI472383,PI472383,#N/A,#N/A,#N/A,,,,
169,1,2,PI432259,PI432259,30.99000309,0.246570551,0.877794407,,,,
234,1,2,ILL6750,ILL6750,#N/A,#N/A,#N/A,,,,
257,1,2,ILL4791,ILL4791,28.38693574,0.165796904,0.850150424,,,,
238,1,2,ILL7437,ILL7437,#N/A,#N/A,#N/A,,,,
435,1,2,PI472274,PI472274,26.3307814,0.148730211,0.83348405,,,,
51,1,2,ILL1940,ILL1940,24.80361783,0.137651137,0.825231173,,,,
269,1,2,ILL5261,ILL5261,30.00073935,0.222024011,0.852604258,,,,
32,1,2,PI431642,PI431642,25.08760649,0.173026647,0.845819782,,,,
160,1,2,PI471916,PI471916,24.99074756,0.113777501,0.852797587,,,,
113,1,2,PI339289,PI339289,22.91212717,0.092272719,0.814357835,,,,
207,1,2,ILL1861,ILL1861,29.98591155,0.177294426,0.846870577,,,,
162,1,2,PI431739,PI431739,24.49524015,0.127115887,0.83200346,,,,
250,1,2,ILL86,ILL86,26.82153742,0.173771513,0.831907127,,,,
292,1,2,ILL6925,ILL6925,#N/A,#N/A,#N/A,,,,
356,1,2,PI432147,PI432147,#N/A,#N/A,#N/A,,,,
66,1,2,PI297285,PI297285,25.76257881,0.10640821,0.842333016,,,,
360,1,2,PI472175,PI472175,32.42697008,0.203966988,0.860413684,,,,
144,1,2,PI299289,PI299289,27.37038719,0.141087698,0.854712295,,,,
103,1,2,ILL508,ILL508,28.02153951,0.13076895,0.855276268,,,,
226,1,2,ILL1649,ILL1649,30.56388095,0.184481138,0.858881714,,,,
427,1,2,PI472458,PI472458,27.49072631,0.167592424,0.844852567,,,,
121,1,2,PI431714,PI431714,26.85921204,0.160184918,0.85032459,,,,
203,1,2,ILL956,ILL956,27.47710481,0.155041105,0.846245985,,,,
23,1,2,ILL5537,ILL5537,25.97979966,0.148275101,0.84573108,,,,
406,1,2,PI518733,PI518733,#N/A,#N/A,#N/A,,,,
247,1,2,ILL4781,ILL4781,24.69668984,0.139245118,0.840163149,,,,
343,1,2,PI431717,PI431717,25.92834659,0.116528103,0.83669498,,,,
245,1,2,ILL1706,ILL1706,26.86142749,0.162244844,0.832103618,,,,
29,1,2,ILL8614,ILL8614,24.26313572,0.155621285,0.831168068,,,,
40,1,2,ILL186,ILL186,25.22413375,0.14645129,0.851140019,,,,
229,1,2,ILL4831,ILL4831,25.71077613,0.127553017,0.827182139,,,,
178,1,2,PI181771,PI181771,#N/A,#N/A,#N/A,,,,
293,1,2,ILL6994,ILL6994,26.81071974,0.151638688,0.833541817,,,,
53,1,2,PI374121,PI374121,23.62756184,0.140039108,0.841761814,,,,
21,1,2,ILL1460,ILL1460,25.97280767,0.131430184,0.833182187,,,,
5,1,2,ILL353,ILL353,25.10246767,0.149841434,0.833158416,,,,
385,1,2,PI431824,PI431824,25.27810929,0.147986287,0.827517579,,,,
262,1,2,ILL4886,ILL4886,26.03445839,0.097456895,0.837536182,,,,
47,1,2,PI368651,PI368651,23.23071025,0.138484043,0.85652444,,,,
27,1,2,ILL6783,ILL6783,#N/A,#N/A,#N/A,,,,
67,1,2,PI297287,PI297287,26.46102069,0.12061774,0.851613246,,,,
41,1,2,PI283604,PI283604,24.80793526,0.133532597,0.838974972,,,,
82,1,2,PI299116,PI299116,23.37086341,0.07001157,0.821234713,,,,
16,1,2,ILL10863,ILL10863,31.51456171,0.24470226,0.872738888,,,,
342,1,2,PI431613,PI431613,27.85186901,0.187772577,0.850208419,,,,
325,1,2,PI429838,PI429838,23.02504676,0.122989358,0.823829064,,,,
316,1,2,PI217949,PI217949,25.51950455,0.145369863,0.839083336,,,,
296,1,2,ILL7650,ILL7650,24.48282198,0.109644029,0.83887536,,,,
45,1,2,ILL1922,ILL1922,24.67808992,0.140704321,0.838200592,,,,
232,1,2,ILL6149,ILL6149,31.11388478,0.178106561,0.886684211,,,,
289,1,2,ILL6644,ILL6644,23.62099679,0.125028349,0.83161794,,,,
90,1,2,ILL440,ILL440,24.48228591,0.12152391,0.816315847,,,,
39,1,2,ILL167,ILL167,26.85373818,0.165469536,0.863824679,,,,
31,1,2,PI431640,PI431640,26.06938075,0.169747051,0.847134744,,,,
344,1,2,PI299164,PI299164,27.1365814,0.148790618,0.864341695,,,,
263,1,2,ILL4899,ILL4899,30.98682609,0.177391251,0.87867327,,,,
201,1,2,PI165586,ILL931,#N/A,#N/A,#N/A,,,,
386,1,2,PI432124,PI432124,#N/A,#N/A,#N/A,,,,
153,1,2,PI472354,PI472354,27.9971853,0.17217903,0.846838661,,,,
446,1,2,W627754,W627754,23.30654072,0.077911155,0.807973319,,,,
241,1,2,ILL7745,ILL7745,26.04302268,0.156945425,0.849111945,,,,
359,1,2,PI472122,PI472122,30.63744329,0.198700006,0.863213328,,,,
390,1,2,PI432033,PI432033,30.52487809,0.228095831,0.875879542,,,,
437,1,2,PI472561,PI472561,26.10573656,0.118076306,0.817761674,,,,
319,1,2,PI181886,PI181886,#N/A,#N/A,#N/A,,,,
278,1,2,ILL5595,ILL5595,25.58163607,0.161761788,0.842449271,,,,
62,1,2,PI280686,PI280686,#N/A,#N/A,#N/A,,,,
179,1,2,PI229611,ILL223,24.28769048,0.128313761,0.836970103,,,,
189,1,2,PI343023,ILL595,26.22976405,0.131676592,0.832103269,,,,
364,1,2,PI533691,PI533691,28.63391992,0.169825428,0.860161129,,,,
12,1,2,ILL10690,ILL10690,25.6432106,0.176317203,0.846551504,,,,
339,1,2,PI420924,PI420924,27.69695785,0.153232943,0.83871294,,,,
136,1,2,PI431888,PI431888,24.62546883,0.113122339,0.833787007,,,,
303,1,2,PI178939,PI178939,#N/A,#N/A,#N/A,,,,
140,1,2,PI472195,PI472195,26.57634119,0.152626109,0.826986402,,,,
310,1,2,PI251784,PI251784,#N/A,#N/A,#N/A,,,,
272,1,2,ILL5424,ILL5424,#N/A,#N/A,#N/A,,,,
200,1,2,ILL918,ILL918,24.51187201,0.076066022,0.826605971,,,,
151,1,2,PI472188,PI472188,28.35026315,0.195611049,0.855389697,,,,
137,1,2,PI431780,PI431780,21.19034772,0.106595858,0.805747711,,,,
329,1,2,PI431731,PI431731,27.31226426,0.112110663,0.825333354,,,,
170,1,2,PI472380,PI472380,27.668517,0.180231897,0.860254594,,,,
93,1,2,PI299366,PI299366,27.86581144,0.156802425,0.853619055,,,,
84,1,2,ILL359,ILL359,27.27699908,0.130905946,0.838485962,,,,
258,1,2,ILL4804,ILL4804,#N/A,#N/A,#N/A,,,,
351,1,2,PI426797,PI426797,27.36934571,0.143797768,0.854854073,,,,
209,1,2,ILL1959,ILL1959,#N/A,#N/A,#N/A,,,,
340,1,2,PI431809,PI431809,27.02457097,0.162800286,0.859187868,,,,
294,1,2,ILL7012,ILL7012,23.87558829,0.140631965,0.834648743,,,,
432,1,2,W627758,W627758,27.16374648,0.174652943,0.840163321,,,,
159,1,2,PI432059,PI432059,25.71960665,0.175741026,0.848108137,,,,
74,1,2,PI298122,PI298122,#N/A,#N/A,#N/A,,,,
326,1,2,PI299351,PI299351,29.01036669,0.211045788,0.86184215,,,,
352,1,2,PI431630,PI431630,27.03396272,0.126756108,0.838481059,,,,
256,1,2,ILL4778,ILL4778,24.32162909,0.130193401,0.836533624,,,,
116,1,2,ILL589,ILL589,26.48470165,0.134087447,0.848029406,,,,
365,1,2,PI431987,PI431987,26.06983609,0.142231808,0.834779498,,,,
403,1,2,PI472143,PI472143,25.69504486,0.132936444,0.855350019,,,,
197,1,2,ILL840,ILL840,26.29853228,0.157323523,0.843381466,,,,
301,1,2,ILL8010,ILL8010,24.90808301,0.121910111,0.825230299,,,,
304,1,2,PI212100,PI212100,#N/A,#N/A,#N/A,,,,
46,1,2,ILL1924,ILL1924,#N/A,#N/A,#N/A,,,,
125,1,2,PI431656,PI431656,26.97979364,0.170264199,0.839960245,,,,
134,1,2,PI472535,PI472535,25.34746727,0.118026872,0.83790465,,,,
441,1,2,PI432201,PI432201,27.46094229,0.160700368,0.849171852,,,,
219,1,2,ILL4345,ILL4345,26.87168493,0.117174881,0.840753201,,,,
350,1,2,PI431633,PI431633,26.45694003,0.172079932,0.840007206,,,,
108,1,2,PI320952,PI320952,26.73235602,0.15468826,0.850093382,,,,
24,1,2,ILL5988,ILL5988,26.816709,0.178525032,0.835682053,,,,
123,1,2,PI358602,PI358602,21.70160647,0.095018484,0.828818087,,,,
282,1,2,ILL5968,ILL5968,26.0979265,0.16279903,0.835879406,,,,
78,1,2,PI298645,PI298645,#N/A,#N/A,#N/A,,,,
70,1,2,PI297787,PI297787,30.78469123,0.159065168,0.84040377,,,,
290,1,2,ILL6848,ILL6848,29.09193737,0.229372962,0.861683163,,,,
168,1,2,PI432000,PI432000,26.01516218,0.141330268,0.856018914,,,,
33,1,2,PI329167,PI329167,28.34792053,0.1854233,0.85941619,,,,
86,1,2,PI299177,PI299177,26.32941502,0.151882444,0.83540261,,,,
423,1,2,PI432028,PI432028,#N/A,#N/A,#N/A,,,,
60,1,2,ILL217,ILL217,23.64152037,0.116799729,0.852534699,,,,
405,1,2,W627762,W627762,26.07748405,0.114822417,0.834096634,,,,
237,1,2,ILL7108,ILL7108,#N/A,#N/A,#N/A,,,,
261,1,2,ILL4841,ILL4841,25.77215294,0.140017072,0.825087175,,,,
281,1,2,ILL5653,ILL5653,#N/A,#N/A,#N/A,,,,
412,1,2,W627780,W627780,27.93835173,0.127092898,0.845610484,,,,
148,1,2,PI412922,PI412922,24.98780295,0.107079987,0.834036331,,,,
182,1,2,PI297284,PI297284,24.47411825,0.112196497,0.840016462,,,,
35,1,2,PI431675,PI431675,#N/A,#N/A,#N/A,,,,
268,1,2,ILL5151,ILL5151,31.99670802,0.279739079,0.885495012,,,,
131,1,2,PI299121,PI299121,#N/A,#N/A,#N/A,,,,
391,1,2,PI471917,PI471917,25.61970263,0.130109275,0.840084865,,,,
195,1,2,ILL705,ILL705,31.02971887,0.218247778,0.87327428,,,,
38,1,2,ILL151,ILL151,#N/A,#N/A,#N/A,,,,
400,1,2,PI458503,PI458503,31.01360113,0.161914903,0.85742107,,,,
254,1,2,ILL4738,ILL4738,22.35067608,0.05834718,0.824073382,,,,
239,1,2,ILL7495,ILL7495,29.06920347,0.190053081,0.865766257,,,,
259,1,2,ILL4819,ILL4819,#N/A,#N/A,#N/A,,,,
297,1,2,ILL7978,ILL7978,29.04721527,0.21477672,0.844037698,,,,
174,1,2,ILL71,ILL71,25.17387299,0.126528571,0.841230631,,,,
376,1,2,PI432002,PI432002,28.0171575,0.192620468,0.857016355,,,,
394,1,2,PI472588,PI472588,23.53774047,0.100583772,0.819142153,,,,
295,1,2,ILL7084,ILL7084,#N/A,#N/A,#N/A,,,,
323,1,2,PI211602,ILL213,21.67497274,0.12341382,0.820383879,,,,
115,1,2,ILL567,ILL567,#N/A,#N/A,#N/A,,,,
25,1,2,ILL6001,ILL6001,24.57850363,0.15961607,0.852596961,,,,
156,1,2,PI431873,PI431873,25.34381374,0.140363125,0.840798415,,,,
367,1,2,PI486128,PI486128,30.50997764,0.144044434,0.879644076,,,,
307,1,2,PI182217,PI182217,32.43955793,0.250702549,0.900954138,,,,
338,1,2,PI299120,PI299120,26.21403393,0.120100611,0.837623555,,,,
81,1,2,ILL344,ILL344,26.16775846,0.1689349,0.834852318,,,,
389,1,2,PI451766,PI451766,26.11364596,0.116420128,0.866868264,,,,
233,1,2,ILL6406,ILL6406,31.15734679,0.220260707,0.880115823,,,,
187,1,2,PI339279,ILL550,27.81563993,0.174871313,0.834276421,,,,
114,1,2,PI339292,PI339292,25.88915506,0.140661268,0.839488925,,,,
157,1,2,PI431624,PI431624,23.44331111,0.10830197,0.847610662,,,,
194,1,2,PI357226,ILL624,24.4161187,0.075100261,0.835459825,,,,
165,1,2,PI431774,PI431774,28.99978085,0.200611374,0.879803109,,,,
13,1,2,ILL10810,ILL10810,28.85437696,0.240714527,0.864504804,,,,
52,1,2,PI374120,PI374120,23.34252998,0.071510089,0.830428395,,,,
198,1,2,ILL858,ILL858,24.74114343,0.133643269,0.835141736,,,,
70,2,2,PI297787,PI297787,20.75448738,0.115235069,0.833818033,,,,
168,2,2,PI432000,PI432000,24.0990148,0.124954967,0.865280493,,,,
435,2,2,PI472274,PI472274,22.67989273,0.107879515,0.818927473,,,,
15,2,2,ILL10826,ILL10826,26.81426898,0.176126792,0.842896539,,,,
137,2,2,PI431780,PI431780,22.41935282,0.159706327,0.840244681,,,,
81,2,2,ILL344,ILL344,26.8460166,0.14421504,0,,,,
240,2,2,ILL7727,ILL7727,0,0,0,,,,
415,2,2,PI431863,PI431863,21.8112723,0.093711604,0.84024606,,,,
219,2,2,ILL4345,ILL4345,28.85163485,0.169660968,0,,,,
350,2,2,PI431633,PI431633,27.38042234,0.179508479,0.839430938,,,,
173,2,2,PI193547,PI193547,22.47338616,0.106979197,0.843891278,,,,
18,2,2,ILL10865,ILL10865,29.75576395,0.186424503,0.839843712,,,,
41,2,2,PI283604,PI283604,0,0,0,,,,
14,2,2,ILL10825,ILL10825,23.02665639,0.139617921,0.846298551,,,,
265,2,2,ILL4915,ILL4915,22.24399024,0.127850905,0.827392156,,,,
238,2,2,ILL7437,ILL7437,0,0,0,,,,
117,2,2,PI431643,PI431643,23.99683274,0.1049739,0.840845626,,,,
428,2,2,PI432185,PI432185,23.55888177,0.115020973,0.85031143,,,,
175,2,2,ILL82,ILL82,23.83099044,0.114134518,0.860841495,,,,
65,2,2,PI289079,PI289079,0,0,0,,,,
214,2,2,ILL3485,ILL3485,0,0,0,,,,
372,2,2,PI431810,PI431810,22.90395278,0.120549587,0.83583872,,,,
259,2,2,ILL4819,ILL4819,0,0,0,,,,
233,2,2,ILL6406,ILL6406,20.70211625,0.082990139,0.824592281,,,,
213,2,2,ILL2406,ILL2406,21.23349567,0.195478207,0.824735056,,,,
268,2,2,ILL5151,ILL5151,22.69977747,0.139915106,0.835669123,,,,
397,2,2,PI518732,PI518732,0,0,0,,,,
199,2,2,ILL890,ILL890,22.5900079,0.095076926,0.820560386,,,,
122,2,2,PI431663,PI431663,21.04110609,0.117116617,0.827202545,,,,
223,2,2,PI298923,ILL343,25.5166413,0.145792185,0,,,,
218,2,2,ILL4164,ILL4164,20.76379698,0.111212699,0.83843089,,,,
246,2,2,ILL2231,ILL2231,22.41750151,0.088435549,0.820772042,,,,
354,2,2,W627763,W627763,0,0,0,,,,
114,2,2,PI339292,PI339292,27.97782592,0.181911469,0,,,,
263,2,2,ILL4899,ILL4899,22.17256315,0.091474553,0.833988404,,,,
73,2,2,PI298121,PI298121,25.01629629,0.143043973,0,,,,
320,2,2,PI193548,PI193548,24.07077321,0.116069555,0.829146316,,,,
336,2,2,PI426784,PI426784,21.89392399,0.102374097,0.817358795,,,,
118,2,2,ILL906,ILL906,24.3259359,0.106815355,0.837606755,,,,
32,2,2,PI431642,PI431642,24.22999083,0.159186116,0.840624253,,,,
164,2,2,PI426807,PI426807,25.52796401,0.132516538,0.844030528,,,,
29,2,2,ILL8614,ILL8614,21.60942869,0.112487768,0.818803804,,,,
48,2,2,PI374116,PI374116,26.69301361,0.109134819,0.854280679,,,,
165,2,2,PI431774,PI431774,27.50486862,0.14063755,0,,,,
248,2,2,ILL4875,ILL4875,20.14360257,0.070645286,0.816821376,,,,
392,2,2,PI472549,PI472549,25.08034481,0.168399673,0.875234739,,,,
334,2,2,PI431710,PI431710,23.80479388,0.107031599,0.837439669,,,,
126,2,2,PI329169,PI329169,23.19208493,0.16260654,0.839614724,,,,
243,2,2,ILL4782,ILL4782,25.23579188,0.121053942,0.848506087,,,,
196,2,2,ILL719,ILL719,23.27911032,0.088973838,0.84520624,,,,
63,2,2,PI289066,PI289066,26.11844825,0.16170318,0,,,,
433,2,2,PI472194,PI472194,23.42011631,0.088061254,0,,,,
151,2,2,PI472188,PI472188,23.56970558,0.127409099,0.836732945,,,,
83,2,2,ILL357,ILL357,22.87362456,0.135892741,0.854169995,,,,
418,2,2,W627759,W627759,21.26521708,0.139186807,0.840759482,,,,
389,2,2,PI451766,PI451766,0,0,0,,,,
115,2,2,ILL567,ILL567,25.84095923,0.143766398,0,,,,
155,2,2,PI577168,PI577168,0,0,0,,,,
195,2,2,ILL705,ILL705,24.55325241,0.141478604,0.841629804,,,,
191,2,2,PI343026,ILL598,22.54781826,0.131732762,0.8271624,,,,
78,2,2,PI298645,PI298645,22.75407839,0.138603349,0.834561557,,,,
99,2,2,PI320935,PI320935,21.90240874,0.118190685,0.848545258,,,,
61,2,2,ILL241,ILL241,0,0,0,,,,
26,2,2,ILL6199,ILL6199,0,0,0.742926817,,,,
88,2,2,PI299285,PI299285,23.63336357,0.148277965,0.844702692,,,,
193,2,2,PI357225,ILL623,22.46249767,0.091983484,0.849176216,,,,
64,2,2,PI289073,PI289073,0,0,0,,,,
377,2,2,PI472562,PI472562,21.44852906,0.072097156,0.814572513,,,,
149,2,2,PI472316,PI472316,19.70371032,0.103505306,0.815458857,,,,
310,2,2,PI251784,PI251784,26.77547647,0.146062371,0.860562772,,,,
62,2,2,PI280686,PI280686,26.8155375,0.167617642,0,,,,
211,2,2,ILL2230,ILL2230,22.67640365,0.146983898,0.849061432,,,,
364,2,2,PI533691,PI533691,22.13193198,0.077274533,0.837109351,,,,
103,2,2,ILL508,ILL508,0,0,0,,,,
39,2,2,ILL167,ILL167,27.41007773,0.141027012,0.858416254,,,,
97,2,2,ILL486,ILL486,30.18437724,0.204728247,0.878845778,,,,
361,2,2,PI508090,PI508090,23.16206498,0.123623114,0.828986379,,,,
11,2,2,ILL10284,ILL10284,24.58579239,0.1319113,0.836098815,,,,
367,2,2,PI486128,PI486128,21.98037335,0.055190656,0.811658039,,,,
229,2,2,ILL4831,ILL4831,24.45045093,0.157385639,0.837701054,,,,
307,2,2,PI182217,PI182217,23.51085806,0.11405918,0.834140676,,,,
358,2,2,PI163589,PI163589,24.17658369,0.147737847,0.836562608,,,,
325,2,2,PI429838,PI429838,22.11631275,0.132418097,0.839093942,,,,
266,2,2,ILL4956,ILL4956,22.8405593,0.100588801,0.828907094,,,,
186,2,2,PI319367,ILL502,24.01157945,0.128060065,0.83681075,,,,
300,2,2,ILL8007,ILL8007,21.44702028,0.130520456,0.824236288,,,,
269,2,2,ILL5261,ILL5261,22.34946389,0.112148415,0.8260973,,,,
176,2,2,PI174246,PI174246,21.37587357,0.125980007,0.831284242,,,,
92,2,2,PI299354,PI299354,25.75039352,0.155891626,0.856548455,,,,
56,2,2,PI193817,PI193817,27.60724383,0.151718648,0.846430608,,,,
359,2,2,PI472122,PI472122,22.42461316,0.117370049,0.833227442,,,,
317,2,2,PI251032,PI251032,0,0,0,,,,
22,2,2,ILL1474,ILL1474,26.77549193,0.14105791,0.848435567,,,,
271,2,2,ILL5416,ILL5416,21.68580017,0.093005153,0.842002133,,,,
261,2,2,ILL4841,ILL4841,23.52593571,0.137128964,0.821548883,,,,
440,2,2,PI472161,PI472161,0,0,0,,,,
90,2,2,ILL440,ILL440,23.73913216,0.314671736,0.838560503,,,,
302,2,2,ILL8114,ILL8114,23.12339963,0.117375831,0.844547515,,,,
338,2,2,PI299120,PI299120,20.76866775,0.097947678,0.831144295,,,,
205,2,2,ILL1097,ILL1097,24.40304759,0.131922262,0.844359641,,,,
411,2,2,PI468902,PI468902,23.46041729,0.101040936,0.837337865,,,,
324,2,2,PI368647,PI368647,20.97108162,0.104076581,0.827633164,,,,
16,2,2,ILL10863,ILL10863,0,0,0,,,,
54,2,2,PI379368,PI379368,24.83788708,0.098723538,0.863396913,,,,
258,2,2,ILL4804,ILL4804,0,0,0,,,,
322,2,2,PI250156,PI250156,20.40120599,0.083011758,0.815322479,,,,
255,2,2,ILL4774,ILL4774,22.46656409,0.095245896,0.83025579,,,,
12,2,2,ILL10690,ILL10690,26.47669368,0.174396496,0,,,,
291,2,2,ILL6870,ILL6870,21.77829825,0.095316744,0.831474015,,,,
119,2,2,PI431631,PI431631,24.38280364,0.31199563,0.844060254,,,,
395,2,2,PI431884,PI431884,21.78455152,0.111096968,0.83034978,,,,
2,2,2,ILL1947,ILL1947,27.66156143,0.1363807,0.863571161,,,,
341,2,2,PI312175,PI312175,22.33945617,0.134601894,0.833916242,,,,
183,2,2,PI297772,ILL304,21.05684019,0.242172872,0.821814955,,,,
60,2,2,ILL217,ILL217,24.35573106,0.093455619,0.846525727,,,,
147,2,2,PI472339,PI472339,22.20584785,0.133655397,0.824418141,,,,
102,2,2,ILL507,ILL507,22.61637828,0.145264316,0.845261205,,,,
292,2,2,ILL6925,ILL6925,22.93310696,0.137567428,0.846903324,,,,
24,2,2,ILL5988,ILL5988,27.94681417,0.178925707,0.853529843,,,,
132,2,2,PI476365,PI476365,20.4337414,0.089428023,0.832042278,,,,
370,2,2,PI432188,PI432188,23.48255469,0.115591874,0.835086774,,,,
96,2,2,ILL482,ILL482,22.59782766,0.122350523,0.815896573,,,,
121,2,2,PI431714,PI431714,0,0,0,,,,
76,2,2,PI298631,PI298631,20.84685003,0.118169046,0.825499651,,,,
305,2,2,PI273664,PI273664,0,0,0,,,,
314,2,2,PI175754,PI175754,23.61543018,0.100980167,0.824098713,,,,
178,2,2,PI181771,PI181771,0,0,0,,,,
66,2,2,PI297285,PI297285,22.73928842,0.087221283,0.831619467,,,,
262,2,2,ILL4886,ILL4886,23.02836128,0.124569045,0.828149228,,,,
427,2,2,PI472458,PI472458,25.16463335,0.111323073,0.839806666,,,,
6,2,2,ILL358,ILL358,25.41927833,0.195740692,0.848048725,,,,
254,2,2,ILL4738,ILL4738,22.25100886,0.135231474,0.836860997,,,,
396,2,2,PI432184,PI432184,22.83152272,0.143053975,0.83201939,,,,
278,2,2,ILL5595,ILL5595,23.08067744,0.148873702,0.85013888,,,,
34,2,2,PI431666,PI431666,0,0,0,,,,
340,2,2,PI431809,PI431809,22.75890979,0.134372467,0.836308343,,,,
77,2,2,PI298644,PI298644,21.30469098,0.105923428,0.830176595,,,,
357,2,2,PI432212,PI432212,0,0,0,,,,
148,2,2,PI412922,PI412922,23.63524372,0.105008827,0.835695032,,,,
5,2,2,ILL353,ILL353,24.72627682,0.153449676,0.826214577,,,,
123,2,2,PI358602,PI358602,19.69922184,0.096617011,0.819889156,,,,
131,2,2,PI299121,PI299121,22.56465304,0.089329046,0.851934319,,,,
414,2,2,PI435954,PI435954,24.4514889,0.145161154,0.852766796,,,,
135,2,2,PI472126,PI472126,23.46913164,0.125432251,0.846056878,,,,
326,2,2,PI299351,PI299351,23.3867083,0.110456882,0.820776083,,,,
184,2,2,PI308611,PI308611,22.04319778,0.129779625,0,,,,
309,2,2,PI178971,PI178971,20.9156167,0.065470215,0.81934354,,,,
432,2,2,W627758,W627758,22.06080961,0.09728378,0.827512761,,,,
28,2,2,ILL7686,ILL7686,24.73356184,0.111806485,0.823236295,,,,
319,2,2,PI181886,PI181886,24.37727262,0.113782723,0,,,,
251,2,2,PI329158,PI329158,22.26369578,0.139486296,0.841964697,,,,
400,2,2,PI458503,PI458503,20.18547514,0.038667043,0.827662219,,,,
86,2,2,PI299177,PI299177,0,0,0,,,,
306,2,2,PI169534,PI169534,21.22363147,0.095861444,0.847511591,,,,
27,2,2,ILL6783,ILL6783,26.0720896,0.197646931,0.839754058,,,,
245,2,2,ILL1706,ILL1706,19.65877809,0.085165925,0.816110274,,,,
379,2,2,PI468900,PI468900,21.6181534,0.101612509,0.845028067,,,,
94,2,2,ILL469,ILL469,24.80271375,0.328155975,0.849689048,,,,
221,2,2,ILL4471,ILL4471,23.13644333,0.094165012,0.849664261,,,,
87,2,2,ILL413,ILL413,0,0,0,,,,
237,2,2,ILL7108,ILL7108,23.77837186,0.16437928,0.871478606,,,,
134,2,2,PI472535,PI472535,23.28748665,0.101638949,0.821970697,,,,
332,2,2,PI431756,PI431756,24.02673713,0.12113296,0.838067644,,,,
101,2,2,PI320937,PI320937,20.9104462,0.104362629,0.819712695,,,,
154,2,2,PI472119,PI472119,21.5379052,0.091146755,0.816042843,,,,
247,2,2,ILL4781,ILL4781,23.95606737,0.10399668,0.829439688,,,,
36,2,2,PI431684,PI431684,24.392233,0.11584505,0.856207265,,,,
343,2,2,PI431717,PI431717,0,0,0,,,,
383,2,2,PI472383,PI472383,22.17457212,0.145179362,0.832220752,,,,
313,2,2,PI299237,PI299237,22.76824216,0.115275948,0.839114807,,,,
108,2,2,PI320952,PI320952,26.9643196,0.165848376,0,,,,
7,2,2,PI299371,PI299371,29.03751244,0.181938412,0.855934035,,,,
267,2,2,ILL5028,ILL5028,25.00757302,0.144307573,0.845468357,,,,
82,2,2,PI299116,PI299116,22.50121178,0.09994212,0.842258952,,,,
127,2,2,PI345627,PI345627,0,0,0,,,,
25,2,2,ILL6001,ILL6001,26.84119434,0.176343824,0.841134684,,,,
222,2,2,ILL4605,ILL4605,24.78842819,0.129749492,0.842074221,,,,
68,2,2,PI297754,PI297754,20.41184651,0.042329351,0.830388483,,,,
335,2,2,PI420929,PI420929,21.08660167,0.126119147,0.826104733,,,,
35,2,2,PI431675,PI431675,27.34441286,0.174116697,0.857515552,,,,
110,2,2,PI320954,PI320954,24.60864017,0.175374058,0.860456751,,,,
159,2,2,PI432059,PI432059,23.66308717,0.150595103,0.843027456,,,,
216,2,2,ILL3517,ILL3517,21.87594535,0.083264487,0.827401417,,,,
274,2,2,ILL5509,ILL5509,0,0,0,,,,
283,2,2,ILL6126,ILL6126,22.36421277,0.05318341,0.821330629,,,,
311,2,2,PI426803,PI426803,0,0,0,,,,
177,2,2,PI177442,ILL158,24.52950544,0.196406263,0.869769554,,,,
333,2,2,PI299163,PI299163,20.70463062,0.104484391,0.83058982,,,,
204,2,2,ILL1005,ILL1005,24.1831495,0.124600813,0.834387749,,,,
8,2,2,ILL5582,ILL5582,24.61658331,0.119414024,0.836440945,,,,
443,2,2,PI490289,PI490289,20.95185906,0.101718672,0.830394329,,,,
231,2,2,ILL5645,ILL5645,0,0,0,,,,
215,2,2,ILL3487,ILL3487,21.98248235,0.088682575,0.823410427,,,,
84,2,2,ILL359,ILL359,23.26128926,0.140931548,0.844868875,,,,
174,2,2,ILL71,ILL71,23.2707609,0.11200126,0.841834657,,,,
308,2,2,PI250158,PI250158,22.44967921,0.092934089,0.821481484,,,,
202,2,2,PI244046,ILL950,24.59381931,0.147761521,0.841272626,,,,
130,2,2,PI431636,PI431636,21.43188247,0.107436437,0.837043259,,,,
158,2,2,PI472331,PI472331,21.87696962,0.117245587,0.841571065,,,,
9,2,2,ILL590,ILL590,25.92191634,0.139576956,0.831481384,,,,
144,2,2,PI299289,PI299289,24.36818827,0.109576229,0.845396788,,,,
352,2,2,PI431630,PI431630,22.59767438,0.063470253,0.820635613,,,,
281,2,2,ILL5653,ILL5653,31.84271345,0.371606851,0,,,,
339,2,2,PI420924,PI420924,25.43291857,0.211359864,0.878468964,,,,
190,2,2,PI343025,ILL597,0,0,0,,,,
113,2,2,PI339289,PI339289,28.68638128,0.216983393,0,,,,
290,2,2,ILL6848,ILL6848,23.9673748,0.12191814,0.837919145,,,,
295,2,2,ILL7084,ILL7084,27.54431501,0.174150151,0,,,,
136,2,2,PI431888,PI431888,23.56264194,0.296185909,0.845467373,,,,
380,2,2,PI472629,PI472629,23.54766483,0.110456477,0.828998205,,,,
52,2,2,PI374120,PI374120,28.45126133,0.191465568,0.849319763,,,,
293,2,2,ILL6994,ILL6994,23.98279396,0.12054637,0.839775003,,,,
419,2,2,PI533690,PI533690,22.74779779,0.091793666,0.832548566,,,,
91,2,2,ILL454,ILL454,22.94629857,0.125788082,0.839004048,,,,
299,2,2,ILL7981,ILL7981,24.4810856,0.144052328,0.83225271,,,,
410,2,2,PI432236,PI432236,24.50257344,0.12762989,0.84339466,,,,
437,2,2,PI472561,PI472561,23.14858355,0.146023475,0.838211863,,,,
19,2,2,ILL10866,ILL10866,27.03324783,0.148021341,0.835291313,,,,
210,2,2,ILL2181,ILL2181,23.46281031,0.109659711,0,,,,
360,2,2,PI472175,PI472175,22.05519284,0.060839501,0.80974738,,,,
288,2,2,ILL6528,ILL6528,23.31424403,0.10280536,0.851525129,,,,
412,2,2,W627780,W627780,0,0,0,,,,
315,2,2,PI179324,PI179324,25.02283429,0.157017868,0,,,,
180,2,2,PI238758,ILL224,23.54898361,0.112302198,0,,,,
304,2,2,PI212100,PI212100,23.2068027,0.127705665,0.851367749,,,,
242,2,2,ILL7789,ILL7789,0,0,0,,,,
185,2,2,PI311107,ILL494,27.13963034,0.159631094,0.841057182,,,,
356,2,2,PI432147,PI432147,0,0,0,,,,
10,2,2,ILL8006,ILL8006,23.99994627,0.127739,0.808990841,,,,
112,2,2,ILL537,ILL537,22.23603874,0.10005024,0.835009601,,,,
394,2,2,PI472588,PI472588,25.87213638,0.127990467,0.855277196,,,,
198,2,2,ILL858,ILL858,24.4089047,0.097406689,0.839880849,,,,
38,2,2,ILL151,ILL151,24.3502976,0.108040669,0.841808684,,,,
200,2,2,ILL918,ILL918,26.0994363,0.152285849,0.856305971,,,,
407,2,2,PI472200,PI472200,0,0,0,,,,
235,2,2,ILL7070,ILL7070,24.62414009,0.150820735,0.845787182,,,,
429,2,2,PI472136,PI472136,23.24240275,0.110641146,0.840378583,,,,
385,2,2,PI431824,PI431824,23.45752732,0.120063568,0.835682297,,,,
329,2,2,PI431731,PI431731,24.75027617,0.118375149,0.842831884,,,,
46,2,2,ILL1924,ILL1924,26.30222274,0.147031801,0.857077418,,,,
252,2,2,PI370636,ILL635,21.83665781,0.120130924,0.826822841,,,,
386,2,2,PI432124,PI432124,22.10392632,0.131186979,0.840818143,,,,
445,2,2,PI472205,PI472205,25.19913473,0.162432653,0.836331935,,,,
160,2,2,PI471916,PI471916,0,0,0,,,,
312,2,2,PI207492,PI207492,0,0,0,,,,
30,2,2,ILL9951,ILL9951,25.36942453,0.115950471,0.859443808,,,,
129,2,2,ILL600,ILL600,25.08860724,0.163457042,0.849601799,,,,
426,2,2,PI451763,PI451763,24.47524528,0.114679601,0.844615325,,,,
171,2,2,W627761,W627761,0,0,0,,,,
95,2,2,PI300250,PI300250,0,0,0,,,,
282,2,2,ILL5968,ILL5968,22.19341505,0.152850689,0.83617675,,,,
13,2,2,ILL10810,ILL10810,0,0,0,,,,
53,2,2,PI374121,PI374121,28.37270589,0.164801781,0.829817455,,,,
381,2,2,W627765,W627765,0,0,0,,,,
436,2,2,PI432071,PI432071,24.15322439,0.060993085,0.828802288,,,,
391,2,2,PI471917,PI471917,23.04149909,0.08819625,0.834099306,,,,
362,2,2,PI472416,PI472416,20.91717294,0.104803416,0.825598433,,,,
404,2,2,PI472488,PI472488,22.88432356,0.13198883,0.833568546,,,,
399,2,2,PI533693,PI533693,0,0,0,,,,
3,2,2,ILL2684,ILL2684,25.10269786,0.119747547,0.839883882,,,,
194,2,2,PI357226,ILL624,20.3863054,0.09478994,0.83378683,,,,
120,2,2,ILL969,ILL969,22.98112458,0.142960163,0.823761761,,,,
316,2,2,PI217949,PI217949,22.47075142,0.119399726,0.815250008,,,,
182,2,2,PI297284,PI297284,22.59747182,0.107639321,0.836104795,,,,
416,2,2,PI432145,PI432145,24.1832719,0.132597485,0.841651159,,,,
423,2,2,PI432028,PI432028,0,0,0,,,,
368,2,2,PI468899,PI468899,0,0,0,,,,
220,2,2,ILL4409,ILL4409,21.99289939,0.111387045,0.842665501,,,,
167,2,2,PI431980,PI431980,26.54080323,0.148070617,0.855439839,,,,
264,2,2,ILL4900,ILL4900,20.56335983,0.151980873,0.838573777,,,,
363,2,2,W627767,W627767,21.92656972,0.108062718,0.822827186,,,,
206,2,2,ILL1671,ILL1671,22.39996504,0.120743189,0.842625089,,,,
1,2,2,L24,L24,23.49829365,0.124522861,0.84865761,,,,
145,2,2,PI472213,PI472213,24.32615367,0.115305344,0.824389212,,,,
226,2,2,ILL1649,ILL1649,24.92535242,0.149252756,0.843425404,,,,
342,2,2,PI431613,PI431613,28.66089722,0.305443584,0.921793003,,,,
420,2,2,W627756,W627756,0,0,0,,,,
417,2,2,W627766,W627766,21.28004783,0.111839015,0.815915208,,,,
69,2,2,PI297767,PI297767,22.98692406,0.15183848,0.837227732,,,,
257,2,2,ILL4791,ILL4791,25.0402673,0.13233167,0.838609444,,,,
241,2,2,ILL7745,ILL7745,24.7229836,0.12985468,0.84189631,,,,
408,2,2,PI432087,PI432087,24.67717959,0.122989682,0.841436458,,,,
139,2,2,PI472590,PI472590,0,0,0,,,,
256,2,2,ILL4778,ILL4778,23.78896958,0.094330582,0.838790535,,,,
378,2,2,PI432286,PI432286,21.20150521,0.132879695,0.826156019,,,,
260,2,2,ILL4830,ILL4830,22.11636248,0.165293335,0.840116578,,,,
224,2,2,PI299117,PI299117,24.18997781,0.127741836,0,,,,
409,2,2,PI432005,PI432005,23.02601548,0.117572027,0.837391483,,,,
230,2,2,ILL4857,ILL4857,22.41681167,0.132504541,0.823773536,,,,
187,2,2,PI339279,ILL550,22.4902984,0.132000132,0.835883389,,,,
156,2,2,PI431873,PI431873,0,0,0,,,,
146,2,2,PI431712,PI431712,22.78681287,0.105112217,0.82438678,,,,
133,2,2,PI472452,PI472452,22.61283139,0.110644102,0.823733578,,,,
58,2,2,ILL211,ILL211,28.32068371,0.170229092,0.843488941,,,,
72,2,2,PI298023,PI298023,22.47345675,0.146071321,0.830748739,,,,
217,2,2,ILL4152,ILL4152,26.13766198,0.216601116,0.888244678,,,,
225,2,2,ILL769,ILL769,21.58747112,0.115207642,0.817054311,,,,
162,2,2,PI431739,PI431739,23.1980634,0.15363658,0.852054458,,,,
98,2,2,PI308614,PI308614,21.99570885,0.116843536,0.821051654,,,,
371,2,2,PI472484,PI472484,22.25197146,0.136658294,0.842672379,,,,
328,2,2,PI299215,PI299215,0,0,0,,,,
50,2,2,ILL1939,ILL1939,27.57537217,0.197353167,0.843050108,,,,
301,2,2,ILL8010,ILL8010,22.33791969,0.113661568,0.823273645,,,,
390,2,2,PI432033,PI432033,20.63722523,0.12467253,0.831582217,,,,
406,2,2,PI518733,PI518733,22.60720477,0.153835874,0.85760121,,,,
17,2,2,ILL10864,ILL10864,26.48432677,0.196306785,0.848471161,,,,
37,2,2,ILL1220,ILL1220,26.03355364,0.156381915,0.836237024,,,,
51,2,2,ILL1940,ILL1940,26.74451578,0.161496923,0.825338135,,,,
446,2,2,W627754,W627754,20.94907823,0.063992611,0.819337738,,,,
80,2,2,PI298922,PI298922,23.86800831,0.147134594,0.834902407,,,,
203,2,2,ILL956,ILL956,24.27682026,0.120703132,0.848902232,,,,
116,2,2,ILL589,ILL589,22.8346627,0.145104478,0.838358253,,,,
105,2,2,PI320944,PI320944,26.45207015,0.212465238,0,,,,
323,2,2,PI211602,ILL213,21.49439614,0.12127989,0.832683214,,,,
422,2,2,W627781,W627781,24.11237178,0.172644295,0.858365217,,,,
31,2,2,PI431640,PI431640,31.32322226,0.245254367,0.87158717,,,,
289,2,2,ILL6644,ILL6644,23.1253639,0.166522322,0.853303214,,,,
330,2,2,PI431622,PI431622,22.4307885,0.111299475,0.824066012,,,,
344,2,2,PI299164,PI299164,25.22048566,0.116044296,0,,,,
384,2,2,PI533688,PI533688,22.92365516,0.116677677,0.836749667,,,,
284,2,2,ILL6281,ILL6281,0,0,0,,,,
402,2,2,PI472559,PI472559,21.9085981,0.088699031,0.823108227,,,,
272,2,2,ILL5424,ILL5424,28.48243121,0.199180386,0.843359743,,,,
303,2,2,PI178939,PI178939,24.84202526,0.144797342,0.837376715,,,,
253,2,2,ILL4606,ILL4606,24.56136381,0.140395857,0.842017573,,,,
209,2,2,ILL1959,ILL1959,23.02895447,0.122985812,0.829513213,,,,
179,2,2,PI229611,ILL223,27.99755146,0.19585394,0.880486502,,,,
275,2,2,ILL5519,ILL5519,23.30015629,0.10922992,0.819323176,,,,
57,2,2,PI339310,PI339310,25.41135192,0.102745607,0.846084539,,,,
277,2,2,ILL5553,ILL5553,23.07174476,0.101456823,0.813306342,,,,
143,2,2,PI518731,PI518731,23.44770394,0.094834692,0.856209049,,,,
228,2,2,ILL4671,ILL4671,23.23809998,0.264059651,0.841123375,,,,
181,2,2,PI289069,ILL257,25.18130353,0.107165159,0.837728341,,,,
67,2,2,PI297287,PI297287,21.51648821,0.086279015,0.829940161,,,,
351,2,2,PI426797,PI426797,22.02115867,0.119939195,0.817566264,,,,
331,2,2,PI420925,PI420925,0,0,0,,,,
201,2,2,PI165586,ILL931,34.55115244,0.275803756,0,,,,
169,2,2,PI432259,PI432259,24.18188872,0.337386578,0.843784633,,,,
124,2,2,PI370481,PI370481,0,0,0,,,,
100,2,2,PI320936,PI320936,21.4283282,0.05599826,0.83177293,,,,
294,2,2,ILL7012,ILL7012,22.60234551,0.092564039,0.823069437,,,,
337,2,2,PI299207,PI299207,23.34906339,0.143760563,0.823258069,,,,
45,2,2,ILL1922,ILL1922,28.52780907,0.20357955,0.861487978,,,,
166,2,2,PI431893,PI431893,21.28811229,0.106670428,0.822401999,,,,
373,2,2,PI472137,PI472137,20.3038893,0.090799218,0.804590861,,,,
438,2,2,PI472632,PI472632,25.26591972,0.169222026,0.851622793,,,,
431,2,2,W627760,W627760,21.43628667,0.073954926,0.829801298,,,,
227,2,2,ILL1890,ILL1890,20.91524537,0.13519945,0.837818293,,,,
366,2,2,PI432245,PI432245,24.08685684,0.123414422,0.830171596,,,,
197,2,2,ILL840,ILL840,23.96363782,0.130933563,0,,,,
212,2,2,ILL2297,ILL2297,28.84413056,0.190340183,0.866566452,,,,
111,2,2,PI329157,PI329157,23.80524482,0.111060027,0.848717627,,,,
398,2,2,PI432085,PI432085,23.63216274,0.125071791,0.828500129,,,,
189,2,2,PI343023,ILL595,23.77256494,0.090421986,0.838260097,,,,
208,2,2,PI379372,ILL1949,22.42128912,0.111915028,0.840601452,,,,
286,2,2,ILL6415,ILL6415,28.28757473,0.193571297,0.875995201,,,,
234,2,2,ILL6750,ILL6750,22.48591062,0.16268627,0.846489138,,,,
107,2,2,ILL513,ILL513,24.31146527,0.120183547,0.85791962,,,,
375,2,2,PI472327,PI472327,21.18634827,0.077310451,0.817233009,,,,
23,2,2,ILL5537,ILL5537,24.57289433,0.127066074,0.827280943,,,,
441,2,2,PI432201,PI432201,22.72694841,0.10359517,0.842723158,,,,
376,2,2,PI432002,PI432002,0,0,0,,,,
157,2,2,PI431624,PI431624,24.04250363,0.105285748,0.84562548,,,,
296,2,2,ILL7650,ILL7650,23.32819717,0.112921033,0.848815528,,,,
353,2,2,PI429369,PI429369,24.56631026,0.097449228,0,,,,
153,2,2,PI472354,PI472354,28.58856203,0.205387269,0,,,,
321,2,2,PI251248,PI251248,25.45582852,0.134466452,0.819013542,,,,
47,2,2,PI368651,PI368651,26.39797886,0.154596862,0.860231997,,,,
40,2,2,ILL186,ILL186,26.03129275,0.172970361,0,,,,
280,2,2,ILL5639,ILL5639,25.32346356,0.104919501,0.842492339,,,,
140,2,2,PI472195,PI472195,23.45712692,0.121255284,0.826322181,,,,
405,2,2,W627762,W627762,26.11543337,0.176242618,0,,,,
93,2,2,PI299366,PI299366,23.20422482,0.124384374,0.831045061,,,,
239,2,2,ILL7495,ILL7495,23.94978416,0.313443285,0.849138582,,,,
276,2,2,ILL5533,ILL5533,28.43368687,0.21503947,0,,,,
403,2,2,PI472143,PI472143,25.04812135,0.145820305,0.853390275,,,,
413,2,2,PI472564,PI472564,0,0,0,,,,
236,2,2,ILL7090,ILL7090,21.45230249,0.11033791,0.821725942,,,,
89,2,2,ILL435,ILL435,27.17551897,0.171383543,0,,,,
424,2,2,PI432237,PI432237,20.61723324,0.132030516,0.817012921,,,,
150,2,2,PI431753,PI431753,23.33594514,0.13454977,0.837768175,,,,
20,2,2,ILL10947,ILL10947,0,0,0,,,,
298,2,2,ILL7979,ILL7979,21.30583521,0.282905204,0.817477239,,,,
106,2,2,PI320945,PI320945,22.42646368,0.138713937,0.843416253,,,,
244,2,2,ILL5956,ILL5956,22.14205982,0.131031485,0.852233766,,,,
142,2,2,PI468901,PI468901,21.25911107,0.083440818,0.824842338,,,,
125,2,2,PI431656,PI431656,24.52992548,0.134273947,0.834999454,,,,
232,2,2,ILL6149,ILL6149,21.84464912,0.094071525,0.829765189,,,,
192,2,2,PI345638,ILL619,23.8929265,0.134226452,0.852076652,,,,
75,2,2,PI298357,PI298357,22.22279842,0.090456609,0.832093512,,,,
44,2,2,PI290716,PI290716,23.47549293,0.083590847,0.849799272,,,,
104,2,2,PI320941,PI320941,22.72098158,0.130289713,0.842222313,,,,
250,2,2,ILL86,ILL86,23.84327515,0.137750979,0.845533202,,,,
249,2,2,ILL7774,ILL7774,27.03411773,0.149442354,0.859757546,,,,
21,2,2,ILL1460,ILL1460,24.12094571,0.065979905,0.829016518,,,,
297,2,2,ILL7978,ILL7978,25.33609759,0.101254511,0.855591453,,,,
85,2,2,ILL360,ILL360,0,0,0,,,,
421,2,2,PI472224,PI472224,20.87418579,0.115451693,0.828391691,,,,
349,2,2,PI431618,PI431618,22.66972076,0.082369067,0.82930699,,,,
109,2,2,PI320953,PI320953,24.84672314,0.107363434,0,,,,
33,2,2,PI329167,PI329167,29.61926404,0.218122305,0.851421149,,,,
172,2,2,W627768,W627768,24.03003039,0.132820011,0.838842936,,,,
188,2,2,PI339285,ILL556,26.17569701,0.092807889,0.859304126,,,,
207,2,2,ILL1861,ILL1861,0,0,0,,,,
365,2,2,PI431987,PI431987,22.77215303,0.106229715,0.82890947,,,,
279,2,2,ILL5626,ILL5626,21.75713497,0.149593765,0.830315755,,,,
170,2,2,PI472380,PI472380,22.94044101,0.300657242,0.83583434,,,,
388,2,2,W627782,W627782,24.00808917,0.129430951,0.8346149,,,,
287,2,2,ILL6493,ILL6493,25.33255971,0.199923711,0,,,,
49,2,2,ILL1938,ILL1938,23.93514082,0.126628262,0.831328003,,,,
346,2,2,PI339283,PI339283,21.15892955,0.27699884,0.832190688,,,,
